{"type":"FeatureCollection","features":[{"type":"Feature","properties":{},"geometry":{"type":"LineString","coordinates":[[-128.06196,50],[-128.44388,50.53868],[-128.35748,50.77056],[-126.69427,50.40159],[-125.75466,50.29496],[-125.46558,50]]}},{"type":"Feature","properties":{},"geometry":{"type":"LineString","coordinates":[[-56.13356,50.68763],[-56.65409,50]]}},{"type":"Feature","properties":{},"geometry":{"type":"LineString","coordinates":[[-56.43338,50],[-56.14436,50.1494],[-55.67276,50]]}},{"type":"Feature","properties":{},"geometry":{"type":"LineString","coordinates":[[-57.82341,50],[-57.35757,50.71809],[-56.73837,51.28679],[-55.87076,51.63208],[-55.40635,51.58807],[-56.13356,50.68763]]}},{"type":"Feature","properties":{},"geometry":{"type":"LineString","coordinates":[[-132.70993,54.04059],[-131.74872,54.12014],[-132.05112,52.98443],[-131.17991,52.18047],[-131.57952,52.18216],[-132.18072,52.63915],[-132.55153,53.09952],[-133.05553,53.41096],[-133.23913,53.85102],[-133.18153,54.16922],[-132.70993,54.04059]]}},{"type":"Feature","properties":{},"geometry":{"type":"LineString","coordinates":[[143.64684,50.74687],[144.07208,50]]}},{"type":"Feature","properties":{},"geometry":{"type":"LineString","coordinates":[[142.14831,50],[142.18162,50.95167],[141.59482,51.93504],[141.68122,53.30263],[142.60643,53.76132],[142.21042,54.22508],[142.65323,54.36556],[143.26163,52.7407],[143.23643,51.75733],[143.64684,50.74687]]}},{"type":"Feature","properties":{},"geometry":{"type":"LineString","coordinates":[[-6.78787,52.26002],[-8.56269,51.66931],[-9.9775,51.81995],[-9.16749,52.86426],[-9.6895,53.88149],[-7.57268,55.13229],[-6.73387,55.17291],[-5.66106,54.55513],[-6.19746,53.86795],[-6.03186,53.15369],[-6.78787,52.26002]]}},{"type":"Feature","properties":{},"geometry":{"type":"LineString","coordinates":[[12.68833,55.60959],[12.09072,54.80055],[11.04311,55.36417],[10.90271,55.78054],[12.37152,56.11059],[12.68833,55.60959]]}},{"type":"Feature","properties":{},"geometry":{"type":"LineString","coordinates":[[-153.00693,57.11597],[-154.00414,56.73514],[-154.51535,56.99241],[-154.67015,57.46125],[-153.76294,57.81669],[-153.23013,57.96902],[-152.56413,57.90131],[-152.14292,57.59158],[-153.00693,57.11597]]}},{"type":"Feature","properties":{},"geometry":{"type":"LineString","coordinates":[[-3.00423,58.63419],[-4.07344,57.55265],[-3.05463,57.68974],[-1.96022,57.68467],[-2.21942,56.87055],[-3.11943,55.97349],[-2.08622,55.90917],[-1.11421,54.62452],[-0.4302,54.46373],[0.1854,53.32464],[0.4698,52.93027],[1.68302,52.73901],[1.56062,52.09922],[1.04941,51.80641],[1.44901,51.29018],[0.54901,50.76549],[-0.78661,50.77564],[-2.48942,50.49975],[-2.95743,50.69609],[-3.61624,50.22895],[-4.54145,50.34235],[-5.16973,50]]}},{"type":"Feature","properties":{},"geometry":{"type":"LineString","coordinates":[[-5.35062,50],[-5.77626,50.15955],[-4.31104,51.21063],[-3.41463,51.42558],[-4.98425,51.59315],[-5.26865,51.9909],[-4.22104,52.30064],[-4.76825,52.84056],[-4.58105,53.49558],[-3.09063,53.40419],[-2.94663,53.98473],[-3.63064,54.61436],[-4.84385,54.79039],[-5.08145,55.0612],[-4.71785,55.50804],[-5.04905,55.78392],[-5.58546,55.3117],[-5.64666,56.27476],[-6.15066,56.78422],[-5.78706,57.81838],[-5.00945,58.63081],[-4.21024,58.55126],[-3.00423,58.63419]]}},{"type":"Feature","properties":{},"geometry":{"type":"LineString","coordinates":[[-165.57826,59.91038],[-166.19386,59.75467],[-166.84907,59.94085],[-167.45387,60.21335],[-166.46746,60.3843],[-165.67546,60.2929],[-165.57826,59.91038]]}},{"type":"Feature","properties":{},"geometry":{"type":"LineString","coordinates":[[-79.26739,62.1581],[-79.6562,61.63341],[-80.099,61.71803],[-80.3618,62.01592],[-80.315,62.08532],[-79.9298,62.3849],[-79.5194,62.3629],[-79.26739,62.1581]]}},{"type":"Feature","properties":{},"geometry":{"type":"LineString","coordinates":[[-81.89902,62.71157],[-83.06903,62.15979],[-83.77464,62.18179],[-83.99424,62.4526],[-83.24903,62.91467],[-81.87742,62.90452],[-81.89902,62.71157]]}},{"type":"Feature","properties":{},"geometry":{"type":"LineString","coordinates":[[-171.73072,63.78295],[-171.11511,63.5917],[-170.4923,63.69494],[-169.6823,63.4309],[-168.68869,63.29719],[-168.77149,63.18887],[-169.5311,62.9773],[-170.2907,63.19394],[-170.67231,63.37505],[-171.55432,63.3175],[-171.79192,63.40551],[-171.73072,63.78295]]}},{"type":"Feature","properties":{},"geometry":{"type":"LineString","coordinates":[[-85.16065,65.65662],[-84.97705,65.21824],[-84.46224,65.37227],[-83.88264,65.10992],[-82.78823,64.76633],[-81.64342,64.4549],[-81.55342,63.97929],[-80.81901,64.05715],[-80.1026,63.72541],[-80.99181,63.41059],[-82.54703,63.65094],[-83.10863,64.10116],[-84.09864,63.56969],[-85.52426,63.05177],[-85.86626,63.63739],[-87.22347,63.54092],[-86.35226,64.03515],[-86.22626,64.82219],[-85.88426,65.73955],[-85.16065,65.65662]]}},{"type":"Feature","properties":{},"geometry":{"type":"LineString","coordinates":[[-14.50995,66.4555],[-14.74035,65.80895],[-13.60994,65.12685],[-14.90955,64.3635],[-18.65719,63.49691],[-22.76123,63.96067],[-21.77842,64.40243],[-23.95644,64.89158],[-22.18522,65.08453],[-22.22842,65.37904],[-24.32724,65.61092],[-23.65044,66.26255],[-22.13482,66.40981],[-20.57601,65.73278],[-19.05679,66.27609],[-17.80038,65.99344],[-16.16956,66.52659],[-14.50995,66.4555]]}},{"type":"Feature","properties":{},"geometry":{"type":"LineString","coordinates":[[-75.86536,67.14945],[-76.98857,67.09868],[-77.23697,67.58783],[-76.81217,68.14806],[-75.89416,68.28685],[-75.11295,68.01097],[-75.10215,67.58275],[-75.21735,67.44396],[-75.86536,67.14945]]}},{"type":"Feature","properties":{},"geometry":{"type":"LineString","coordinates":[[-180,68.96388],[-177.54838,68.20053],[-174.92755,67.20531],[-175.01395,66.58414],[-174.34074,66.33533],[-174.57115,67.06144],[-171.85672,66.9125],[-169.8983,65.97651],[-170.89191,65.54152],[-172.52993,65.43828],[-172.55513,64.45998],[-172.95473,64.25349],[-173.89074,64.28226],[-174.65395,64.63093],[-175.98236,64.92205],[-176.20556,65.35703],[-177.22437,65.51952],[-178.35838,65.39089],[-178.90199,65.74125],[-178.68599,66.11192],[-179.8848,65.87496],[-179.43119,65.40443],[-180,64.97959],[179.9928,64.97452],[178.70759,64.53445],[177.41157,64.60892],[178.31158,64.07577],[178.90919,63.25149],[179.36999,62.98237],[179.48519,62.56939],[179.22959,62.30366],[177.36477,62.522],[174.56755,61.76881],[173.67834,61.65202],[172.14832,60.94961],[170.69751,60.33691],[170.3303,59.88161],[168.90109,60.57386],[166.29466,59.78852],[165.84106,60.16088],[164.87625,59.73097],[163.54064,59.86807],[163.21663,59.21135],[162.01782,58.24321],[162.05382,57.83869],[163.19143,57.61527],[163.05823,56.15967],[162.12942,56.12243],[161.70102,55.28631],[162.11862,54.85471],[160.369,54.34525],[160.0234,53.20277],[158.52939,52.95904],[158.23058,51.94351],[156.79057,51.01091],[156.41976,51.69978],[155.99136,53.15876],[155.43335,55.38109],[155.91576,56.7673],[156.75817,57.36477],[156.81217,57.83192],[158.36378,58.05534],[160.1494,59.3146],[161.87382,60.34368],[163.67024,61.14087],[164.47304,62.55077],[163.25983,62.46614],[162.65863,61.64187],[160.1206,60.54509],[159.30339,61.77389],[156.72217,61.43368],[154.21654,59.75805],[155.04455,59.14534],[152.81253,58.88469],[151.26451,58.78144],[151.33651,59.50417],[149.7849,59.6565],[148.54649,59.16396],[145.48645,59.3366],[142.19962,59.04041],[135.12555,54.72946],[136.70237,54.60421],[137.19197,53.97796],[138.16398,53.75455],[138.80479,54.25554],[139.9028,54.18953],[141.34641,53.08937],[141.37881,52.23971],[140.59761,51.2394],[140.50172,50]]}},{"type":"Feature","properties":{},"geometry":{"type":"LineString","coordinates":[[0.95772,50],[1.33741,50.12739],[1.63982,50.94659],[3.31383,51.34603],[3.82864,51.62023],[4.70705,53.09275],[6.07506,53.51082],[6.90667,53.48204],[7.10107,53.69361],[7.93628,53.74777],[8.12348,53.52774],[8.80029,54.02028],[8.57349,54.39602],[8.52669,54.96303],[8.11988,55.51819],[8.09108,56.5405],[8.25668,56.80961],[8.54469,57.11089],[9.42309,57.17182],[9.7759,57.44771],[10.57871,57.73037],[10.54631,57.21583],[10.2511,56.89086],[10.3699,56.60989],[10.91351,56.45925],[10.66871,56.08181],[10.3699,56.19014],[9.6499,55.4708],[9.9235,54.98334],[9.9379,54.59744],[10.94951,54.36387],[10.93871,54.00843],[11.95752,54.1963],[12.51913,54.4705],[13.64594,54.07613],[14.12114,53.75624],[14.80155,54.05074],[17.62398,54.85132],[18.62119,54.68207],[18.69679,54.43834],[19.6616,54.42649],[19.8884,54.86656],[21.26721,55.18983],[21.05481,56.03104],[21.09081,56.78422],[21.58042,57.41216],[22.52363,57.75406],[23.31923,57.00595],[24.12204,57.02626],[24.42804,58.38369],[24.06084,58.25675],[23.42723,58.61219],[23.34083,59.18766],[24.60445,59.46524],[25.86446,59.6108],[26.94807,59.44662],[27.98128,59.47539],[29.11889,60.02886],[28.07128,60.50278],[26.25686,60.42323],[24.49644,60.05763],[22.86923,59.84606],[22.28962,60.39107],[21.32121,60.72112],[21.54442,61.70449],[21.05841,62.60832],[21.53722,63.19056],[22.44442,63.8185],[24.73045,64.90174],[25.39645,65.11161],[25.29565,65.53475],[23.90244,66.00698],[22.18162,65.72432],[21.21321,65.02529],[21.36801,64.41428],[19.7804,63.61031],[17.84718,62.7488],[17.11997,61.34059],[17.83278,60.63649],[18.78679,60.08133],[17.86878,58.95409],[16.82837,58.72051],[16.44676,57.04149],[15.88156,56.10382],[14.66835,56.20029],[14.09954,55.40817],[12.94393,55.36248],[12.62353,56.30692],[11.78832,57.44263],[11.02871,58.85592],[10.3555,59.47032],[8.38268,58.31261],[7.05067,58.07903],[5.66466,58.58849],[5.30825,59.66327],[4.99145,61.97192],[5.91306,62.61509],[8.55189,63.4546],[10.52831,64.48537],[12.35712,65.88003],[14.76195,67.81124],[19.18279,69.81693],[21.37881,70.2553],[23.02403,70.20283],[24.54685,71.03049],[26.36846,70.98648],[28.16488,71.18621],[31.29331,70.45333],[30.0045,70.1859],[31.10251,69.55796],[32.13212,69.90663],[33.77374,69.3007],[36.51337,69.06374],[40.2934,67.93311],[41.06021,67.4575],[41.12501,66.79232],[40.0162,66.26594],[38.38178,66.00021],[33.91774,66.76017],[33.18333,66.63322],[34.81415,65.90035],[34.94375,64.41428],[36.23256,64.10962],[37.01377,63.85066],[37.14337,64.33473],[36.51697,64.77987],[37.17577,65.14377],[39.595,64.52091],[40.4374,64.76464],[39.7642,65.49752],[42.09342,66.47582],[43.01503,66.41827],[43.95104,66.0696],[44.53065,66.75678],[43.69904,67.35256],[44.18864,67.95003],[43.45423,68.5712],[46.25146,68.24962],[46.82027,67.68938],[45.55666,67.56582],[45.56386,67.01066],[46.34866,66.66707],[47.89308,66.88372],[48.13788,67.52182],[50.2295,67.99912],[53.71794,68.85725],[54.47034,68.80816],[53.48753,68.20053],[54.72595,68.09729],[55.44235,68.43918],[57.31797,68.46626],[58.80119,68.88094],[59.9424,68.27839],[61.07641,68.94018],[60.0288,69.52073],[60.55081,69.85078],[63.50284,69.54781],[64.88885,69.23469],[68.51049,68.09221],[69.18009,68.61521],[68.16488,69.14498],[68.13608,69.35655],[66.93007,69.45472],[67.26127,69.92864],[66.72487,70.7089],[66.69607,71.0288],[68.53929,71.93432],[69.19449,72.84322],[69.9397,73.03956],[72.58573,72.77552],[72.79453,72.22036],[71.84772,71.40962],[72.47052,71.08973],[72.79093,70.3907],[72.56413,69.02142],[73.66934,68.40872],[73.23733,67.74016],[71.27891,66.3201],[72.42372,66.17285],[72.81973,66.53336],[73.92134,66.78894],[74.18774,67.28486],[75.05175,67.76047],[74.46854,68.32917],[74.93655,68.98927],[73.84214,69.0722],[73.60094,69.62736],[74.40014,70.63274],[73.10053,71.44686],[74.88975,72.1205],[74.65935,72.83307],[75.15975,72.85507],[75.68176,72.29991],[75.28935,71.33515],[76.35856,71.15235],[75.90136,71.87338],[77.57538,72.26775],[79.6526,72.32022],[81.49941,71.74983],[80.61021,72.58257],[80.50941,73.64888],[82.25182,73.85029],[84.65665,73.80629],[86.82387,73.93661],[86.01026,74.45961],[87.16587,75.11633],[88.31428,75.14341],[90.2583,75.63933],[92.90073,75.77304],[93.23553,76.04723],[95.85996,76.14033],[96.67717,75.91521],[98.92359,76.44668],[100.75961,76.42975],[101.03681,76.86136],[101.99082,77.28788],[104.35244,77.69748],[106.06606,77.3742],[104.70525,77.12709],[106.96967,76.97476],[107.23967,76.48053],[108.15408,76.72257],[111.07731,76.71072],[113.33093,76.22157],[114.13374,75.84751],[113.88534,75.3279],[112.78013,75.0317],[110.1521,74.47654],[109.39969,74.18034],[110.64171,74.03986],[112.11772,73.78767],[113.01773,73.97724],[113.52894,73.33576],[113.96814,73.59472],[115.56656,73.75212],[118.77779,73.58795],[119.01899,73.1208],[123.20223,72.97186],[123.25623,73.7352],[125.38025,73.56087],[126.97507,73.56594],[128.59149,73.03787],[129.05229,72.39808],[128.45828,71.98002],[129.7147,71.19298],[131.28791,70.78676],[132.25272,71.83615],[133.85834,71.38593],[135.56116,71.65504],[137.49797,71.347],[138.23238,71.62796],[139.8704,71.48748],[139.14679,72.4167],[140.468,72.84999],[149.5005,72.20005],[150.3501,71.60596],[152.96733,70.84262],[157.00657,71.03218],[158.99739,70.86631],[159.829,70.45333],[159.7102,69.72214],[160.94141,69.43779],[162.28062,69.64259],[164.05184,69.66798],[165.94186,69.47164],[167.83548,69.58335],[169.5779,68.69307],[170.81631,69.01296],[170.0099,69.65275],[170.4527,70.09789],[173.64234,69.81693],[175.72316,69.87786],[178.59959,69.40056],[-180,68.96388]]}},{"type":"Feature","properties":{},"geometry":{"type":"LineString","coordinates":[[-95.64756,69.10774],[-96.27036,68.75738],[-97.61678,69.06035],[-98.43038,68.95034],[-99.7984,69.40056],[-98.91639,69.7103],[-98.21798,70.14359],[-96.55837,69.67983],[-95.64756,69.10774]]}},{"type":"Feature","properties":{},"geometry":{"type":"LineString","coordinates":[[-180,71.51626],[180,70.83246],[178.90199,70.78168],[178.72559,71.09819],[-180,71.51626]]}},{"type":"Feature","properties":{},"geometry":{"type":"LineString","coordinates":[[-180,71.51626],[-179.8704,71.55688],[-179.02439,71.55518],[-177.57718,71.26914],[-177.66358,71.13204],[-178.69319,70.89339],[-180,70.83246]]}},{"type":"Feature","properties":{},"geometry":{"type":"LineString","coordinates":[[-90.54631,69.49703],[-90.54991,68.47473],[-89.21429,69.25838],[-88.01908,68.61521],[-88.31788,67.87387],[-87.34947,67.19854],[-86.30546,67.92126],[-85.57826,68.78447],[-85.52066,69.88124],[-84.10224,69.80508],[-82.62263,69.65783],[-81.27981,69.16191],[-81.21861,68.66599],[-81.96382,68.13283],[-81.25821,67.59798],[-81.38781,67.11053],[-83.34623,66.4115],[-84.73585,66.25748],[-85.76906,66.55875],[-86.06786,66.05606],[-87.03267,65.21317],[-87.32427,64.77649],[-88.48348,64.09946],[-89.9127,64.03345],[-90.70471,63.61031],[-90.76951,62.96037],[-91.93232,62.83512],[-93.15633,62.02439],[-94.23994,60.89883],[-94.62875,60.1101],[-94.68275,58.94901],[-93.21393,58.78144],[-92.76393,57.84546],[-92.29592,57.08719],[-90.89911,57.28522],[-89.03789,56.85193],[-88.04068,56.4711],[-87.32427,55.99888],[-86.07146,55.72468],[-85.01305,55.30324],[-83.36063,55.24569],[-82.27342,55.14752],[-82.43542,54.28262],[-82.12582,53.27724],[-81.40221,52.15846],[-79.9118,51.20894],[-79.14139,51.53391],[-78.60139,52.56129],[-79.12339,54.14214],[-79.829,54.66853],[-78.22698,55.13567],[-77.09657,55.83808],[-76.54217,56.53373],[-76.62137,57.20229],[-77.30177,58.05195],[-78.51859,58.80514],[-77.33777,59.85283],[-77.77338,60.75835],[-78.10818,62.31889],[-77.40977,62.55077],[-75.69616,62.27827],[-74.66655,62.18179],[-73.83854,62.44414],[-72.90973,62.10563],[-71.67852,61.52508],[-71.37251,61.13749],[-69.5905,61.06132],[-69.6193,60.22181],[-69.28809,58.95747],[-68.37368,58.80175],[-67.65008,58.21274],[-66.20286,58.7679],[-65.24525,59.87145],[-64.58285,60.33521],[-63.80524,59.44323],[-62.50203,58.16705],[-61.39681,56.96702],[-61.80002,56.33908],[-60.468,55.77546],[-59.568,55.20338],[-57.97678,54.94611],[-57.33237,54.62621],[-56.93637,53.77993],[-56.15876,53.64791],[-55.75556,53.27047],[-55.68356,52.14661],[-57.12717,51.42051],[-58.77599,51.06507],[-60.0324,50.24249],[-61.72442,50.08],[-63.86284,50.29157],[-65.36405,50.29834],[-66.39726,50.22895],[-66.66486,50]]}},{"type":"Feature","properties":{},"geometry":{"type":"LineString","coordinates":[[-124.93319,50],[-125.62506,50.41682],[-127.43587,50.8315],[-127.99388,51.7167],[-127.84988,52.32941],[-129.13149,52.75594],[-129.30429,53.56159],[-130.51391,54.2877],[-130.53551,54.80224],[-131.08631,55.17968],[-131.96832,55.49788],[-132.24912,56.36955],[-133.53794,57.17859],[-134.07794,58.12304],[-135.03915,58.18736],[-136.62677,58.21274],[-137.80038,58.50048],[-139.8668,59.53802],[-142.57403,60.08471],[-143.96004,60.00009],[-145.92566,60.45877],[-147.11367,60.88529],[-148.22608,60.67372],[-148.01728,59.97808],[-148.57169,59.91377],[-149.7273,59.70558],[-150.60931,59.36876],[-151.71452,59.1555],[-151.85852,59.74451],[-151.40851,60.72619],[-150.3465,61.03424],[-150.62011,61.28474],[-151.89452,60.72789],[-152.57853,60.06102],[-154.01854,59.35014],[-153.28773,58.86438],[-154.23094,58.14673],[-155.30735,57.72867],[-156.30816,57.42232],[-156.55657,56.98056],[-158.11898,56.46433],[-158.43218,55.9938],[-159.6022,55.56728],[-160.2898,55.64344],[-162.23742,55.02396],[-163.06903,54.69053],[-164.78625,54.40449],[-164.94105,54.57205],[-163.84664,55.0392],[-162.87103,55.34724],[-161.80542,55.89563],[-160.56341,56.00734],[-160.0702,56.41863],[-158.68419,57.01611],[-158.46098,57.21752],[-157.72298,57.56957],[-157.55018,58.32784],[-157.04257,58.91854],[-158.19458,58.61557],[-158.51859,58.78821],[-159.05859,58.42431],[-159.7102,58.93208],[-159.9802,58.57326],[-160.3546,59.07087],[-161.35541,58.67143],[-161.96742,58.67143],[-162.05382,59.26721],[-161.87382,59.63449],[-162.51823,59.98993],[-163.81784,59.79867],[-164.66385,60.26751],[-165.34785,60.50785],[-165.35145,61.07317],[-166.12186,61.49969],[-165.73306,62.07516],[-164.91945,62.63371],[-164.56305,63.14655],[-163.75304,63.21933],[-163.06543,63.06023],[-162.25902,63.54261],[-161.53542,63.45629],[-160.77221,63.76603],[-160.95941,64.22302],[-161.51742,64.40243],[-160.77941,64.78833],[-161.39141,64.77649],[-162.45342,64.55984],[-162.75943,64.33811],[-163.54784,64.55984],[-164.95905,64.44644],[-166.42426,64.68678],[-166.84547,65.08961],[-168.10908,65.67016],[-166.70507,66.08822],[-164.47304,66.57737],[-163.65224,66.57737],[-163.78904,66.07806],[-161.67942,66.1153],[-162.48942,66.73478],[-163.72064,67.1173],[-164.42984,67.6166],[-165.39105,68.04312],[-166.76267,68.35963],[-166.20466,68.88263],[-164.42984,68.91479],[-163.16983,69.37178],[-162.93223,69.85755],[-161.90982,70.33316],[-160.93421,70.44825],[-159.04059,70.8917],[-158.11898,70.824],[-156.58177,71.35715],[-155.06615,71.14728],[-154.34254,70.69706],[-153.89974,70.89001],[-152.21132,70.83077],[-152.26892,70.60058],[-150.73891,70.42963],[-149.7201,70.52949],[-147.61408,70.21468],[-145.69166,70.11989],[-144.92125,69.98957],[-143.58924,70.15205],[-142.07362,69.85247],[-139.12159,69.47164],[-137.54478,68.99096],[-136.50437,68.89787],[-135.62596,69.31593],[-134.41634,69.62736],[-132.92953,69.5055],[-131.43191,69.94387],[-129.7939,70.19437],[-129.10629,69.77969],[-128.36108,70.01326],[-128.13788,70.48379],[-127.44667,70.37716],[-125.75466,69.48011],[-124.42624,70.15882],[-124.28944,69.40056],[-123.06183,69.56304],[-122.68383,69.85586],[-121.47061,69.79831],[-119.9442,69.37855],[-117.60418,69.01127],[-116.22536,68.84201],[-115.24615,68.90633],[-113.89614,68.39856],[-115.30375,67.90264],[-113.49653,67.68769],[-110.79651,67.80617],[-109.9469,67.9805],[-108.88129,67.38133],[-107.79408,67.88741],[-108.81289,68.31224],[-108.16848,68.65414],[-106.95167,68.69984],[-106.14886,68.7997],[-105.34245,68.56105],[-104.33804,68.01774],[-103.22203,68.09729],[-101.45441,67.64707],[-99.9028,67.80617],[-98.44478,67.78247],[-98.55999,68.40364],[-97.67078,68.57797],[-96.11916,68.23946],[-96.12636,67.29332],[-95.48915,68.09052],[-94.68635,68.06344],[-94.23274,69.06882],[-95.30555,69.68491],[-96.47196,70.08943],[-96.39276,71.19467],[-95.20835,71.92078],[-93.89074,71.75998],[-92.87913,71.31823],[-91.51832,70.19098],[-92.40752,69.70014],[-90.54631,69.49703]]}},{"type":"Feature","properties":{},"geometry":{"type":"LineString","coordinates":[[-114.16614,73.1208],[-114.66655,72.65196],[-112.44172,72.95493],[-111.05211,72.45055],[-109.9217,72.9617],[-109.00729,72.63334],[-108.19008,71.65166],[-107.68608,72.06464],[-108.39528,73.09033],[-107.51688,73.23589],[-106.52327,73.07679],[-105.40365,72.67227],[-104.77365,71.69905],[-104.46404,70.99325],[-102.78643,70.49733],[-100.97921,70.02511],[-101.09081,69.58505],[-102.73243,69.5038],[-102.09162,69.11959],[-102.43002,68.75231],[-104.24084,68.90971],[-105.96166,69.18052],[-107.12087,69.11959],[-109.00009,68.77939],[-113.31293,68.53566],[-113.85654,69.00788],[-115.22095,69.28039],[-116.10656,69.16868],[-117.34137,69.96079],[-116.67537,70.06573],[-115.13095,70.23668],[-113.71974,70.19267],[-112.41652,70.36701],[-114.34974,70.60058],[-116.48816,70.52103],[-117.90658,70.54134],[-118.43218,70.90863],[-116.11376,71.30976],[-117.65458,71.29453],[-119.40059,71.55857],[-118.56179,72.30837],[-117.86698,72.70612],[-115.18855,73.31375],[-114.16614,73.1208]]}},{"type":"Feature","properties":{},"geometry":{"type":"LineString","coordinates":[[-104.50005,73.42038],[-105.37845,72.76029],[-106.94087,73.45931],[-106.59887,73.59979],[-105.25965,73.64042],[-104.50005,73.42038]]}},{"type":"Feature","properties":{},"geometry":{"type":"LineString","coordinates":[[-76.34056,73.10218],[-76.25056,72.8263],[-78.39258,72.87707],[-79.48699,72.74167],[-79.775,72.8026],[-80.87661,73.33237],[-80.83341,73.69289],[-80.3546,73.7589],[-78.06498,73.65226],[-76.34056,73.10218]]}},{"type":"Feature","properties":{},"geometry":{"type":"LineString","coordinates":[[-86.56107,73.15804],[-85.77266,72.53348],[-84.85105,73.34083],[-82.31662,73.75043],[-80.59941,72.71628],[-80.75061,72.06126],[-78.77059,72.35238],[-77.82378,72.75013],[-75.60616,72.24406],[-74.22734,71.76675],[-74.09774,71.33007],[-72.24372,71.55688],[-71.19971,70.92047],[-68.78769,70.52442],[-67.91648,70.12159],[-66.96967,69.1856],[-68.80569,68.72015],[-66.45126,68.06682],[-64.86365,67.84679],[-63.42363,66.92773],[-61.85042,66.86172],[-62.16362,66.161],[-63.91684,64.99821],[-65.14805,65.42643],[-66.72127,66.3878],[-68.01368,66.26255],[-68.13968,65.69047],[-67.08847,65.10823],[-65.73126,64.64785],[-65.32085,64.38212],[-64.66925,63.39367],[-65.01485,62.67433],[-66.27486,62.94514],[-68.78409,63.74572],[-66.32886,62.27996],[-66.16686,61.9313],[-68.87769,62.33074],[-71.02331,62.91129],[-72.23652,63.39705],[-71.88732,63.67971],[-74.83575,64.67832],[-74.81775,64.38889],[-77.70858,64.22979],[-78.55459,64.57338],[-77.89578,65.30964],[-76.01656,65.32657],[-73.96094,65.4552],[-74.29214,65.81233],[-73.94654,66.30994],[-72.65053,67.28486],[-72.92773,67.72662],[-73.31293,68.07021],[-74.84295,68.55428],[-76.86977,68.89448],[-76.22896,69.14837],[-77.28737,69.76953],[-78.16938,69.82708],[-78.95779,70.16729],[-79.49419,69.87109],[-81.30501,69.74245],[-84.94465,69.96587],[-87.06147,70.26038],[-88.68149,70.41101],[-89.5131,70.76137],[-88.46908,71.21836],[-89.8875,71.22175],[-90.2043,72.23559],[-89.43749,73.12926],[-88.40788,73.53717],[-85.82666,73.80459],[-86.56107,73.15804]]}},{"type":"Feature","properties":{},"geometry":{"type":"LineString","coordinates":[[-100.3564,73.84352],[-99.16479,73.63365],[-97.37917,73.76059],[-97.11997,73.46947],[-98.05238,72.99047],[-96.54037,72.56056],[-96.72037,71.66012],[-98.35838,71.27253],[-99.32319,71.35715],[-100.0144,71.73798],[-102.49842,72.50979],[-102.48042,72.82968],[-100.4392,72.70612],[-101.54082,73.35945],[-100.3564,73.84352]]}},{"type":"Feature","properties":{},"geometry":{"type":"LineString","coordinates":[[143.60364,73.2122],[142.08802,73.20543],[140.0396,73.31714],[139.8632,73.36961],[140.81001,73.76567],[142.06282,73.85706],[143.48123,73.47455],[143.60364,73.2122]]}},{"type":"Feature","properties":{},"geometry":{"type":"LineString","coordinates":[[-93.19593,72.77213],[-94.26874,72.02402],[-95.40995,72.06126],[-96.03276,72.9397],[-96.01836,73.43731],[-95.49635,73.86214],[-94.50275,74.13464],[-92.41832,74.10079],[-90.51031,73.85706],[-92.00432,72.96678],[-93.19593,72.77213]]}},{"type":"Feature","properties":{},"geometry":{"type":"LineString","coordinates":[[-120.459,71.39947],[-123.09063,70.90186],[-123.61984,71.34023],[-125.92746,71.86831],[-124.80785,73.02263],[-123.94024,73.67934],[-124.91945,74.29205],[-121.53902,74.44946],[-120.1098,74.24127],[-117.55738,74.18542],[-116.58537,73.89599],[-115.51256,73.47455],[-116.76897,73.22235],[-119.22059,72.51994],[-120.459,71.81922],[-120.459,71.39947]]}},{"type":"Feature","properties":{},"geometry":{"type":"LineString","coordinates":[[150.73171,75.08417],[149.5761,74.68811],[147.97768,74.77782],[146.12006,75.17218],[146.35766,75.49715],[148.22248,75.34652],[150.73171,75.08417]]}},{"type":"Feature","properties":{},"geometry":{"type":"LineString","coordinates":[[-93.61354,74.97923],[-94.15714,74.59163],[-95.60796,74.66611],[-96.82117,74.92845],[-96.28836,75.37867],[-94.85195,75.64779],[-93.97714,75.29574],[-93.61354,74.97923]]}},{"type":"Feature","properties":{},"geometry":{"type":"LineString","coordinates":[[145.08685,75.56316],[144.29844,74.82013],[140.61561,74.84721],[138.95599,74.61194],[136.97597,75.26189],[137.51238,75.94907],[138.82999,76.13694],[141.47241,76.09293],[145.08685,75.56316]]}},{"type":"Feature","properties":{},"geometry":{"type":"LineString","coordinates":[[-98.49878,76.71918],[-97.73558,76.25711],[-97.70318,75.74427],[-98.16038,74.99954],[-99.8092,74.89799],[-100.88201,75.05709],[-100.86401,75.64102],[-102.50203,75.56316],[-102.56683,76.33666],[-101.49041,76.3062],[-99.982,76.6464],[-98.57799,76.58885],[-98.49878,76.71918]]}},{"type":"Feature","properties":{},"geometry":{"type":"LineString","coordinates":[[-108.21168,76.20126],[-107.81928,75.84582],[-106.93007,76.01338],[-105.88246,75.96938],[-105.70606,75.48023],[-106.31446,75.00462],[-109.6985,74.8506],[-112.22212,74.4173],[-113.74494,74.3936],[-113.87094,74.72027],[-111.79372,75.16203],[-116.31176,75.04355],[-117.71218,75.22296],[-116.34776,76.19956],[-115.40455,76.47884],[-112.58933,76.14202],[-110.81451,75.54962],[-109.06849,75.47346],[-110.4977,76.42975],[-109.5797,76.79365],[-108.55009,76.67856],[-108.21168,76.20126]]}},{"type":"Feature","properties":{},"geometry":{"type":"LineString","coordinates":[[57.53398,70.72075],[56.94357,70.63274],[53.67834,70.76307],[53.41193,71.20652],[51.60112,71.47394],[51.45711,72.01556],[52.47952,72.22882],[52.44352,72.77552],[54.42714,73.62688],[53.50914,73.75043],[55.90316,74.62718],[55.63316,75.08078],[57.86878,75.60886],[61.17001,76.25203],[64.50005,76.43822],[66.21006,76.81058],[68.15768,76.93921],[68.85249,76.54485],[68.17928,76.23342],[64.63685,75.7375],[61.58402,75.26019],[58.47718,74.30898],[56.98677,73.33237],[55.42075,72.371],[55.62236,71.53995],[57.53398,70.72075]]}},{"type":"Feature","properties":{},"geometry":{"type":"LineString","coordinates":[[-94.68275,77.09831],[-93.57394,76.77673],[-91.60472,76.77842],[-90.74071,76.45006],[-90.97111,76.07432],[-89.8227,75.84751],[-89.18549,75.61055],[-86.37746,75.48192],[-84.78985,75.69857],[-82.75223,75.78489],[-81.12861,75.7138],[-80.0558,75.33636],[-79.8326,74.92338],[-80.459,74.65764],[-81.94942,74.44269],[-83.22743,74.56455],[-86.09666,74.41053],[-88.14868,74.39191],[-89.7651,74.51547],[-92.42192,74.83706],[-92.76753,75.38714],[-92.88993,75.88306],[-93.89434,76.31974],[-95.96076,76.4416],[-97.11997,76.75134],[-96.74557,77.16094],[-94.68275,77.09831]]}},{"type":"Feature","properties":{},"geometry":{"type":"LineString","coordinates":[[-116.20016,77.64501],[-116.33696,76.87659],[-117.10737,76.52961],[-118.03978,76.48053],[-119.901,76.054],[-121.49941,75.89998],[-122.85663,76.11663],[-121.15741,76.86474],[-119.10539,77.51299],[-117.57178,77.49776],[-116.20016,77.64501]]}},{"type":"Feature","properties":{},"geometry":{"type":"LineString","coordinates":[[-93.84034,77.51976],[-94.29394,77.49099],[-96.16956,77.5553],[-96.43596,77.83458],[-94.42354,77.81934],[-93.72154,77.63485],[-93.84034,77.51976]]}},{"type":"Feature","properties":{},"geometry":{"type":"LineString","coordinates":[[-110.1881,77.69748],[-112.05292,77.40974],[-113.53254,77.73302],[-112.72613,78.05122],[-111.26451,78.15278],[-109.8533,77.99706],[-110.1881,77.69748]]}},{"type":"Feature","properties":{},"geometry":{"type":"LineString","coordinates":[[24.72325,77.85319],[22.49122,77.44529],[20.72721,77.67717],[21.41481,77.93444],[20.81361,78.25433],[22.88363,78.45575],[23.27963,78.08],[24.72325,77.85319]]}},{"type":"Feature","properties":{},"geometry":{"type":"LineString","coordinates":[[-109.6625,78.60131],[-110.88291,78.40666],[-112.54253,78.40835],[-112.52453,78.55053],[-111.49851,78.85011],[-110.96211,78.80441],[-109.6625,78.60131]]}},{"type":"Feature","properties":{},"geometry":{"type":"LineString","coordinates":[[-95.83116,78.0563],[-97.31077,77.84981],[-98.12438,78.08338],[-98.55279,78.45744],[-98.63199,78.87211],[-97.33597,78.83149],[-96.75277,78.76548],[-95.55756,78.41851],[-95.83116,78.0563]]}},{"type":"Feature","properties":{},"geometry":{"type":"LineString","coordinates":[[-100.0612,78.32542],[-99.6724,77.90736],[-101.30321,78.01907],[-102.94843,78.34404],[-105.17685,78.37958],[-104.21204,78.67747],[-105.41805,78.91781],[-105.49365,79.30202],[-103.52804,79.16493],[-100.82441,78.80103],[-100.0612,78.32542]]}},{"type":"Feature","properties":{},"geometry":{"type":"LineString","coordinates":[[105.07605,78.3068],[99.43839,77.9209],[101.26361,79.23432],[102.08802,79.34603],[102.83683,79.28171],[105.37125,78.71301],[105.07605,78.3068]]}},{"type":"Feature","properties":{},"geometry":{"type":"LineString","coordinates":[[18.25038,79.70147],[21.54442,78.95674],[19.02799,78.56238],[18.46998,77.82611],[17.59518,77.63824],[17.11997,76.80889],[15.91396,76.76996],[13.76114,77.38097],[14.66835,77.73641],[13.17073,78.02414],[11.22311,78.86873],[10.4455,79.65238],[13.17073,80.01121],[13.71794,79.66085],[15.14355,79.67439],[15.52156,80.01628],[16.99037,80.05014],[18.25038,79.70147]]}},{"type":"Feature","properties":{},"geometry":{"type":"LineString","coordinates":[[25.44685,80.40727],[27.40887,80.05691],[25.92566,79.51867],[23.02403,79.40019],[20.0756,79.56606],[19.8956,79.84195],[18.46278,79.86057],[17.36837,80.31925],[20.4572,80.59852],[21.90802,80.35818],[22.91963,80.65776],[25.44685,80.40727]]}},{"type":"Feature","properties":{},"geometry":{"type":"LineString","coordinates":[[51.13671,80.54775],[48.89389,80.33956],[48.75349,80.17538],[47.58708,80.00951],[46.50347,80.24647],[47.07227,80.5596],[44.84745,80.59006],[46.79867,80.77117],[48.31788,80.78471],[48.52309,80.5139],[49.09549,80.75424],[50.0387,80.91842],[51.52192,80.70008],[51.13671,80.54775]]}},{"type":"Feature","properties":{},"geometry":{"type":"LineString","coordinates":[[99.9388,78.88058],[97.75718,78.75702],[94.97435,79.04476],[93.31113,79.42727],[92.54433,80.14323],[91.17991,80.34126],[93.77914,81.02505],[95.93916,81.25016],[97.88318,80.74747],[100.1872,79.77933],[99.9388,78.88058]]}},{"type":"Feature","properties":{},"geometry":{"type":"LineString","coordinates":[[-87.01827,79.65915],[-85.81586,79.33757],[-87.18747,79.03968],[-89.03429,78.28649],[-90.80551,78.2154],[-92.87553,78.34404],[-93.95194,78.75025],[-93.93754,79.11415],[-93.14553,79.37988],[-94.97435,79.37311],[-96.07596,79.70485],[-96.70957,80.15846],[-96.01476,80.60191],[-95.32355,80.90657],[-94.29754,80.97766],[-94.73675,81.20615],[-92.41112,81.25693],[-91.13311,80.72377],[-87.81028,80.31925],[-87.01827,79.65915]]}},{"type":"Feature","properties":{},"geometry":{"type":"LineString","coordinates":[[-68.49968,83.1069],[-65.82846,83.02735],[-63.67924,82.9004],[-61.85042,82.6279],[-61.89362,82.36217],[-64.33444,81.92718],[-66.75367,81.72577],[-67.65728,81.50066],[-65.47925,81.50574],[-67.84088,80.8998],[-69.46809,80.61714],[-71.18171,79.79964],[-73.24453,79.63377],[-73.88174,79.43066],[-76.90937,79.32234],[-75.53056,79.19709],[-76.22176,79.01937],[-75.39375,78.52514],[-76.34416,78.18324],[-77.88858,77.90059],[-78.36378,77.50791],[-79.7606,77.21002],[-79.6202,76.98322],[-77.91018,77.02215],[-77.88858,76.77842],[-80.55981,76.17756],[-83.17343,76.45345],[-86.11106,76.29943],[-87.60148,76.4196],[-89.49149,76.47207],[-89.6175,76.95275],[-87.76708,77.17786],[-88.26028,77.90059],[-87.64828,77.96998],[-84.97705,77.53838],[-86.34146,78.17986],[-87.96148,78.37112],[-87.15147,78.75871],[-85.38025,78.99736],[-85.09585,79.34603],[-86.50707,79.73701],[-86.93187,80.25155],[-84.19944,80.20754],[-83.40743,80.09922],[-81.84862,80.46481],[-84.09864,80.57991],[-87.59788,80.51559],[-89.36549,80.85579],[-90.2007,81.26031],[-91.36711,81.55313],[-91.58672,81.89502],[-90.0999,82.08459],[-88.93349,82.11675],[-86.97147,82.27924],[-85.49905,82.6516],[-84.26064,82.60082],[-83.18063,82.31986],[-82.42102,82.85978],[-81.09981,83.02058],[-79.30699,83.13059],[-76.25056,83.17121],[-75.71776,83.06458],[-72.83053,83.23384],[-68.49968,83.1069]]}},{"type":"Feature","properties":{},"geometry":{"type":"LineString","coordinates":[[-27.09927,83.51988],[-20.84601,82.72607],[-22.69283,82.34186],[-31.90172,82.19968],[-31.39771,82.02197],[-27.85528,82.13198],[-24.84565,81.7867],[-22.90163,82.09305],[-22.07002,81.73423],[-23.16803,81.15199],[-20.62281,81.52435],[-15.76996,81.91195],[-12.77113,81.719],[-12.20952,81.29078],[-16.28476,80.57991],[-16.84997,80.34972],[-20.0468,80.17708],[-17.73198,80.12969],[-18.89839,79.40019],[-19.7048,78.75194],[-19.6724,77.63824],[-18.47358,76.98491],[-20.036,76.94429],[-21.68122,76.62778],[-19.8344,76.09801],[-19.6004,75.24835],[-20.66961,75.15526],[-19.37359,74.29544],[-21.59482,74.22435],[-20.4356,73.81644],[-20.76321,73.46439],[-22.17082,73.31037],[-23.56764,73.30698],[-22.31482,72.62996],[-22.30042,72.18482],[-24.27684,72.5978],[-24.79165,72.33038],[-23.44163,72.07988],[-22.13122,71.46886],[-21.75322,70.66321],[-23.53524,70.47025],[-25.54406,71.43163],[-25.20205,70.75291],[-26.36126,70.22653],[-23.72604,70.18421],[-22.34722,70.13005],[-25.02925,69.25838],[-27.74728,68.46965],[-30.67411,68.12437],[-31.77572,68.12098],[-32.81253,67.73508],[-34.20214,66.67892],[-36.35136,65.9782],[-37.04257,65.93758],[-39.811,65.45859],[-40.66781,64.8408],[-40.68221,64.13839],[-41.18981,63.48168],[-42.82063,62.68279],[-42.41742,61.90083],[-43.37863,60.09825],[-44.78625,60.03732],[-46.26226,60.85314],[-48.26388,60.85821],[-49.23229,61.4066],[-49.9019,62.38321],[-51.63352,63.62724],[-52.14112,64.27887],[-52.27792,65.17593],[-53.66034,66.10007],[-53.30033,66.83633],[-53.96994,67.18838],[-52.97993,68.35794],[-51.47511,68.7303],[-51.07911,69.14837],[-50.87031,69.92864],[-52.55873,69.42595],[-53.45513,69.28377],[-54.68275,69.61043],[-54.75115,70.28915],[-54.35874,70.82061],[-53.42993,70.83585],[-51.38871,70.57011],[-54.00594,71.54672],[-54.99955,71.40624],[-55.83476,71.65504],[-54.71875,72.58595],[-55.32715,72.95831],[-57.32517,74.71011],[-58.59599,75.0994],[-58.58519,75.51746],[-61.26721,76.10309],[-63.39123,76.17587],[-68.50329,76.06077],[-69.6661,76.37898],[-71.40131,77.00861],[-68.77689,77.32342],[-66.76447,77.37589],[-71.04131,77.63655],[-73.29853,78.04445],[-73.15813,78.43205],[-65.70966,79.39512],[-65.32445,79.75732],[-68.02448,80.11784],[-67.14967,80.51559],[-63.69004,81.21462],[-62.23562,81.32125],[-62.64963,81.76978],[-60.2808,82.03381],[-57.20637,82.19122],[-54.13554,82.19968],[-53.04473,81.88825],[-50.3915,82.43834],[-48.00468,82.06428],[-46.60067,81.98642],[-44.52345,81.66145],[-46.89947,82.19968],[-46.76267,82.6279],[-43.40743,83.22538],[-39.8974,83.17968],[-38.62299,83.54865],[-35.08775,83.64513],[-27.09927,83.51988]]}},{"type":"Feature","properties":{},"geometry":{"type":"LineString","coordinates":[[-59.5716,-80.04052],[-60.1584,-81.0002],[-62.25362,-80.8631],[-64.48924,-80.92234],[-65.74206,-80.58891],[-65.74206,-80.54998],[-66.28926,-80.25547],[-64.03924,-80.2944],[-61.88282,-80.39257],[-61.13761,-79.98128],[-60.60841,-79.62923],[-59.5716,-80.04052]]}},{"type":"Feature","properties":{},"geometry":{"type":"LineString","coordinates":[[-159.20979,-79.49721],[-161.12861,-79.63431],[-162.43902,-79.28225],[-163.02583,-78.92851],[-163.06543,-78.86927],[-163.71344,-78.59507],[-163.10503,-78.22271],[-161.24381,-78.38012],[-160.2466,-78.69324],[-159.48339,-79.04699],[-159.20979,-79.49721]]}},{"type":"Feature","properties":{},"geometry":{"type":"LineString","coordinates":[[-45.15345,-78.04669],[-43.92224,-78.47829],[-43.49023,-79.08592],[-43.37143,-79.51583],[-43.33183,-80.02529],[-44.87985,-80.3401],[-46.50707,-80.59399],[-48.38628,-80.82925],[-50.4815,-81.02559],[-52.85033,-80.96635],[-54.16434,-80.63292],[-53.98794,-80.22162],[-51.85312,-79.94743],[-50.99271,-79.614],[-50.3663,-79.18409],[-49.9127,-78.81172],[-48.65989,-78.04669],[-48.15228,-78.04669],[-46.66187,-77.83173],[-45.15345,-78.04669]]}},{"type":"Feature","properties":{},"geometry":{"type":"LineString","coordinates":[[-121.21141,-73.50047],[-119.919,-73.65788],[-118.72379,-73.48186],[-119.29259,-73.83391],[-120.2322,-74.08948],[-121.62182,-74.00993],[-122.62263,-73.65788],[-122.40662,-73.32445],[-121.21141,-73.50047]]}},{"type":"Feature","properties":{},"geometry":{"type":"LineString","coordinates":[[-125.56026,-73.48186],[-124.03024,-73.87284],[-125.91306,-73.73574],[-127.28467,-73.46154],[-126.55747,-73.24659],[-125.56026,-73.48186]]}},{"type":"Feature","properties":{},"geometry":{"type":"LineString","coordinates":[[-98.98119,-71.93316],[-97.88318,-72.07026],[-96.78877,-71.95347],[-96.20196,-72.52048],[-96.98317,-72.44262],[-98.19638,-72.48155],[-99.43119,-72.44262],[-100.78481,-72.50186],[-101.80362,-72.30553],[-102.32922,-71.89424],[-101.70282,-71.71821],[-100.432,-71.85531],[-98.98119,-71.93316]]}},{"type":"Feature","properties":{},"geometry":{"type":"LineString","coordinates":[[-68.45288,-70.95656],[-68.33408,-71.40678],[-68.51049,-71.79776],[-68.78409,-72.17012],[-69.9577,-72.30722],[-71.07731,-72.50356],[-72.38772,-72.48494],[-71.89812,-72.09226],[-74.19134,-72.36646],[-74.95455,-72.07195],[-75.01215,-71.66066],[-73.91414,-71.26968],[-73.23013,-71.1512],[-72.07452,-71.19013],[-71.77932,-70.68067],[-71.72172,-70.31],[-71.74332,-69.50604],[-71.17451,-69.0355],[-70.2529,-68.8781],[-69.7237,-69.25046],[-69.48969,-69.62282],[-69.05769,-70.07473],[-68.72649,-70.50464],[-68.45288,-70.95656]]}},{"type":"Feature","properties":{},"geometry":{"type":"LineString","coordinates":[[-180,-84.71367],[-179.9424,-84.72214],[-179.06039,-84.1399],[-177.25677,-84.45302],[-176.08316,-84.09928],[-175.93556,-84.10097],[-174.38394,-84.53426],[-172.88993,-84.06035],[-169.9523,-83.88432],[-168.53029,-84.23807],[-167.02187,-84.56981],[-164.18144,-84.82538],[-161.93142,-85.13851],[-158.07218,-85.37377],[-155.19215,-85.09958],[-150.94051,-85.29591],[-148.53209,-85.60904],[-143.10683,-85.04034],[-142.89083,-84.56981],[-146.82927,-84.53088],[-150.0621,-84.29561],[-150.90451,-83.90463],[-153.58654,-83.68798],[-153.41013,-83.23776],[-152.66493,-82.45411],[-152.86293,-82.04282],[-154.52615,-81.76862],[-155.28935,-81.41488],[-156.83737,-81.10175],[-154.40734,-81.16099],[-152.09612,-81.00359],[-150.64891,-81.33702],[-148.86689,-81.04421],[-147.22167,-80.67184],[-146.41886,-80.33841],[-146.77167,-79.92712],[-149.5329,-79.35842],[-151.58852,-79.29918],[-153.38853,-79.16208],[-155.32895,-79.06391],[-155.97696,-78.69155],[-157.26937,-78.37843],[-158.05058,-78.02638],[-158.36378,-76.88898],[-157.87418,-76.98714],[-156.97417,-77.30027],[-155.32895,-77.2021],[-153.74134,-77.065],[-152.92053,-77.4966],[-151.33291,-77.39844],[-150.0009,-77.18348],[-148.74809,-76.90929],[-147.61408,-76.57585],[-146.10566,-76.47768],[-146.14526,-76.10532],[-146.49446,-75.73296],[-146.20286,-75.38091],[-144.91045,-75.20488],[-144.32364,-75.53662],[-142.79363,-75.34198],[-141.63802,-75.0864],[-140.2088,-75.06609],[-138.85879,-74.96961],[-135.21555,-74.30275],[-133.74674,-74.43984],[-132.25632,-74.30275],[-130.92431,-74.47877],[-129.5527,-74.46015],[-128.24228,-74.32306],[-125.40185,-74.5177],[-124.01224,-74.47877],[-121.07461,-74.5177],[-119.703,-74.47877],[-118.68419,-74.18427],[-117.47097,-74.02855],[-116.21456,-74.24351],[-115.02295,-74.06748],[-113.94294,-73.71543],[-113.29853,-74.02855],[-112.94573,-74.3806],[-112.29772,-74.71404],[-111.26091,-74.41953],[-110.0657,-74.7919],[-108.71569,-74.91037],[-107.56008,-75.18457],[-106.14886,-75.12533],[-104.87445,-74.9493],[-103.36963,-74.98823],[-100.64441,-75.30136],[-100.1152,-74.87145],[-100.76321,-74.53801],[-101.25281,-74.18427],[-102.54523,-74.10641],[-103.11403,-73.73405],[-103.33003,-73.36168],[-103.68284,-72.61696],[-102.91603,-72.75406],[-101.60562,-72.81329],[-100.3132,-72.75406],[-99.13599,-72.91146],[-98.11718,-73.20597],[-97.68878,-73.55802],[-96.33516,-73.61726],[-95.04275,-73.48016],[-93.67114,-73.28383],[-92.43992,-73.16535],[-91.42111,-73.40061],[-90.0891,-73.32275],[-89.22869,-72.55941],[-88.42228,-73.00963],[-87.26667,-73.18566],[-86.01386,-73.08749],[-85.19305,-73.48016],[-83.87904,-73.51909],[-82.66583,-73.63588],[-81.47061,-73.85253],[-80.68581,-73.48016],[-80.297,-73.12642],[-79.29619,-73.51909],[-77.92458,-73.42092],[-76.90577,-73.63588],[-76.22176,-73.96931],[-74.88975,-73.87114],[-73.85294,-73.65619],[-72.83413,-73.40061],[-68.93529,-73.00963],[-67.95608,-72.79468],[-67.36927,-72.47986],[-67.13527,-72.04995],[-67.25047,-71.63697],[-67.91648,-70.85331],[-68.48528,-70.10859],[-68.54289,-69.71761],[-68.44568,-69.32493],[-67.97768,-68.95257],[-67.58528,-68.54128],[-67.42687,-68.1503],[-67.62488,-67.71869],[-67.74008,-67.32602],[-67.25047,-66.8758],[-66.05526,-66.21062],[-65.37125,-65.89581],[-64.56845,-65.603],[-64.17604,-65.17139],[-63.62884,-64.8972],[-63.00243,-64.64162],[-62.04122,-64.58407],[-61.41481,-64.26926],[-60.70921,-64.07461],[-59.8884,-63.95614],[-59.16119,-63.70225],[-58.59599,-63.38744],[-57.81118,-63.27065],[-57.22437,-63.52623],[-57.59518,-63.85797],[-58.61399,-64.15247],[-59.04599,-64.36743],[-59.7876,-64.21171],[-60.61201,-64.30988],[-62.02322,-64.79903],[-62.51283,-65.09353],[-62.64963,-65.48452],[-62.58843,-65.85688],[-62.12042,-66.19031],[-62.80443,-66.42558],[-63.74404,-66.50344],[-64.88165,-67.14999],[-65.50806,-67.5816],[-65.66646,-67.95396],[-65.31365,-68.36525],[-64.78445,-68.67837],[-63.96004,-68.91364],[-63.19683,-69.22676],[-62.78643,-69.61944],[-62.57043,-69.9918],[-62.27522,-70.38447],[-61.80722,-70.71621],[-61.51202,-71.08858],[-61.37521,-72.00933],[-61.08361,-72.38169],[-61.00441,-72.77437],[-60.69121,-73.16535],[-60.82801,-73.69512],[-61.37521,-74.10641],[-61.96202,-74.43984],[-63.29403,-74.57694],[-63.74404,-74.92899],[-64.35244,-75.26243],[-65.86086,-75.63479],[-67.19287,-75.7922],[-69.7993,-76.2238],[-70.60211,-76.63509],[-72.20772,-76.67402],[-73.96814,-76.63509],[-75.55576,-76.71295],[-77.24057,-76.71295],[-76.92737,-77.10562],[-75.40095,-77.28165],[-74.28134,-77.55584],[-73.65494,-77.9079],[-74.77095,-78.22102],[-76.49536,-78.12285],[-77.92458,-78.37843],[-78.02538,-79.18239],[-76.84817,-79.51413],[-76.63217,-79.8865],[-75.36135,-80.25886],[-73.24453,-80.41627],[-71.44451,-80.69046],[-70.0117,-81.00359],[-68.19008,-81.3184],[-65.70606,-81.47412],[-63.25443,-81.74831],[-59.6904,-82.37625],[-58.71119,-82.84678],[-58.22158,-83.21915],[-57.00837,-82.8654],[-53.62074,-82.25777],[-51.54352,-82.00389],[-49.7615,-81.72969],[-47.27387,-81.70938],[-44.82585,-81.84648],[-42.80983,-82.08175],[-42.16182,-81.65014],[-40.77221,-81.35733],[-38.24498,-81.33702],[-34.38574,-80.90542],[-30.0981,-80.59229],[-28.55009,-80.33841],[-29.25569,-79.98467],[-29.6841,-79.63261],[-29.6841,-79.26025],[-31.62452,-79.29918],[-33.68014,-79.45659],[-35.63856,-79.45659],[-35.91576,-79.08422],[-35.77536,-78.3395],[-35.32535,-78.12285],[-32.21132,-77.65401],[-29.7849,-77.065],[-28.88129,-76.67402],[-25.47565,-76.28135],[-23.92764,-76.24242],[-22.45882,-76.10532],[-21.22401,-75.90898],[-20.0108,-75.67372],[-17.52318,-75.12533],[-16.64117,-74.7919],[-15.70156,-74.49908],[-15.40635,-74.10641],[-16.46476,-73.87114],[-16.11196,-73.45985],[-15.44595,-73.14673],[-13.31113,-72.71513],[-12.29232,-72.402],[-11.51112,-72.00933],[-11.02151,-71.54049],[-10.2943,-71.2646],[-9.10269,-71.32384],[-8.61309,-71.65728],[-7.41787,-71.69621],[-7.37827,-71.32384],[-6.86707,-70.93286],[-5.79066,-71.03103],[-5.53506,-71.40339],[-4.34344,-71.46094],[-3.04743,-71.28491],[-1.79462,-71.16813],[-0.66061,-71.22567],[-0.2286,-71.63697],[0.86941,-71.30523],[1.88822,-71.12751],[4.13824,-70.85331],[5.15705,-70.61805],[6.27306,-70.46233],[7.13707,-70.24568],[7.74188,-69.89363],[8.48708,-70.14921],[9.5239,-70.01211],[10.81631,-70.83469],[11.95392,-70.63836],[12.40392,-70.24568],[13.42273,-69.97149],[14.73675,-70.03073],[15.12555,-70.40309],[15.94996,-70.03073],[17.02637,-69.91394],[18.19998,-69.87501],[19.25839,-69.89363],[20.3744,-70.01211],[21.45441,-70.06966],[21.92242,-70.40309],[22.57043,-70.6976],[23.66484,-70.52157],[24.84205,-70.48095],[27.09207,-70.46233],[29.15129,-70.20675],[30.0333,-69.93256],[30.97291,-69.75653],[31.99172,-69.65837],[32.75493,-69.38417],[33.30213,-68.83578],[33.87094,-68.50235],[34.90775,-68.65976],[35.30015,-69.01181],[36.16056,-69.24707],[37.20097,-69.16922],[37.90658,-69.52127],[38.64819,-69.77684],[39.667,-69.54158],[40.0198,-69.10998],[40.91981,-68.93395],[41.96022,-68.60052],[44.11304,-68.26708],[46.50347,-67.60191],[47.44307,-67.71869],[48.99109,-67.09245],[49.9307,-67.11106],[50.75511,-66.8758],[50.94951,-66.52375],[51.79192,-66.24955],[52.61273,-66.05322],[53.61354,-65.89581],[54.53515,-65.81795],[56.35676,-65.97536],[57.15957,-66.24955],[57.25677,-66.67946],[58.13878,-67.0129],[58.74359,-67.28709],[59.9388,-67.40557],[60.60481,-67.67976],[61.42921,-67.95396],[62.38682,-68.0132],[63.18963,-67.81686],[64.05364,-67.40557],[64.99325,-67.62052],[66.91207,-67.85579],[67.89128,-67.93365],[68.88849,-67.93365],[69.7129,-68.97288],[69.6733,-69.22676],[69.5545,-69.67868],[68.59689,-69.93256],[67.81208,-70.30492],[67.94888,-70.6976],[69.06489,-70.67729],[68.92809,-71.06996],[68.42048,-71.44232],[67.94888,-71.85361],[68.71209,-72.16674],[69.8677,-72.26491],[71.02331,-72.08888],[71.57412,-71.69621],[71.90532,-71.32384],[72.45612,-71.01072],[73.08253,-70.71621],[73.33453,-70.36416],[73.86374,-69.87501],[74.49014,-69.77684],[75.62776,-69.73622],[77.64378,-69.46203],[78.13338,-69.07105],[78.42858,-68.69868],[79.11259,-68.32632],[80.93421,-67.8761],[81.48501,-67.54267],[82.05022,-67.36664],[82.77743,-67.20923],[83.77464,-67.3074],[85.65386,-67.09245],[86.75187,-67.14999],[87.47547,-66.8758],[87.98668,-66.21062],[88.35748,-66.48482],[88.82909,-66.95535],[89.6715,-67.14999],[90.62911,-67.22954],[91.59032,-67.11106],[92.60913,-67.18892],[93.54874,-67.20923],[94.17514,-67.11106],[95.01755,-67.1703],[95.78076,-67.38526],[96.68077,-67.24816],[97.76078,-67.24816],[98.67879,-67.11106],[99.7192,-67.24816],[100.3852,-66.91473],[100.89281,-66.58299],[101.58042,-66.3071],[102.83323,-65.56407],[103.47763,-65.70116],[104.24084,-65.97536],[104.90685,-66.32741],[106.18126,-66.93504],[108.08208,-66.95535],[110.2349,-66.69977],[111.05931,-66.42558],[111.74332,-66.13107],[112.85933,-66.09214],[113.60454,-65.87719],[114.38934,-66.07353],[114.89695,-66.38665],[115.60256,-66.69977],[116.70057,-66.66084],[117.38457,-66.91473],[118.57979,-67.1703],[119.8326,-67.26847],[120.86941,-67.18892],[121.65422,-66.8758],[122.32022,-66.56268],[123.22023,-66.48482],[124.12384,-66.62192],[125.16065,-66.72008],[126.10026,-66.56268],[127.00027,-66.56268],[128.80389,-66.75901],[129.7039,-66.58299],[130.78031,-66.42558],[131.79912,-66.38665],[132.93673,-66.38665],[134.75835,-66.21062],[135.03195,-65.71978],[135.07155,-65.30849],[135.69796,-65.58268],[135.87436,-66.0329],[136.20556,-66.44589],[136.61957,-66.77763],[137.46197,-66.95535],[138.59599,-66.89611],[139.91,-66.8758],[140.81001,-66.81656],[143.06363,-66.79794],[144.37404,-66.83687],[145.49005,-66.91473],[146.19566,-67.22954],[146.00126,-67.60191],[146.64567,-67.89472],[148.83809,-68.38556],[151.48411,-68.7173],[152.50293,-68.87471],[153.63694,-68.89502],[154.28494,-68.56159],[155.16695,-68.83578],[155.93016,-69.14891],[156.81217,-69.38417],[159.18099,-69.59913],[159.6706,-69.9918],[160.80821,-70.22707],[161.57142,-70.57912],[162.68743,-70.73653],[163.84304,-70.71621],[164.91945,-70.77545],[166.11466,-70.75514],[167.30987,-70.83469],[168.42588,-70.97179],[170.50311,-71.40339],[171.20511,-71.69621],[171.08991,-72.08888],[170.56071,-72.44093],[169.7579,-73.2449],[169.28629,-73.65619],[167.97588,-73.8136],[167.38907,-74.16565],[166.09306,-74.3806],[165.64306,-74.77328],[164.95905,-75.14564],[164.23544,-75.45876],[163.82144,-75.87006],[163.56944,-76.24242],[163.46863,-76.69264],[163.49023,-77.065],[164.05904,-77.45768],[164.27504,-77.83004],[164.74305,-78.18209],[166.60427,-78.31919],[166.99667,-78.75079],[165.19305,-78.9082],[163.66664,-79.12315],[161.76582,-79.16208],[160.92341,-79.73078],[160.74701,-80.20131],[160.3186,-80.57368],[159.7894,-80.94604],[161.12141,-81.27778],[161.62902,-81.69076],[162.48942,-82.06143],[163.70624,-82.39487],[166.60427,-83.02281],[168.89389,-83.33593],[169.40509,-83.82508],[172.28512,-84.04173],[173.22473,-84.41409],[175.98596,-84.15852],[178.27558,-84.47333],[-180,-84.71367]]}},{"type":"Feature","properties":{},"geometry":{"type":"LineString","coordinates":[[-67.75088,-53.84987],[-66.45126,-54.45073],[-65.05085,-54.69953],[-65.50086,-55.20053],[-66.45126,-55.24961],[-66.95887,-54.89756],[-67.29007,-55.30208],[-68.14688,-55.61182],[-69.23049,-55.49842],[-69.9577,-55.19884],[-71.00531,-55.05328],[-72.26532,-54.49473],[-73.28413,-53.95819],[-74.66295,-52.83772],[-73.83854,-53.0476],[-72.43452,-53.71616],[-71.10611,-54.07498],[-70.59131,-53.6163],[-70.2673,-52.93081],[-69.34569,-52.51782],[-68.63289,-52.6363],[-68.25128,-53.10006],[-67.75088,-53.84987]]}},{"type":"Feature","properties":{},"geometry":{"type":"LineString","coordinates":[[-58.54919,-51.09946],[-57.74998,-51.54968],[-58.04878,-51.90004],[-59.39879,-52.19962],[-59.8488,-51.84926],[-60.69841,-52.29948],[-61.19881,-51.84926],[-60,-51.2501],[-59.15039,-51.5006],[-58.54919,-51.09946]]}},{"type":"Feature","properties":{},"geometry":{"type":"LineString","coordinates":[[70.2817,-49.70987],[68.74449,-49.77419],[68.71929,-49.24272],[68.93529,-48.62494],[69.5797,-48.93976],[70.52651,-49.065],[70.55891,-49.25457],[70.2817,-49.70987]]}},{"type":"Feature","properties":{},"geometry":{"type":"LineString","coordinates":[[145.39645,-40.79178],[146.36486,-41.13706],[147.68968,-40.8087],[148.28728,-40.87471],[148.35928,-42.06289],[148.01728,-42.40648],[147.91288,-43.21214],[147.56368,-42.93794],[146.86887,-43.63528],[146.66367,-43.58112],[146.04806,-43.54896],[145.43245,-42.69421],[145.29565,-42.03412],[144.71965,-41.16245],[144.74485,-40.70377],[145.39645,-40.79178]]}},{"type":"Feature","properties":{},"geometry":{"type":"LineString","coordinates":[[173.01953,-40.91872],[173.24633,-41.3317],[173.95914,-40.92718],[174.24714,-41.34863],[174.24714,-41.77008],[173.22113,-42.9701],[172.70993,-43.37293],[173.08073,-43.85362],[172.31032,-43.86546],[171.45351,-44.24291],[171.18351,-44.89793],[170.61831,-45.90838],[169.33309,-46.64126],[168.41148,-46.61926],[167.76348,-46.2909],[166.67627,-46.21981],[166.51067,-45.85253],[167.04707,-45.11119],[168.30348,-44.12443],[168.94789,-43.93655],[169.6679,-43.55573],[170.52471,-43.03103],[171.12591,-42.51311],[171.56872,-41.76669],[171.95032,-41.5145],[172.09792,-40.95596],[172.79993,-40.49389],[173.01953,-40.91872]]}},{"type":"Feature","properties":{},"geometry":{"type":"LineString","coordinates":[[174.61075,-36.15586],[175.33795,-37.20863],[175.35595,-36.52653],[175.80956,-36.79903],[175.95716,-37.55561],[176.76357,-37.88058],[177.44037,-37.96182],[178.00918,-37.5793],[178.51679,-37.69609],[178.27558,-38.58299],[177.96958,-39.16692],[177.20637,-39.14661],[176.93997,-39.44958],[177.03357,-39.87949],[176.01116,-41.28939],[175.24075,-41.68883],[175.06795,-41.42649],[174.65035,-41.28262],[175.22635,-40.46004],[174.89875,-39.90826],[173.82234,-39.50882],[173.85114,-39.14661],[174.57475,-38.79794],[174.74395,-38.02783],[174.69715,-37.38127],[174.29034,-36.71102],[174.31914,-36.53499],[173.84034,-36.12201],[173.05553,-35.2368],[172.63433,-34.52931],[173.00873,-34.45145],[173.55234,-35.00661],[174.32994,-35.26557],[174.61075,-36.15586]]}},{"type":"Feature","properties":{},"geometry":{"type":"LineString","coordinates":[[167.11907,-22.16009],[166.74107,-22.40044],[166.19026,-22.12963],[165.47385,-21.67941],[164.82945,-21.14964],[164.16704,-20.44553],[164.03024,-20.10533],[164.45864,-20.12056],[165.02025,-20.46076],[166.60067,-21.69972],[167.11907,-22.16009]]}},{"type":"Feature","properties":{},"geometry":{"type":"LineString","coordinates":[[178.37278,-17.33969],[178.71839,-17.62911],[178.55279,-18.15042],[177.93358,-18.28752],[177.38277,-18.16396],[177.28557,-17.7239],[177.67078,-17.38031],[178.12438,-17.50556],[178.37278,-17.33969]]}},{"type":"Feature","properties":{},"geometry":{"type":"LineString","coordinates":[[-180,-16.55603],[179.36279,-16.80145],[178.72559,-17.01133],[178.59599,-16.63897],[179.09639,-16.43417],[179.41319,-16.37831],[-180,-16.06688],[-179.7948,-16.02118],[-179.9172,-16.50187],[-180,-16.55603]]}},{"type":"Feature","properties":{},"geometry":{"type":"LineString","coordinates":[[167.84628,-16.46633],[167.51508,-16.59835],[167.18027,-16.15997],[167.21627,-15.89255],[167.84628,-16.46633]]}},{"type":"Feature","properties":{},"geometry":{"type":"LineString","coordinates":[[167.10827,-14.93456],[167.27027,-15.74022],[167.00027,-15.61497],[166.79147,-15.66913],[166.65107,-15.39324],[166.62947,-14.62652],[167.10827,-14.93456]]}},{"type":"Feature","properties":{},"geometry":{"type":"LineString","coordinates":[[50.0567,-13.55513],[50.2187,-14.75853],[50.4779,-15.22568],[50.3771,-15.70637],[50.2007,-16.00087],[49.8623,-15.41355],[49.6715,-15.70975],[49.8623,-16.45109],[49.7759,-16.87423],[49.49869,-17.10611],[49.43389,-17.95239],[48.54829,-20.49631],[47.92908,-22.39197],[47.54748,-23.78156],[47.09747,-24.94097],[46.28386,-25.17793],[45.40905,-25.60107],[44.04104,-24.98836],[43.76384,-24.46028],[43.69904,-23.57338],[43.34623,-22.77618],[43.25263,-22.05685],[43.43263,-21.33582],[43.89344,-21.16318],[43.89704,-20.82974],[44.37584,-20.07317],[44.46584,-19.43507],[44.23184,-18.96116],[44.04464,-18.33153],[43.96184,-17.41077],[44.31104,-16.85054],[44.44784,-16.21583],[44.94465,-16.17859],[45.50266,-15.97379],[45.87346,-15.79269],[46.31266,-15.78084],[46.88147,-15.21045],[47.70588,-14.59436],[48.00468,-14.09167],[47.86788,-13.66345],[48.29268,-13.78362],[48.84349,-13.08967],[48.86509,-12.48712],[49.19629,-12.04029],[49.5419,-12.4702],[49.8083,-12.89503],[50.0567,-13.55513]]}},{"type":"Feature","properties":{},"geometry":{"type":"LineString","coordinates":[[143.56044,-13.76331],[143.92044,-14.54866],[144.56485,-14.17122],[144.89605,-14.59436],[145.37485,-14.98534],[145.27045,-15.42879],[145.48645,-16.28522],[145.63766,-16.78453],[145.88966,-16.90639],[146.15966,-17.76113],[146.06246,-18.28075],[146.38646,-18.95777],[147.47007,-19.48077],[148.84889,-20.39137],[148.71569,-20.63341],[149.28809,-21.26134],[149.6769,-22.34289],[150.0765,-22.12286],[150.4833,-22.55615],[150.72811,-22.40213],[150.90091,-23.46167],[152.07452,-24.45859],[152.85573,-25.26763],[153.13653,-26.0716],[153.16173,-26.64199],[153.09333,-27.25977],[153.56854,-28.10944],[153.51094,-28.99465],[153.33813,-29.45841],[153.06813,-30.35038],[153.08973,-30.92416],[152.89173,-31.64011],[152.44892,-32.55071],[151.71092,-33.04155],[151.34371,-33.81674],[151.00891,-34.31097],[150.71371,-35.17418],[150.3285,-35.67179],[150.0765,-36.4199],[149.9469,-37.10877],[149.9973,-37.42528],[149.42489,-37.77225],[148.30528,-37.80949],[147.38007,-38.21909],[146.92287,-38.60669],[146.31806,-39.0366],[145.49005,-38.59314],[144.87805,-38.41712],[145.03285,-37.89581],[144.48564,-38.08538],[143.61084,-38.80979],[142.17802,-38.37988],[141.60562,-38.3088],[140.63721,-38.01937],[139.9928,-37.40328],[139.8056,-36.64332],[139.5752,-36.13893],[139.08199,-35.73272],[138.12078,-35.61255],[138.44838,-35.12678],[138.20718,-34.38544],[137.71758,-35.07601],[136.82837,-35.2605],[137.35397,-34.70703],[137.50518,-34.12987],[137.89038,-33.64072],[137.81118,-32.89938],[136.99757,-33.75243],[136.37116,-34.09432],[135.98956,-34.88983],[135.20835,-34.47853],[135.24075,-33.94876],[134.61435,-33.22266],[134.08514,-32.8486],[134.27234,-32.61672],[132.99073,-32.01078],[132.28872,-31.98201],[131.32751,-31.49625],[129.5347,-31.59103],[127.10107,-32.28159],[126.14706,-32.21558],[125.08865,-32.72843],[124.22104,-32.96031],[124.03024,-33.48331],[123.65944,-33.88952],[122.80983,-33.91491],[122.18342,-34.00293],[121.29781,-33.82182],[120.58141,-33.93015],[119.8938,-33.97585],[119.29979,-34.509],[119.00819,-34.46499],[118.50419,-34.74765],[118.02538,-35.06416],[116.62497,-35.02523],[115.56296,-34.38714],[115.02655,-34.19588],[115.04815,-33.62379],[115.54496,-33.4867],[115.71416,-33.25989],[115.67816,-32.90107],[115.80056,-32.20543],[115.68896,-31.61303],[115.15975,-30.60088],[114.99775,-30.03049],[115.04095,-29.46179],[114.64135,-28.81016],[114.61615,-28.51565],[114.17334,-28.1179],[114.04734,-27.33425],[113.47853,-26.54382],[113.33813,-26.1173],[113.77734,-26.5489],[113.44253,-25.62138],[113.93574,-25.9108],[114.23454,-26.2984],[114.21654,-25.78555],[113.71974,-24.99851],[113.62614,-24.6837],[113.39213,-24.38412],[113.50374,-23.80695],[113.70534,-23.55984],[113.84214,-23.06053],[113.73774,-22.47491],[114.14814,-21.75557],[114.22374,-22.51722],[114.64855,-21.83004],[115.45855,-21.49492],[115.94816,-21.06839],[116.71137,-20.70111],[117.16497,-20.62325],[117.44217,-20.74681],[118.23058,-20.37444],[118.83539,-20.26274],[118.98659,-20.0444],[119.25299,-19.953],[119.8038,-19.97669],[120.85501,-19.68388],[121.39861,-19.24043],[121.65422,-18.70558],[122.24102,-18.19781],[122.31302,-17.25506],[123.01143,-16.40539],[123.43263,-17.2686],[123.86104,-17.06888],[123.50464,-16.59665],[123.81784,-16.11089],[124.25704,-16.32754],[124.37944,-15.56758],[124.92665,-15.07504],[125.16785,-14.68068],[125.67186,-14.50973],[125.68626,-14.23046],[126.12546,-14.34724],[126.14346,-14.09674],[127.06507,-13.81747],[127.80308,-14.27616],[128.36108,-14.86855],[128.98389,-14.87532],[129.6211,-14.9701],[129.40869,-14.42002],[129.8875,-13.61944],[130.3411,-13.3571],[130.1827,-13.10829],[130.61831,-12.53621],[131.22311,-12.18415],[131.73432,-12.30263],[132.57673,-12.11476],[132.55873,-11.60361],[131.82432,-11.27356],[132.35712,-11.128],[133.01953,-11.3768],[133.55234,-11.7864],[134.39474,-12.04198],[134.67915,-11.94042],[135.29835,-12.24847],[135.88156,-11.96243],[136.25956,-12.04875],[136.49356,-11.85749],[136.95077,-12.35172],[136.68437,-12.88656],[136.30636,-13.29109],[135.96076,-13.32494],[136.07596,-13.72438],[135.78436,-14.22369],[135.42795,-14.71622],[135.49995,-14.99719],[136.29556,-15.55065],[137.06597,-15.87055],[137.58078,-16.21583],[138.30438,-16.80822],[138.58519,-16.80653],[139.10719,-17.06211],[139.26199,-17.37185],[140.216,-17.71036],[140.87481,-17.36846],[141.27441,-16.38847],[141.39681,-15.84008],[141.70282,-15.04458],[141.56242,-14.56051],[141.63442,-14.27108],[141.51922,-13.6973],[141.65242,-12.94411],[141.84322,-12.741],[141.68842,-12.40757],[141.92962,-11.8778],[142.11682,-11.32772],[142.14202,-11.04337],[142.51643,-10.66762],[142.79723,-11.15677],[142.86563,-11.78471],[143.11763,-11.90488],[143.15723,-12.32633],[143.52084,-12.8341],[143.59644,-13.4011],[143.56044,-13.76331]]}},{"type":"Feature","properties":{},"geometry":{"type":"LineString","coordinates":[[162.11862,-10.48313],[162.39942,-10.82672],[161.70102,-10.81995],[161.31941,-10.20555],[161.91702,-10.4459],[162.11862,-10.48313]]}},{"type":"Feature","properties":{},"geometry":{"type":"LineString","coordinates":[[120.71461,-10.2394],[120.2934,-10.25802],[118.96859,-9.5573],[119.901,-9.36097],[120.4266,-9.66563],[120.77581,-9.97029],[120.71461,-10.2394]]}},{"type":"Feature","properties":{},"geometry":{"type":"LineString","coordinates":[[160.85141,-9.87212],[160.4626,-9.89581],[159.8506,-9.79426],[159.6418,-9.64024],[159.703,-9.24249],[160.3618,-9.39989],[160.68941,-9.60977],[160.85141,-9.87212]]}},{"type":"Feature","properties":{},"geometry":{"type":"LineString","coordinates":[[161.67942,-9.59962],[161.52822,-9.7841],[160.78661,-8.91751],[160.58141,-8.32004],[160.91981,-8.32004],[161.27981,-9.12062],[161.67942,-9.59962]]}},{"type":"Feature","properties":{},"geometry":{"type":"LineString","coordinates":[[124.43704,-10.13954],[123.58024,-10.35957],[123.46143,-10.2394],[123.55144,-9.8992],[123.97984,-9.28988],[124.96985,-8.89213],[125.08505,-8.65686],[125.94546,-8.43175],[126.64387,-8.3979],[126.95707,-8.27265],[127.33507,-8.3979],[126.96787,-8.66871],[125.92746,-9.10539],[125.08865,-9.39312],[124.43704,-10.13954]]}},{"type":"Feature","properties":{},"geometry":{"type":"LineString","coordinates":[[117.89938,-8.09493],[118.25938,-8.36236],[118.87859,-8.28111],[119.12699,-8.70595],[117.27657,-9.04107],[116.74017,-9.03261],[117.08217,-8.45714],[117.63298,-8.44868],[117.89938,-8.09493]]}},{"type":"Feature","properties":{},"geometry":{"type":"LineString","coordinates":[[122.90343,-8.09493],[122.75583,-8.65009],[121.25461,-8.93444],[119.9226,-8.81088],[119.9226,-8.44529],[120.71461,-8.23711],[121.34101,-8.53669],[122.00702,-8.46052],[122.90343,-8.09493]]}},{"type":"Feature","properties":{},"geometry":{"type":"LineString","coordinates":[[159.8758,-8.33697],[159.919,-8.53838],[159.13419,-8.11355],[158.58699,-7.75473],[158.21258,-7.42129],[158.36018,-7.31974],[158.82099,-7.56008],[159.6418,-8.02046],[159.8758,-8.33697]]}},{"type":"Feature","properties":{},"geometry":{"type":"LineString","coordinates":[[157.53938,-7.34851],[157.33777,-7.40437],[156.90217,-7.17756],[156.49176,-6.76627],[156.54217,-6.59871],[157.13977,-7.02185],[157.53938,-7.34851]]}},{"type":"Feature","properties":{},"geometry":{"type":"LineString","coordinates":[[108.62209,-6.77812],[110.54091,-6.87798],[110.76051,-6.465],[112.61453,-6.94568],[112.97813,-7.59393],[114.47934,-7.77673],[115.70696,-8.37082],[114.56575,-8.75164],[113.46413,-8.34882],[112.56053,-8.3759],[111.52372,-8.30142],[110.58771,-8.12201],[109.42849,-7.74119],[108.69409,-7.64133],[108.27648,-7.76658],[106.45486,-7.35528],[106.28206,-6.92537],[105.36405,-6.8509],[106.05166,-5.8963],[107.26487,-5.95554],[108.07128,-6.34652],[108.48528,-6.42268],[108.62209,-6.77812]]}},{"type":"Feature","properties":{},"geometry":{"type":"LineString","coordinates":[[134.72595,-6.2145],[134.21114,-6.89491],[134.11394,-6.14172],[134.49914,-5.44438],[134.72595,-5.7372],[134.72595,-6.2145]]}},{"type":"Feature","properties":{},"geometry":{"type":"LineString","coordinates":[[155.87976,-6.82043],[155.59896,-6.9203],[155.16695,-6.53608],[154.72775,-5.90138],[154.51535,-5.13972],[154.65215,-5.04325],[154.76015,-5.33945],[155.06255,-5.56625],[155.54856,-6.20096],[156.02016,-6.53947],[155.87976,-6.82043]]}},{"type":"Feature","properties":{},"geometry":{"type":"LineString","coordinates":[[151.98452,-5.47824],[151.45891,-5.55948],[151.30051,-5.84044],[150.2421,-6.31774],[149.7093,-6.31605],[148.88849,-6.02662],[148.31968,-5.74735],[148.40248,-5.43761],[149.29889,-5.58317],[149.8461,-5.50532],[149.9973,-5.02632],[150.1413,-5.00093],[150.2385,-5.5324],[150.80731,-5.45623],[151.08811,-5.11434],[151.64612,-4.75721],[151.53812,-4.1682],[152.13572,-4.14958],[152.33732,-4.31376],[152.31932,-4.86722],[151.98452,-5.47824]]}},{"type":"Feature","properties":{},"geometry":{"type":"LineString","coordinates":[[127.24867,-3.45901],[126.87427,-3.79075],[126.18306,-3.60796],[125.98866,-3.17805],[127.00027,-3.12896],[127.24867,-3.45901]]}},{"type":"Feature","properties":{},"geometry":{"type":"LineString","coordinates":[[130.4707,-3.09342],[130.83431,-3.85846],[129.9919,-3.44547],[129.15669,-3.36254],[128.59149,-3.42855],[127.90028,-3.393],[128.13428,-2.84292],[129.37269,-2.8023],[130.4707,-3.09342]]}},{"type":"Feature","properties":{},"geometry":{"type":"LineString","coordinates":[[153.14013,-4.49994],[152.82693,-4.76567],[152.63973,-4.17666],[152.40572,-3.78906],[151.38331,-3.03587],[150.66331,-2.74137],[150.94051,-2.49933],[151.48051,-2.7803],[152.24012,-3.24067],[152.63973,-3.66043],[153.02133,-3.98032],[153.14013,-4.49994]]}},{"type":"Feature","properties":{},"geometry":{"type":"LineString","coordinates":[[134.14274,-1.15206],[134.42354,-2.76845],[135.45675,-3.36762],[136.29196,-2.30638],[137.44037,-1.70383],[138.32958,-1.70214],[139.18639,-2.0508],[139.928,-2.40963],[141.00081,-2.60089],[142.73603,-3.28976],[144.58285,-3.86184],[145.27405,-4.373],[145.82846,-4.87568],[145.98326,-5.46639],[147.64648,-6.08417],[147.89128,-6.61394],[146.96967,-6.72227],[147.19287,-7.38744],[148.08568,-8.04415],[148.73369,-9.10539],[149.30609,-9.07154],[149.26649,-9.51499],[150.0405,-9.68424],[149.7381,-9.87212],[150.80011,-10.29357],[150.69211,-10.58299],[150.0297,-10.65239],[149.7813,-10.39343],[147.91288,-10.13108],[147.13527,-9.49298],[146.56647,-8.9429],[146.04806,-8.06785],[144.74485,-7.62948],[143.89884,-7.91552],[143.28683,-8.24557],[143.41283,-8.98352],[142.62803,-9.32711],[142.07002,-9.15955],[141.03321,-9.11724],[140.144,-8.29635],[139.12879,-8.09662],[138.88039,-8.38097],[137.61318,-8.41144],[138.03798,-7.59732],[138.66799,-7.31974],[138.40878,-6.23312],[137.92638,-5.39361],[135.98956,-4.54733],[135.16515,-4.4627],[133.66394,-3.53856],[133.36873,-4.02433],[132.98353,-4.11234],[132.75673,-3.74675],[132.75313,-3.31176],[131.98992,-2.82092],[133.06633,-2.4604],[133.77914,-2.47902],[133.69634,-2.21498],[132.23112,-2.21329],[131.83512,-1.61751],[130.94231,-1.43302],[130.52111,-0.9371],[131.86752,-0.69507],[132.37872,-0.37009],[133.98434,-0.77969],[134.14274,-1.15206]]}},{"type":"Feature","properties":{},"geometry":{"type":"LineString","coordinates":[[125.23985,1.42063],[124.43704,0.4271],[123.68464,0.23584],[122.72343,0.43049],[121.05661,0.3814],[120.1818,0.23753],[120.0414,-0.51904],[120.93421,-1.40932],[121.47421,-0.95572],[123.33903,-0.61551],[123.25983,-1.07589],[122.82423,-0.93033],[122.38862,-1.51765],[121.50662,-1.90524],[122.45342,-3.18651],[122.27342,-3.5301],[123.16983,-4.68443],[123.16263,-5.34114],[122.62983,-5.63395],[122.23742,-5.28359],[122.71983,-4.46439],[121.73702,-4.85199],[121.48861,-4.57441],[121.61822,-4.18851],[120.89821,-3.60288],[120.97381,-2.62797],[120.3042,-2.93094],[120.3906,-4.09711],[120.4302,-5.52901],[119.7966,-5.67288],[119.36819,-5.38007],[119.6526,-4.45932],[119.49779,-3.49456],[119.07659,-3.48779],[118.76699,-2.8023],[119.18099,-2.14728],[119.32499,-1.35347],[119.8254,0.1546],[120.0342,0.56589],[120.88741,1.30892],[121.66862,1.01442],[122.92863,0.87563],[124.07704,0.91794],[125.06705,1.64405],[125.23985,1.42063]]}},{"type":"Feature","properties":{},"geometry":{"type":"LineString","coordinates":[[128.68869,1.1329],[128.63469,0.25785],[128.11988,0.35601],[127.96868,-0.25161],[128.37908,-0.77969],[128.09828,-0.89986],[127.69508,-0.26685],[127.39987,1.01103],[127.60148,1.80992],[127.93268,2.17382],[128.00468,1.62882],[128.59509,1.5408],[128.68869,1.1329]]}},{"type":"Feature","properties":{},"geometry":{"type":"LineString","coordinates":[[105.81766,-5.85229],[104.70885,-5.8726],[103.86644,-5.03648],[102.58483,-4.22066],[102.15642,-3.61473],[101.40041,-2.80061],[100.90361,-2.0508],[100.1404,-0.65106],[99.26199,0.18337],[98.97039,1.04319],[98.59959,1.82346],[97.69958,2.45309],[97.17757,3.30953],[96.42516,3.86807],[95.38115,4.97162],[95.29475,5.47939],[95.93556,5.43877],[97.48357,5.24582],[98.36918,4.26921],[99.14319,3.59049],[99.694,3.17412],[100.64081,2.09935],[101.65962,2.08412],[102.49842,1.39863],[103.07803,0.56081],[103.83764,0.10382],[103.43803,-0.71199],[104.01044,-1.05897],[104.37044,-1.08435],[104.53965,-1.78169],[104.88885,-2.34023],[105.62326,-2.42825],[106.10926,-3.06126],[105.85726,-4.30529],[105.81766,-5.85229]]}},{"type":"Feature","properties":{},"geometry":{"type":"LineString","coordinates":[[117.87418,1.82685],[118.99739,0.90271],[117.81298,0.78423],[117.47817,0.10213],[117.52138,-0.80339],[116.56017,-1.48718],[116.53497,-2.4841],[116.14976,-4.01248],[116.00216,-3.65704],[114.86455,-4.10726],[114.46854,-3.49625],[113.75574,-3.4387],[113.25533,-3.11881],[112.06732,-3.47763],[111.70372,-2.99525],[111.04851,-3.04941],[110.2241,-2.93432],[110.0693,-1.59212],[109.5725,-1.31454],[109.09009,-0.4598],[108.95329,0.41525],[109.06849,1.34278],[109.6625,2.00626],[110.3969,1.66436],[111.16731,1.85054],[111.36891,2.69682],[111.79732,2.88639],[112.99613,3.10304],[113.71254,3.89346],[114.20574,4.52648],[114.60175,4.90053],[115.45135,5.44723],[116.22176,6.14287],[116.72577,6.92483],[117.12897,6.92822],[117.64378,6.42214],[117.69058,5.98716],[118.34938,5.70788],[119.18099,5.4083],[119.10899,5.01563],[118.43938,4.96654],[118.61939,4.47739],[117.88138,4.13719],[117.31257,3.23506],[118.04698,2.28722],[117.87418,1.82685]]}},{"type":"Feature","properties":{},"geometry":{"type":"LineString","coordinates":[[126.37746,8.41429],[126.53587,7.18887],[126.19746,6.27489],[125.83026,7.29381],[125.36225,6.78604],[125.68266,6.04978],[125.39825,5.58094],[124.22104,6.16149],[123.94024,6.8859],[124.24264,7.35982],[123.60904,7.83374],[123.29583,7.41906],[122.82423,7.45799],[122.08622,6.89945],[121.92062,7.19226],[122.31302,8.03515],[122.94303,8.31612],[123.48663,8.69356],[123.83944,8.23995],[124.60265,8.51415],[124.76465,8.96098],[125.47025,8.98637],[125.41265,9.75987],[126.22266,9.28595],[126.37746,8.41429]]}},{"type":"Feature","properties":{},"geometry":{"type":"LineString","coordinates":[[81.21861,6.19703],[80.3474,5.96854],[79.8722,6.76404],[79.6958,8.20102],[80.1494,9.82419],[80.84061,9.26903],[81.30501,8.56492],[81.78742,7.52231],[81.63622,6.48138],[81.21861,6.19703]]}},{"type":"Feature","properties":{},"geometry":{"type":"LineString","coordinates":[[-60.93601,10.11023],[-61.77122,10.00021],[-61.95122,10.08992],[-61.65962,10.36581],[-61.68122,10.76017],[-61.10521,10.8905],[-60.89641,10.85495],[-60.93601,10.11023]]}},{"type":"Feature","properties":{},"geometry":{"type":"LineString","coordinates":[[123.98344,10.27948],[123.62344,9.94944],[123.31023,9.31811],[122.99703,9.02191],[122.38142,9.71417],[122.83863,10.26087],[122.94663,10.88204],[123.49743,10.94128],[123.33903,10.26764],[124.07704,11.2324],[123.98344,10.27948]]}},{"type":"Feature","properties":{},"geometry":{"type":"LineString","coordinates":[[118.50419,9.31642],[117.17577,8.36689],[117.66538,9.06761],[118.38538,9.6837],[118.98659,10.37596],[119.5122,11.36949],[119.6886,10.55368],[119.02979,10.0036],[118.50419,9.31642]]}},{"type":"Feature","properties":{},"geometry":{"type":"LineString","coordinates":[[121.88462,11.89249],[122.48222,11.58275],[123.11943,11.58445],[123.10143,11.16639],[122.63703,10.74155],[122.00342,10.44028],[121.96742,10.90573],[122.03942,11.41519],[121.88462,11.89249]]}},{"type":"Feature","properties":{},"geometry":{"type":"LineString","coordinates":[[125.50266,12.1633],[125.78346,11.04621],[125.01305,11.31195],[125.03105,10.97513],[125.27585,10.35904],[124.80065,10.13392],[124.76105,10.83803],[124.45864,10.8905],[124.30384,11.49474],[124.89065,11.41519],[124.87625,11.79432],[124.26784,12.55767],[125.22545,12.53567],[125.50266,12.1633]]}},{"type":"Feature","properties":{},"geometry":{"type":"LineString","coordinates":[[121.52822,13.06882],[121.26181,12.20562],[120.83341,12.70492],[120.3222,13.46657],[121.17901,13.42934],[121.52822,13.06882]]}},{"type":"Feature","properties":{},"geometry":{"type":"LineString","coordinates":[[121.32301,18.50363],[121.93862,18.21928],[122.24462,18.47824],[122.33822,18.22435],[122.17262,17.80968],[122.51463,17.09373],[122.25182,16.26268],[121.66142,15.93094],[121.50662,15.12528],[121.72982,14.32808],[122.25902,14.21807],[122.70183,14.33655],[123.95104,13.78139],[123.85384,13.23808],[124.18144,12.99773],[124.07704,12.53736],[123.29943,13.0282],[122.92863,13.55289],[122.67303,13.18561],[122.03582,13.78477],[121.12501,13.63752],[120.62821,13.85755],[120.67861,14.27054],[120.99181,14.52611],[120.69301,14.7563],[120.56341,14.39579],[120.0702,14.97126],[119.9226,15.40624],[119.883,16.36423],[120.2862,16.03418],[120.3906,17.5998],[120.71461,18.50532],[121.32301,18.50363]]}},{"type":"Feature","properties":{},"geometry":{"type":"LineString","coordinates":[[-65.59086,18.22774],[-65.84646,17.97555],[-66.59887,17.98232],[-67.18567,17.94678],[-67.24327,18.37499],[-67.09927,18.52055],[-66.28206,18.51547],[-65.77086,18.42746],[-65.59086,18.22774]]}},{"type":"Feature","properties":{},"geometry":{"type":"LineString","coordinates":[[-76.90217,17.86892],[-77.20457,17.70135],[-77.76618,17.86215],[-78.33858,18.22605],[-78.21618,18.45454],[-77.79858,18.52394],[-76.89497,18.40038],[-76.36576,18.16004],[-76.20016,17.88754],[-76.90217,17.86892]]}},{"type":"Feature","properties":{},"geometry":{"type":"LineString","coordinates":[[-72.57853,19.87121],[-71.71092,19.71381],[-71.58852,19.88475],[-70.80731,19.87968],[-70.2133,19.62241],[-69.9505,19.6478],[-69.7705,19.29405],[-69.22329,19.31267],[-69.25569,19.01478],[-68.80929,18.97924],[-68.31968,18.61195],[-68.69049,18.20574],[-69.16569,18.42238],[-69.6229,18.38007],[-69.9541,18.42746],[-70.1341,18.24636],[-70.51571,18.18373],[-70.67051,18.42746],[-71.00171,18.28359],[-71.40131,17.59811],[-71.65692,17.75721],[-71.70732,18.04494],[-72.37332,18.2142],[-72.84493,18.1448],[-73.45333,18.21758],[-73.92134,18.0314],[-74.45774,18.34283],[-74.37134,18.66442],[-72.69373,18.44608],[-72.33372,18.66781],[-72.79093,19.1011],[-72.78373,19.48362],[-73.41373,19.63933],[-73.19053,19.91522],[-72.57853,19.87121]]}},{"type":"Feature","properties":{},"geometry":{"type":"LineString","coordinates":[[110.3393,18.67796],[109.47529,18.19727],[108.65449,18.50701],[108.62569,19.36852],[109.11889,19.82044],[110.2133,20.1014],[110.78571,20.07771],[111.00891,19.69519],[110.56971,19.25512],[110.3393,18.67796]]}},{"type":"Feature","properties":{},"geometry":{"type":"LineString","coordinates":[[-155.54136,19.08417],[-155.68896,18.91661],[-155.93736,19.05879],[-155.90856,19.33806],[-156.07416,19.70365],[-156.02376,19.81367],[-155.85096,19.97785],[-155.91936,20.17418],[-155.86176,20.26727],[-155.22455,19.99308],[-155.06255,19.85937],[-154.80695,19.50901],[-154.83215,19.45315],[-155.54136,19.08417]]}},{"type":"Feature","properties":{},"geometry":{"type":"LineString","coordinates":[[-156.07776,20.64471],[-156.41616,20.57193],[-156.58537,20.7835],[-156.70057,20.86475],[-156.71137,20.92737],[-156.61417,21.012],[-156.25776,20.91722],[-155.99496,20.76489],[-156.07776,20.64471]]}},{"type":"Feature","properties":{},"geometry":{"type":"LineString","coordinates":[[-156.75817,21.17618],[-156.79057,21.06955],[-157.32697,21.09832],[-157.25137,21.22018],[-156.75817,21.17618]]}},{"type":"Feature","properties":{},"geometry":{"type":"LineString","coordinates":[[-157.65458,21.32174],[-157.70858,21.26419],[-158.12618,21.31327],[-158.29178,21.57901],[-158.02538,21.7178],[-157.65458,21.32174]]}},{"type":"Feature","properties":{},"geometry":{"type":"LineString","coordinates":[[-159.34659,21.98183],[-159.46539,21.88367],[-159.8002,22.06477],[-159.7498,22.13755],[-159.595,22.23572],[-159.36459,22.21541],[-159.34659,21.98183]]}},{"type":"Feature","properties":{},"geometry":{"type":"LineString","coordinates":[[-79.6778,22.76549],[-79.28179,22.3999],[-78.34578,22.51161],[-76.52417,21.20664],[-76.19296,21.22018],[-75.59896,21.01708],[-75.67096,20.73442],[-74.93295,20.6938],[-74.17694,20.2842],[-74.29574,20.05063],[-74.96175,19.92368],[-75.63496,19.8746],[-76.32256,19.95246],[-77.75538,19.85598],[-77.08577,20.41283],[-77.49257,20.67349],[-78.13698,20.7395],[-78.48258,21.02892],[-78.72019,21.59762],[-79.28539,21.5587],[-80.2178,21.82781],[-80.51661,22.03769],[-81.81982,22.19171],[-82.16902,22.38636],[-81.79462,22.63686],[-82.77743,22.68763],[-83.49383,22.16802],[-83.90784,22.15448],[-84.05184,21.91075],[-84.54865,21.80073],[-84.97345,21.89551],[-84.44784,22.20525],[-84.23184,22.56577],[-83.77824,22.78749],[-83.26703,22.98383],[-82.51103,23.07861],[-82.26982,23.18863],[-81.40581,23.11754],[-80.61741,23.10569],[-79.6778,22.76549]]}},{"type":"Feature","properties":{},"geometry":{"type":"LineString","coordinates":[[-77.53578,23.75902],[-77.78058,23.70994],[-78.03258,24.28541],[-78.40698,24.57483],[-78.19098,25.20954],[-77.88858,25.17062],[-77.53938,24.33957],[-77.53578,23.75902]]}},{"type":"Feature","properties":{},"geometry":{"type":"LineString","coordinates":[[121.17541,22.79088],[120.74701,21.96999],[120.2214,22.81457],[120.1062,23.55591],[120.69301,24.53929],[121.49581,25.29586],[121.95302,24.99797],[121.77662,24.39373],[121.17541,22.79088]]}},{"type":"Feature","properties":{},"geometry":{"type":"LineString","coordinates":[[-77.82018,26.58052],[-78.91099,26.41972],[-78.97939,26.79039],[-78.51139,26.86994],[-77.84898,26.83948],[-77.82018,26.58052]]}},{"type":"Feature","properties":{},"geometry":{"type":"LineString","coordinates":[[-76.99937,26.59067],[-77.17217,25.8798],[-77.35577,26.00674],[-77.34137,26.52974],[-77.78778,26.9258],[-77.79138,27.0392],[-76.99937,26.59067]]}},{"type":"Feature","properties":{},"geometry":{"type":"LineString","coordinates":[[121.03327,28],[120.3942,27.05274],[119.5842,25.74101],[118.65539,24.54775],[117.28017,23.62531],[115.89056,22.78242],[114.76375,22.66732],[114.15174,22.22387],[113.80614,22.54884],[113.24093,22.05123],[111.84412,21.55023],[110.78571,21.3979],[110.4437,20.34175],[109.8893,20.28251],[109.6265,21.00861],[109.8641,21.39452],[108.52129,21.7161],[108.04968,21.55193],[106.71407,20.69718],[105.88246,19.75274],[105.66286,19.05879],[107.36207,16.69767],[108.26928,16.07988],[108.87769,15.27592],[109.33489,13.42595],[109.20169,11.66738],[108.36648,11.00898],[107.22167,10.36411],[106.40446,9.53137],[105.15885,8.60047],[104.79525,9.24025],[105.07605,9.91897],[104.33444,10.48598],[103.49563,10.63323],[103.09243,11.15285],[102.58483,12.187],[101.68842,12.64568],[100.83161,12.62706],[100.97921,13.41241],[100.0972,13.40733],[100.018,12.30717],[99.15399,9.96298],[99.22239,9.23856],[99.874,9.2081],[100.2808,8.29581],[100.4608,7.42922],[101.01881,6.85713],[101.62362,6.74034],[102.14202,6.22242],[102.37242,6.12764],[102.96283,5.52509],[103.38043,4.85483],[103.43803,4.1812],[103.33363,3.7259],[103.43083,3.38231],[103.50284,2.79161],[103.85564,2.51572],[104.24804,1.63051],[104.23004,1.29369],[103.52084,1.22599],[102.57403,1.96733],[101.38961,2.76114],[101.27441,3.2706],[100.69481,3.93916],[100.55801,4.76682],[100.198,5.31183],[100.306,6.04132],[100.0864,6.46446],[99.6904,6.84867],[99.5212,7.3429],[98.50239,8.38213],[98.34038,7.79481],[98.14958,8.34997],[98.25758,8.97452],[98.55279,9.93251],[98.45558,10.67554],[98.76519,11.44058],[98.42678,12.03298],[98.50959,13.12298],[98.10278,13.64091],[97.77878,14.83755],[97.59878,16.10019],[97.16317,16.92955],[96.50437,16.42686],[95.37035,15.71429],[94.80875,15.804],[94.18954,16.03757],[94.53515,17.27652],[94.32634,18.2142],[93.54154,19.36683],[93.66394,19.72735],[93.07713,19.85598],[92.36792,20.6701],[92.08352,21.1931],[92.02592,21.70256],[91.83512,22.18325],[91.41751,22.76549],[90.4959,22.80442],[90.58591,22.39313],[90.2727,21.83627],[89.8479,22.03938],[89.7003,21.85659],[89.41949,21.9666],[89.03069,22.05631],[88.89029,21.69071],[88.20988,21.70256],[86.97507,21.49607],[87.03267,20.74288],[86.49986,20.15218],[85.05985,19.47854],[83.94024,18.30221],[83.18783,17.67089],[82.19422,17.01756],[82.19062,16.55718],[81.69382,16.31007],[80.79381,15.95125],[80.3258,15.89878],[80.0234,15.13713],[80.2322,13.83555],[80.2862,13.0062],[79.8614,12.05667],[79.8578,10.35734],[79.33939,10.30826],[78.88579,9.54661],[79.18819,9.21656],[78.27738,8.9339],[77.94258,8.25349],[77.53938,7.96576],[76.59257,8.90005],[76.13176,10.2998],[75.74656,11.30856],[75.39735,11.78078],[74.86455,12.74216],[74.61615,13.99296],[74.44334,14.61751],[73.53254,15.99018],[72.81973,19.20773],[72.82333,20.4196],[72.62893,21.35559],[71.17451,20.75812],[70.4689,20.87659],[69.16569,22.08847],[69.6445,22.45067],[69.34929,22.84335],[68.17568,23.69132],[67.44487,23.9452],[67.14607,24.66454],[66.37206,25.4245],[64.52885,25.23663],[62.90523,25.21801],[61.49761,25.07752],[59.6148,25.38049],[58.52759,25.61068],[57.39717,25.73932],[56.97237,26.96642],[56.49356,27.14414],[55.72316,26.96473],[54.71515,26.48066],[53.49473,26.8124],[52.48312,27.58082],[51.52192,27.86517],[51.42683,28]]}},{"type":"Feature","properties":{},"geometry":{"type":"LineString","coordinates":[[48.66618,28],[48.80749,27.68914],[49.30069,27.46065],[49.46989,27.11029],[50.1539,26.69053],[50.2115,26.27755],[50.1143,25.94411],[50.2403,25.6073],[50.52831,25.32802],[50.66151,24.99967],[50.80911,24.75425],[50.74431,25.48205],[51.01431,26.00674],[51.28791,26.11506],[51.59032,25.80025],[51.60832,25.21631],[51.38871,24.6273],[51.57952,24.24479],[51.75592,24.29387],[51.79552,24.01968],[52.57673,24.17708],[54.00954,24.12123],[54.69355,24.79825],[55.43875,25.43973],[56.07236,26.05582],[56.36036,26.39603],[56.48636,26.30971],[56.39276,25.89672],[56.25956,25.71393],[56.39636,24.92519],[56.84637,24.2414],[57.40437,23.87919],[58.13878,23.74717],[58.72919,23.56607],[59.44919,22.66055],[59.8092,22.53361],[59.8056,22.31019],[59.28359,21.43345],[58.86239,21.11355],[58.48798,20.42976],[58.03438,20.48223],[57.82558,20.24358],[57.66718,19.73581],[57.78958,19.06725],[57.69598,18.94538],[57.23517,18.94877],[56.60877,18.57471],[56.51157,18.08726],[56.28476,17.87569],[55.66196,17.88415],[55.26955,17.63196],[55.27315,17.22744],[54.79075,16.94986],[54.23994,17.04464],[53.57034,16.70782],[53.10953,16.65197],[52.38592,16.38285],[52.19152,15.93771],[52.16992,15.5975],[51.17271,15.17606],[49.5743,14.70891],[48.67789,14.00311],[48.23868,13.94895],[47.93988,14.0065],[47.35307,13.59182],[46.71587,13.40056],[45.87706,13.34809],[45.62506,13.29055],[45.40545,13.02651],[45.14265,12.95373],[44.99145,12.69984],[44.49464,12.72185],[44.17424,12.58644],[43.48303,12.63722],[43.22383,13.22115],[43.25263,13.76785],[43.08703,14.06235],[42.89263,14.802],[42.60463,15.21329],[42.80623,15.26238],[42.70183,15.71937],[42.82423,15.91232],[42.78103,16.34731],[42.65143,16.77552],[42.34902,17.07511],[42.26982,17.47455],[41.75502,17.83337],[41.22221,18.67119],[40.93781,19.487],[40.2466,20.17418],[39.8002,20.33836],[39.13779,21.29127],[39.02259,21.98691],[39.06579,22.57931],[38.49338,23.68793],[38.02538,24.07892],[37.48537,24.28541],[37.15417,24.85918],[37.20817,25.08429],[36.93097,25.60391],[36.63937,25.82564],[36.25056,26.57036],[35.17763,28]]}},{"type":"Feature","properties":{},"geometry":{"type":"LineString","coordinates":[[34.24709,28],[34.15534,27.82285],[33.92134,27.64852],[33.55803,28]]}},{"type":"Feature","properties":{},"geometry":{"type":"LineString","coordinates":[[33.16481,28],[33.34893,27.6993],[34.10494,26.14214],[34.47214,25.59883],[34.79615,25.03352],[35.69256,23.92658],[35.49455,23.75225],[35.52696,23.10231],[36.68977,22.20525],[36.86617,22.00045],[37.19017,21.01877],[36.97057,20.83767],[37.11457,19.80859],[37.48177,18.61364],[38.41058,17.99755],[38.99019,16.84153],[39.26739,15.92248],[39.8146,15.43502],[41.17901,14.49057],[42.59023,13.00112],[43.07983,12.69984],[43.31743,12.39011],[43.28503,11.97543],[42.71623,11.73509],[43.47223,11.27809],[43.66664,10.86511],[44.11664,10.44536],[44.61345,10.44197],[45.55666,10.69755],[46.64387,10.81603],[47.52588,11.12746],[48.02268,11.19347],[48.37908,11.37626],[49.26829,11.43042],[49.7291,11.57937],[50.2583,11.67923],[50.73351,12.02113],[51.11151,12.02451],[51.13311,11.74863],[51.04311,11.16639],[51.04671,10.64169],[50.83431,10.27948],[50.55351,9.19794],[50.0711,8.08254],[49.45189,6.80466],[48.59509,5.33891],[47.74188,4.22012],[46.56467,2.85592],[45.56386,2.04519],[44.06984,1.05335],[43.13743,0.2917],[42.04302,-0.91848],[41.81262,-1.44656],[41.58582,-1.68352],[40.88381,-2.08296],[40.63901,-2.49933],[40.2646,-2.57381],[40.1206,-3.27791],[39.8002,-3.68074],[39.6058,-4.34591],[39.20259,-4.67596],[38.74179,-5.90815],[38.79939,-6.47515],[39.44019,-6.84075],[39.46899,-7.09971],[39.19539,-7.70395],[39.25299,-8.00861],[39.18819,-8.48591],[39.5374,-9.11216],[39.9514,-10.09892],[40.315,-10.31726],[40.477,-10.76579],[40.4374,-11.76101],[40.55981,-12.63945],[40.59941,-14.20168],[40.77581,-14.69252],[40.477,-15.40678],[40.0882,-16.10073],[39.45099,-16.72021],[37.40977,-17.5868],[36.28296,-18.65988],[35.89776,-18.84268],[35.19935,-19.55355],[34.78535,-19.78374],[34.70255,-20.49631],[35.17775,-21.25457],[35.37215,-21.8402],[35.38655,-22.13978],[35.56296,-22.0907],[35.53416,-23.07069],[35.37215,-23.53445],[35.60616,-23.70709],[35.45855,-24.12346],[35.04095,-24.4789],[33.01413,-25.35734],[32.57493,-25.72801],[32.66133,-26.14776],[32.91693,-26.21546],[32.83053,-26.74185],[32.57853,-27.46965],[32.46332,-28.3007],[32.20412,-28.75261],[31.32571,-29.40255],[30.90091,-29.91032],[30.62371,-30.42316],[30.0549,-31.14081],[28.21888,-32.77244],[27.46647,-33.22773],[26.41886,-33.61533],[25.91126,-33.6678],[25.78166,-33.94538],[25.17325,-33.79643],[24.67645,-33.98769],[23.59284,-33.79474],[22.98803,-33.91661],[22.57403,-33.86414],[21.54442,-34.2585],[20.68761,-34.4176],[20.072,-34.79504],[19.6148,-34.81874],[19.19359,-34.4633],[18.85519,-34.44468],[18.42318,-33.99785],[18.37638,-34.13664],[18.24318,-33.86752],[18.25038,-33.2819],[17.92638,-32.61164],[18.24678,-32.42885],[18.22158,-31.66212],[17.56638,-30.72613],[16.34596,-28.57658],[15.60076,-27.8217],[15.21195,-27.09052],[14.98875,-26.1173],[14.74395,-25.39288],[14.40914,-23.85265],[14.38394,-22.65601],[14.25794,-22.11101],[13.86914,-21.69972],[13.35073,-20.87206],[12.82513,-19.67372],[12.60913,-19.04579],[11.79552,-18.06918],[11.73432,-17.30245],[11.64072,-16.67282],[11.77752,-15.79438],[12.12312,-14.87871],[12.17712,-14.4488],[12.50113,-13.54836],[12.73873,-13.13706],[13.31113,-12.48374],[13.63514,-12.03859],[13.73954,-11.29725],[13.68554,-10.73025],[13.38673,-10.37312],[12.87553,-9.16632],[12.92953,-8.95983],[13.23553,-8.56208],[12.72793,-6.92707],[12.22752,-6.29405],[12.32112,-6.0994],[12.18072,-5.78967],[11.91432,-5.03817],[11.09351,-3.97863],[10.0675,-2.96986],[9.40509,-2.1439],[8.79669,-1.11143],[8.82909,-0.77969],[9.04869,-0.4598],[9.28989,0.268],[9.49149,1.00934],[9.30429,1.16167],[9.6499,2.28384],[9.7939,3.07426],[9.40509,3.73436],[8.94789,3.90362],[8.74629,4.35214],[8.49068,4.49601],[8.50149,4.7719],[7.46107,4.41138],[7.08307,4.46555],[6.69787,4.24044],[5.89866,4.26244],[5.36225,4.88869],[5.03465,5.61141],[4.32544,6.27151],[2.69103,6.25966],[1.86662,6.14287],[1.06021,5.92961],[-0.50941,5.34398],[-1.06381,5.00039],[-1.96382,4.71097],[-2.85663,4.99532],[-3.31023,4.98347],[-4.00864,5.17981],[-4.64945,5.16796],[-5.83386,4.99362],[-7.51868,4.3386],[-7.97588,4.35553],[-9.00549,4.83283],[-9.9127,5.59448],[-10.76591,6.14118],[-11.43911,6.78604],[-11.70912,6.86052],[-12.42912,7.26335],[-12.94753,7.79819],[-13.12393,8.16379],[-13.24633,8.90343],[-13.68554,9.49414],[-14.07434,9.88681],[-14.32994,10.01545],[-14.57835,10.21517],[-14.69355,10.65693],[-14.84115,10.87696],[-15.12915,11.04114],[-15.66556,11.4592],[-16.08676,11.52521],[-16.31356,11.80617],[-16.30996,11.9585],[-16.61237,12.17007],[-16.84277,13.15176],[-16.71317,13.59521],[-17.12717,14.37378],[-17.62398,14.72922],[-17.18477,14.91879],[-16.70237,15.6212],[-16.46476,16.13574],[-16.55117,16.67397],[-16.27036,17.16651],[-16.14796,18.10926],[-16.25596,19.09602],[-16.37836,19.59363],[-16.27756,20.09294],[-16.53677,20.56855],[-17.06237,21.00015],[-16.97237,21.88536],[-16.59077,22.15786],[-16.26316,22.67917],[-16.32796,23.01768],[-15.98236,23.72348],[-15.42435,24.35988],[-15.08955,24.52067],[-14.82315,25.10291],[-14.80155,25.63607],[-14.44154,26.25385],[-13.77554,26.61945],[-13.13833,27.64006],[-12.66921,28]]}},{"type":"Feature","properties":{},"geometry":{"type":"LineString","coordinates":[[-80.51481,28],[-80.0558,26.8801],[-80.0882,26.20646],[-80.1314,25.81717],[-80.3798,25.20616],[-80.67861,25.08091],[-81.17181,25.20108],[-81.33021,25.63945],[-81.71182,25.86964],[-82.70543,27.4945],[-82.85663,27.88548],[-82.8213,28]]}},{"type":"Feature","properties":{},"geometry":{"type":"LineString","coordinates":[[-96.94624,28],[-97.14157,27.82962],[-97.36837,27.3794],[-97.37917,26.69053],[-97.32877,26.20985],[-97.13797,25.86795],[-97.52678,24.9929],[-97.70318,24.27187],[-97.77518,22.93305],[-97.87238,22.4439],[-97.69958,21.8989],[-97.38997,21.41144],[-97.18837,20.63625],[-96.52597,19.89153],[-96.29196,19.32113],[-95.89956,18.8286],[-94.83755,18.56287],[-94.42714,18.1448],[-93.54874,18.42408],[-92.78553,18.52563],[-91.40671,18.87599],[-90.77311,19.2839],[-90.53191,19.86783],[-90.4527,20.70734],[-90.2799,21.00015],[-89.6031,21.2625],[-88.54469,21.49438],[-87.65908,21.45883],[-87.05067,21.54346],[-86.81307,21.33189],[-86.84547,20.84951],[-87.38187,20.25543],[-87.61948,19.6461],[-87.43587,19.47177],[-87.83548,18.2599],[-88.09108,18.51717],[-88.29988,18.50024],[-88.29628,18.35299],[-88.10548,18.34791],[-88.12348,18.0771],[-88.28548,17.64381],[-88.19908,17.48978],[-88.30348,17.13096],[-88.23868,17.03618],[-88.35388,16.5301],[-88.55189,16.26606],[-88.73189,16.23391],[-88.92989,15.88693],[-88.60589,15.70583],[-88.51949,15.85477],[-88.11988,15.6889],[-87.90028,15.86493],[-87.61588,15.87847],[-87.52228,15.79723],[-87.36747,15.84631],[-86.90307,15.7566],[-86.44226,15.78369],[-86.11826,15.8937],[-86.00306,16.00541],[-85.44505,15.88524],[-85.18225,15.90893],[-84.98425,15.99526],[-84.36864,15.83446],[-84.06264,15.64828],[-83.77464,15.42486],[-83.41103,15.27084],[-83.14823,14.99665],[-83.23463,14.90017],[-83.28503,14.67675],[-83.18063,14.31116],[-83.41103,13.96926],[-83.51904,13.56813],[-83.55144,13.12637],[-83.49743,12.8691],[-83.47223,12.41888],[-83.62704,12.32071],[-83.72064,11.89249],[-83.65224,11.62845],[-83.85384,11.37288],[-83.81064,11.10376],[-83.65584,10.93958],[-83.40383,10.39627],[-82.18702,9.2081],[-82.20862,8.99653],[-81.80902,8.95083],[-81.71542,9.03207],[-81.43821,8.78665],[-80.94861,8.85774],[-80.52021,9.11162],[-79.9154,9.31303],[-79.5734,9.61092],[-79.02259,9.55338],[-79.05859,9.45521],[-78.50059,9.41967],[-78.05418,9.24702],[-77.73018,8.94744],[-77.35217,8.66986],[-76.83737,8.6394],[-76.08496,9.33673],[-75.67456,9.44336],[-75.66376,9.77341],[-75.48015,10.61969],[-74.90775,11.08345],[-74.27774,11.10207],[-74.19854,11.31025],[-73.41373,11.22732],[-72.23652,11.95512],[-71.75412,12.4375],[-71.40131,12.37656],[-71.13851,12.11253],[-71.33291,11.77571],[-71.36171,11.54044],[-71.94852,11.42365],[-71.62092,10.97005],[-71.63172,10.44705],[-72.07452,9.8665],[-71.69652,9.07269],[-71.26451,9.13701],[-71.04131,9.85973],[-71.35091,10.21178],[-71.40131,10.96836],[-70.1557,11.37626],[-70.2925,11.84679],[-69.9433,12.16161],[-69.5833,11.4592],[-68.88129,11.44397],[-68.23328,10.88542],[-68.19368,10.55537],[-67.29727,10.54522],[-66.22806,10.64846],[-65.65566,10.20163],[-64.88885,10.07807],[-64.33084,10.3895],[-64.31644,10.64169],[-63.07803,10.70093],[-61.87922,10.71616],[-62.72883,10.41997],[-62.38682,9.94774],[-61.58762,9.87327],[-60.83161,9.38074],[-60.66961,8.58016],[-60.1512,8.60216],[-59.09999,7.99961],[-58.48438,7.34797],[-58.45558,6.83344],[-58.07758,6.80974],[-57.14877,5.97362],[-55.94996,5.7722],[-55.84196,5.9533],[-55.03195,6.02609],[-53.95914,5.75697],[-52.88273,5.40999],[-51.82432,4.56541],[-51.65872,4.15581],[-51.31671,4.2032],[-51.06831,3.64973],[-50.51031,1.90132],[-49.9739,1.73714],[-49.9487,1.04658],[-50.69751,0.2223],[-50.3879,-0.07897],[-48.62029,-0.23469],[-48.58429,-1.23838],[-47.82468,-0.58166],[-46.56827,-0.94049],[-44.90505,-1.5515],[-44.41904,-2.13713],[-44.58105,-2.69059],[-43.41823,-2.38255],[-41.47421,-2.91232],[-39.9802,-2.87339],[-38.50059,-3.70105],[-37.22257,-4.82152],[-36.45216,-5.10926],[-35.59896,-5.14988],[-35.23535,-5.4647],[-34.73135,-7.34344],[-35.12735,-8.99707],[-35.63856,-9.6487],[-37.04617,-11.03998],[-37.68338,-12.17061],[-38.42498,-13.0389],[-38.67339,-13.05751],[-38.95419,-13.79378],[-38.88219,-15.66744],[-39.26739,-17.86776],[-39.5842,-18.26213],[-39.7606,-19.59925],[-40.77581,-20.90421],[-40.94501,-21.93668],[-41.75502,-22.36997],[-41.98902,-22.97083],[-43.07623,-22.96744],[-44.64945,-23.35165],[-45.35145,-23.7968],[-46.47106,-24.08961],[-47.64828,-24.88511],[-48.49428,-25.87695],[-48.64189,-26.62337],[-48.47628,-27.17514],[-48.65989,-28.1856],[-48.88669,-28.67475],[-49.5887,-29.22483],[-50.69751,-30.98509],[-51.57592,-31.77721],[-52.25632,-32.24605],[-52.71353,-33.19727],[-53.37233,-33.76766],[-53.80794,-34.39729],[-54.93475,-34.95245],[-55.67276,-34.75273],[-56.21636,-34.85936],[-57.13797,-34.43114],[-57.81838,-34.4633],[-58.42678,-33.90984],[-58.49518,-34.43114],[-57.22437,-35.28758],[-57.36117,-35.97814],[-56.73837,-36.41313],[-56.78877,-36.90228],[-57.74998,-38.18355],[-59.23319,-38.72009],[-61.23841,-38.92827],[-62.33642,-38.82841],[-62.12402,-39.42419],[-62.32922,-40.1723],[-62.14562,-40.67668],[-62.74683,-41.02874],[-63.76924,-41.16753],[-64.73045,-40.80193],[-65.11925,-41.06428],[-64.97885,-42.05781],[-64.30204,-42.35909],[-63.75484,-42.04427],[-63.45963,-42.56389],[-64.37764,-42.87363],[-65.18045,-43.49479],[-65.32805,-44.50187],[-65.56566,-45.03672],[-66.50887,-45.0401],[-67.29367,-45.55125],[-67.58168,-46.30106],[-66.59527,-47.03393],[-65.64126,-47.23535],[-65.98686,-48.1341],[-67.16767,-48.69772],[-67.81568,-49.86897],[-68.73009,-50.26503],[-69.13689,-50.73218],[-68.81649,-51.77141],[-68.15048,-52.35026],[-68.57169,-52.29948],[-69.46089,-52.29271],[-69.9433,-52.53814],[-70.84331,-52.89865],[-71.00531,-53.83294],[-71.43011,-53.85664],[-72.55693,-53.53167],[-73.70174,-52.83433],[-74.94735,-52.26225],[-75.26055,-51.62923],[-74.97615,-51.04361],[-75.48015,-50.37843],[-75.60976,-48.67402],[-75.18135,-47.71265],[-74.12654,-46.93915],[-75.64576,-46.64803],[-74.69175,-45.76452],[-74.35334,-44.10242],[-73.24093,-44.45448],[-72.71893,-42.38278],[-73.38853,-42.11705],[-73.70174,-43.36616],[-74.33174,-43.22568],[-74.01854,-41.79547],[-73.67654,-39.94211],[-73.21933,-39.25832],[-73.50374,-38.28341],[-73.58654,-37.15616],[-73.16533,-37.124],[-72.55333,-35.5093],[-71.86212,-33.90984],[-71.43731,-32.41869],[-71.66772,-30.92078],[-71.36891,-30.0965],[-71.49131,-28.86093],[-70.90451,-27.6406],[-70.72451,-25.706],[-70.0909,-21.39336],[-70.1629,-19.75666],[-70.3717,-18.34845],[-71.37611,-17.77298],[-71.46251,-17.36338],[-73.44613,-16.3597],[-75.23895,-15.2663],[-76.00936,-14.64852],[-76.42336,-13.82255],[-76.25776,-13.53481],[-77.10737,-12.22308],[-78.09378,-10.37819],[-79.03699,-8.38605],[-79.44739,-7.93075],[-79.7606,-7.19449],[-80.53821,-6.54116],[-81.25101,-6.13664],[-80.92701,-5.68981],[-81.40941,-4.7369],[-81.09981,-4.03618],[-80.3042,-3.40485],[-79.7714,-2.65674],[-79.9874,-2.22006],[-80.369,-2.68551],[-80.96661,-2.24714],[-80.76501,-1.96448],[-80.93421,-1.05727],[-80.58501,-0.90664],[-80.3978,-0.28377],[-80.0198,0.36109],[-80.0918,0.769],[-79.541,0.98226],[-78.85699,1.3817],[-78.99019,1.69144],[-78.61939,1.76592],[-78.66259,2.26691],[-78.42858,2.62912],[-77.93178,2.69682],[-77.12897,3.84945],[-77.49617,4.08811],[-77.30897,4.66865],[-77.53218,5.58263],[-77.31977,5.84498],[-77.47817,6.69126],[-77.88138,7.22442],[-78.21618,7.51215],[-78.42858,8.05208],[-78.18378,8.3195],[-78.43578,8.3872],[-78.62299,8.71725],[-79.11979,8.99653],[-79.559,8.93221],[-79.7606,8.58523],[-80.1638,8.33304],[-80.3834,8.29919],[-80.4806,8.09101],[-80.0054,7.5477],[-80.2754,7.41906],[-80.4194,7.27181],[-80.88741,7.22103],[-81.06021,7.8185],[-81.18981,7.64756],[-81.52102,7.7068],[-81.72262,8.10962],[-82.13302,8.17563],[-82.39222,8.29242],[-82.82063,8.29073],[-82.84943,8.07408],[-82.96463,8.22472],[-83.50824,8.44644],[-83.70984,8.65632],[-83.59464,8.83065],[-83.63424,9.05069],[-83.91144,9.29103],[-84.30384,9.48737],[-84.64585,9.616],[-84.71425,9.90881],[-84.97705,10.08653],[-84.91225,9.79541],[-85.11025,9.55676],[-85.34065,9.83434],[-85.66106,9.93251],[-85.79786,10.13562],[-85.79066,10.43859],[-85.66106,10.75509],[-85.94186,10.89558],[-85.71146,11.08853],[-86.52507,11.80617],[-86.74467,12.14468],[-87.16587,12.45781],[-87.66988,12.90972],[-87.55828,13.06544],[-87.39267,12.9148],[-87.31707,12.98419],[-87.48987,13.29732],[-87.79228,13.38533],[-87.90388,13.14837],[-88.48348,13.1636],[-88.84349,13.26008],[-89.25749,13.45811],[-89.8119,13.52073],[-90.0963,13.73569],[-90.60751,13.91002],[-91.23391,13.92864],[-91.69112,14.12667],[-92.22752,14.53965],[-93.35793,15.61612],[-93.87634,15.94109],[-94.68995,16.20175],[-95.25155,16.12897],[-96.05436,15.75153],[-96.55837,15.65336],[-97.26397,15.9174],[-98.01278,16.10696],[-98.94879,16.56565],[-99.6976,16.70613],[-100.82801,17.17158],[-101.66682,17.64888],[-101.91882,17.91631],[-102.47682,17.97555],[-103.49923,18.29206],[-103.91684,18.74905],[-104.99325,19.31606],[-105.49365,19.94738],[-105.73126,20.43484],[-105.39645,20.53131],[-105.50086,20.81735],[-105.27045,21.07632],[-105.26685,21.4216],[-105.60166,21.87182],[-105.69166,22.26957],[-106.03006,22.77395],[-106.90847,23.76748],[-107.91648,24.54945],[-108.40248,25.17231],[-109.25929,25.58021],[-109.44289,25.82564],[-109.29169,26.44342],[-109.8029,26.6753],[-110.3933,27.16276],[-110.64171,27.86009],[-111.17811,27.94133],[-111.24311,28]]}},{"type":"Feature","properties":{},"geometry":{"type":"LineString","coordinates":[[-112.83074,28],[-112.76213,27.78054],[-112.45612,27.52666],[-112.24372,27.17122],[-111.61732,26.66345],[-111.28611,25.73254],[-110.71011,24.82533],[-110.65611,24.29895],[-110.1737,24.2651],[-109.41049,23.36466],[-109.43209,23.18524],[-109.8533,22.81796],[-110.0297,22.82304],[-110.2961,23.43067],[-110.95131,24.00106],[-111.67132,24.48513],[-112.18252,24.73901],[-112.15012,25.4702],[-112.30132,26.01182],[-113.46413,26.76839],[-113.59734,26.63976],[-113.84934,26.90041],[-114.46494,27.14245],[-115.05535,27.72299],[-114.98335,27.79747],[-114.56935,27.74161],[-114.3132,28]]}},{"type":"Feature","properties":{},"geometry":{"type":"LineString","coordinates":[[-63.66484,46.54932],[-62.93763,46.41561],[-62.01242,46.44269],[-62.50563,46.03309],[-62.87283,45.96878],[-64.14364,46.39192],[-64.39204,46.72704],[-64.01404,47.03678],[-63.66484,46.54932]]}},{"type":"Feature","properties":{},"geometry":{"type":"LineString","coordinates":[[-61.80722,49.10509],[-62.29322,49.08647],[-63.58924,49.40128],[-64.51805,49.87351],[-64.17244,49.95644],[-62.85843,49.70594],[-61.83602,49.28788],[-61.80722,49.10509]]}},{"type":"Feature","properties":{},"geometry":{"type":"LineString","coordinates":[[-123.50824,48.50931],[-124.01224,48.37052],[-125.65386,48.82581],[-125.95626,49.17956],[-126.84907,49.52992],[-127.02907,49.81427],[-128.06196,50]]}},{"type":"Feature","properties":{},"geometry":{"type":"LineString","coordinates":[[-125.46558,50],[-124.91945,49.47576],[-123.92224,49.06277],[-123.50824,48.50931]]}},{"type":"Feature","properties":{},"geometry":{"type":"LineString","coordinates":[[-56.65409,50],[-56.79597,49.81258],[-56.43338,50]]}},{"type":"Feature","properties":{},"geometry":{"type":"LineString","coordinates":[[-55.67276,50],[-55.47115,49.93613],[-55.82396,49.58747],[-54.93475,49.31327],[-54.47394,49.557],[-53.47673,49.24895],[-53.78634,48.51608],[-53.08793,48.68702],[-52.95833,48.15725],[-52.64873,47.53608],[-53.06993,46.65595],[-53.51994,46.61872],[-54.17874,46.80659],[-53.96274,47.62579],[-54.23994,47.75273],[-55.39915,46.88445],[-55.99676,46.91999],[-55.29115,47.38883],[-56.25236,47.63256],[-57.32517,47.57332],[-59.26559,47.60379],[-59.42039,47.89998],[-58.79759,48.25204],[-59.23319,48.52285],[-58.39078,49.1254],[-57.82341,50]]}},{"type":"Feature","properties":{},"geometry":{"type":"LineString","coordinates":[[-5.16973,50],[-5.24345,49.95983],[-5.35062,50]]}},{"type":"Feature","properties":{},"geometry":{"type":"LineString","coordinates":[[-12.66921,28],[-12.61993,28.03781],[-11.68752,28.14952],[-10.89911,28.83162],[-10.3987,29.09904],[-9.5635,29.93348],[-9.8155,31.17751],[-9.43389,32.03733],[-9.30069,32.5654],[-8.65629,33.24073],[-7.65548,33.69773],[-6.91387,34.11071],[-6.24426,35.14656],[-5.93106,35.75926],[-5.19305,35.75588],[-4.59185,35.33104],[-3.64144,35.40044],[-2.60463,35.17871],[-2.16902,35.16856],[-2,35.26469]]}},{"type":"Feature","properties":{},"geometry":{"type":"LineString","coordinates":[[-2,36.83333],[-2.14742,36.67324],[-4.36864,36.67832],[-4.99505,36.32458],[-5.37665,35.94714],[-5.86626,36.03007],[-6.23706,36.36689],[-6.52147,36.94236],[-7.45387,37.09808],[-7.85708,36.83911],[-8.38268,36.9796],[-8.89749,36.86958],[-8.74629,37.65154],[-8.83989,38.26594],[-9.28629,38.35903],[-9.5275,38.73817],[-9.44829,39.39149],[-9.04869,39.75539],[-8.97669,40.15991],[-8.76789,40.76077],[-8.78949,41.18391],[-8.99109,41.54273],[-9.03429,41.88125],[-8.98389,42.59212],[-9.39429,43.02711],[-7.97948,43.74814],[-6.75547,43.56703],[-5.41265,43.57381],[-4.34704,43.40286],[-3.51904,43.45533],[-2,43.4251]]}},{"type":"Feature","properties":{},"geometry":{"type":"LineString","coordinates":[[-2,46.83369],[-2.22662,47.06386],[-2.96463,47.56994],[-4.49104,47.95584],[-4.59185,48.68364],[-3.29583,48.90198],[-2,48.70326]]}},{"type":"Feature","properties":{},"geometry":{"type":"LineString","coordinates":[[-66.66486,50],[-67.23607,49.5113],[-68.51049,49.06785],[-69.9541,47.74427],[-71.10611,46.82183],[-70.2565,46.986],[-68.65089,48.29943],[-66.55207,49.13386],[-65.05445,49.23372],[-64.17244,48.74288],[-65.11565,48.07093],[-64.79885,46.99277],[-64.47124,46.23789],[-63.17163,45.73859],[-61.51922,45.88415],[-60.51841,47.00801],[-60.45,46.2819],[-59.802,45.91969],[-61.04041,45.26467],[-63.25443,44.67058],[-64.24804,44.26606],[-65.36405,43.54503],[-66.12366,43.6195],[-66.16326,44.46578],[-64.42444,45.29175],[-66.02646,45.25959],[-67.13887,45.13773],[-66.96607,44.80937],[-68.03168,44.3253],[-69.06129,43.98002],[-70.1161,43.68382],[-70.68851,43.03049],[-70.81451,42.86462],[-70.82531,42.33485],[-70.4941,41.80508],[-70.0801,41.77969],[-70.1845,42.14529],[-69.8857,41.92356],[-69.9649,41.63752],[-70.64171,41.47503],[-71.12051,41.49534],[-71.85852,41.31932],[-72.87733,41.22115],[-73.70894,40.93172],[-72.24012,41.1196],[-71.94492,40.93003],[-73.34533,40.63045],[-73.98254,40.62875],[-73.95374,40.75062],[-74.25614,40.47304],[-73.96094,40.42734],[-74.17694,39.70969],[-74.90775,38.93958],[-74.97975,39.19685],[-75.19935,39.24932],[-75.52696,39.49812],[-75.32175,38.95989],[-75.08415,38.78048],[-75.05535,38.40473],[-75.37575,38.01544],[-75.94096,37.21655],[-76.03096,37.25718],[-75.72136,37.93758],[-76.23256,38.3201],[-76.35136,39.14946],[-76.54217,38.71785],[-76.32976,38.08314],[-76.95977,38.23209],[-76.30096,37.91727],[-76.25776,36.96606],[-75.97336,36.89666],[-75.86896,36.55138],[-75.72856,35.55108],[-76.36216,34.80804],[-77.39897,34.51185],[-78.05418,33.92622],[-78.55459,33.8619],[-79.06219,33.49462],[-79.20259,33.1578],[-80.3006,32.50955],[-80.86581,32.03394],[-81.33741,31.43985],[-81.49221,30.73067],[-81.31221,30.03503],[-80.98101,29.18029],[-80.53461,28.4728],[-80.51481,28]]}},{"type":"Feature","properties":{},"geometry":{"type":"LineString","coordinates":[[-82.8213,28],[-82.65143,28.55065],[-82.92863,29.10074],[-83.70984,29.93686],[-84.09864,30.09088],[-85.11025,29.63558],[-85.28665,29.68636],[-85.77266,30.15351],[-86.39906,30.40062],[-87.52948,30.27368],[-88.41868,30.38539],[-89.18189,30.31599],[-89.6067,30.17551],[-89.41229,29.89455],[-89.43029,29.48833],[-89.21789,29.2903],[-89.40869,29.15998],[-89.7795,29.30723],[-90.1539,29.11766],[-90.88111,29.14813],[-91.62632,29.6779],[-92.49752,29.55265],[-93.22473,29.78453],[-93.84754,29.71344],[-94.68995,29.47987],[-95.60076,28.73853],[-96.59437,28.30693],[-96.94624,28]]}},{"type":"Feature","properties":{},"geometry":{"type":"LineString","coordinates":[[-111.24311,28],[-111.76132,28.46772],[-112.22932,28.95518],[-112.27252,29.26661],[-112.80893,30.02149],[-113.16533,30.78652],[-113.14733,31.17074],[-113.87094,31.56849],[-114.20574,31.52448],[-114.77815,31.80037],[-114.93655,31.39415],[-114.77095,30.91347],[-114.67375,30.16197],[-114.33174,29.75068],[-113.59014,29.06181],[-113.42453,28.82654],[-113.27333,28.75545],[-113.14013,28.41187],[-112.96373,28.42541],[-112.83074,28]]}},{"type":"Feature","properties":{},"geometry":{"type":"LineString","coordinates":[[-114.3132,28],[-114.19854,28.11567],[-114.16254,28.56589],[-114.93295,29.28015],[-115.51976,29.55603],[-116.72217,31.63619],[-117.12897,32.53494],[-117.29457,33.04609],[-117.94258,33.62156],[-118.41058,33.74173],[-118.51859,34.02777],[-119.08019,34.07855],[-119.44019,34.34767],[-120.369,34.44753],[-120.62101,34.60832],[-120.74341,35.15671],[-121.71542,36.16209],[-122.54703,37.55168],[-122.51103,37.78356],[-122.95383,38.11361],[-123.72784,38.95143],[-123.86464,39.76724],[-124.39744,40.31394],[-124.17784,41.1416],[-124.21384,41.99973],[-124.53425,42.76645],[-124.14184,43.70921],[-123.90064,45.52363],[-124.08064,46.86414],[-124.39744,47.72057],[-124.68545,48.18433],[-124.56665,48.37898],[-123.11943,48.04047],[-122.58663,47.09602],[-122.34182,47.36006],[-122.50023,48.18095],[-122.83863,49.00015],[-122.97543,49.00184],[-124.93319,50]]}},{"type":"Feature","properties":{},"geometry":{"type":"LineString","coordinates":[[134.63955,34.14964],[134.76555,33.80605],[134.20394,33.20181],[133.79354,33.5217],[133.27873,33.28982],[133.01593,32.70419],[132.36432,32.98854],[132.37152,33.46415],[132.92593,34.05993],[133.49473,33.94484],[133.90514,34.36459],[134.63955,34.14964]]}},{"type":"Feature","properties":{},"geometry":{"type":"LineString","coordinates":[[34.57655,35.67125],[33.89974,35.24642],[34.00414,34.9773],[32.97813,34.57109],[32.48852,34.70141],[32.25812,35.10255],[32.80173,35.14486],[32.94573,35.3869],[33.66574,35.37336],[34.57655,35.67125]]}},{"type":"Feature","properties":{},"geometry":{"type":"LineString","coordinates":[[140.97561,37.14208],[140.60121,36.34319],[140.77401,35.8422],[140.252,35.13809],[138.97399,34.66756],[137.21717,34.60663],[135.79156,33.46415],[135.12195,33.84836],[135.07875,34.59647],[133.33993,34.37644],[132.15552,33.90422],[130.98551,33.8856],[132.00072,33.14934],[131.33111,31.45001],[130.68671,31.03025],[130.2007,31.41785],[130.4491,32.31998],[129.8155,32.6111],[129.40869,33.29659],[130.3555,33.60463],[130.87751,34.23257],[131.88552,34.7505],[132.61633,35.4326],[134.60715,35.73218],[135.67636,35.52738],[136.72397,37.30457],[137.38997,36.82727],[139.42759,38.21516],[140.054,39.43888],[139.8848,40.56274],[140.306,41.19576],[141.36801,41.37856],[141.91522,39.99235],[141.88282,39.18162],[140.96121,38.17454],[140.97561,37.14208]]}},{"type":"Feature","properties":{},"geometry":{"type":"LineString","coordinates":[[143.90964,44.17466],[144.61165,43.9614],[145.32085,44.38454],[145.54406,43.26237],[144.06084,42.98818],[143.18243,41.99465],[141.61282,42.67844],[141.06561,41.58505],[139.9568,41.56982],[139.8164,42.56335],[140.3132,43.33346],[141.37881,43.38932],[141.67042,44.77214],[141.96922,45.55071],[143.14283,44.50979],[143.90964,44.17466]]}},{"type":"Feature","properties":{},"geometry":{"type":"LineString","coordinates":[[144.07208,50],[144.65485,48.97645],[143.17523,49.3065],[142.55963,47.86106],[143.53524,46.83706],[143.50644,46.13803],[142.74683,46.74058],[142.09162,45.96708],[141.90802,46.80659],[142.01962,47.77981],[141.90442,48.85967],[142.13482,49.61455],[142.14831,50]]}},{"type":"Feature","properties":{},"geometry":{"type":"LineString","coordinates":[[140.50172,50],[140.0612,48.44668],[138.55639,46.99954],[138.21798,46.30729],[135.51436,43.98848],[134.86995,43.39778],[133.53794,42.81215],[132.90793,42.79861],[132.27792,43.28438],[130.93511,42.55319],[130.78031,42.21976],[130.3987,42.28069],[129.9667,41.94049],[129.6679,41.60028],[129.7039,40.88264],[129.18909,40.6626],[128.63469,40.19038],[127.96868,40.0262],[127.53308,39.75709],[127.50068,39.32379],[127.38547,39.21377],[127.78508,39.05129],[128.35028,38.61292],[129.21429,37.4332],[129.45909,36.78495],[129.46989,35.63232],[129.09189,35.08224],[128.18468,34.89098],[127.38547,34.4763],[126.48546,34.38998],[126.37386,34.93499],[126.56107,35.68479],[126.11826,36.72571],[126.85987,36.89328],[126.17586,37.74971],[125.68986,37.94097],[125.56746,37.7514],[125.27585,37.66847],[125.23985,37.85803],[124.98065,37.94943],[124.71065,38.10853],[124.98785,38.5486],[125.22185,38.66539],[125.13185,38.84818],[125.38745,39.38811],[125.32265,39.55229],[124.73585,39.66061],[124.26424,39.92803],[122.86743,39.63861],[122.13302,39.16977],[121.05301,38.89727],[121.58582,39.36103],[121.37701,39.75032],[122.16902,40.42226],[121.63982,40.94695],[120.76861,40.59321],[119.6382,39.89757],[119.02259,39.2527],[118.04338,39.20362],[117.53218,38.73817],[118.06138,38.06114],[118.87859,37.89696],[118.91099,37.44844],[119.703,37.15732],[120.82261,37.86988],[121.71182,37.48059],[122.35622,37.45521],[122.52183,36.93051],[121.10341,36.65124],[120.63541,36.11131],[119.6634,35.61032],[119.15219,34.9096],[120.2286,34.36121],[120.62101,33.37614],[121.22941,32.46047],[121.90982,31.69204],[121.89182,30.94901],[121.26541,30.67651],[121.50302,30.14335],[122.09342,29.83192],[121.93862,29.0178],[121.68302,28.22568],[121.12501,28.13598],[121.03327,28]]}},{"type":"Feature","properties":{},"geometry":{"type":"LineString","coordinates":[[51.42683,28],[50.85231,28.81469],[50.1143,30.14843],[49.5779,29.98594],[48.94069,30.31769],[48.56989,29.92671],[47.97588,29.97579],[48.18468,29.53403],[48.09468,29.30554],[48.66618,28]]}},{"type":"Feature","properties":{},"geometry":{"type":"LineString","coordinates":[[35.17763,28],[35.13095,28.0632],[34.63055,28.05812],[34.78895,28.6082],[34.83215,28.95687],[34.95455,29.35631],[34.92215,29.50187],[34.64135,29.09904],[34.42534,28.34416],[34.24709,28]]}},{"type":"Feature","properties":{},"geometry":{"type":"LineString","coordinates":[[33.55803,28],[33.13653,28.41694],[32.42372,29.85054],[32.31932,29.76083],[32.73333,28.70468],[33.16481,28]]}},{"type":"Feature","properties":{},"geometry":{"type":"LineString","coordinates":[[30,31.40784],[30.0945,31.4737],[30.97651,31.55664],[31.68932,31.4297],[31.95932,30.93378],[32.19332,31.26044],[32.99253,31.02348],[33.77374,30.96763],[34.26694,31.21982],[34.55495,31.54818],[34.48654,31.60572],[34.75295,32.07287],[34.95455,32.82775],[35.12735,33.0901],[35.48375,33.90591],[35.99856,34.64556],[35.90496,35.41059],[36.14976,35.82189],[35.78256,36.27549],[36.16056,36.65124],[35.55216,36.56492],[34.71335,36.79511],[34.02574,36.21964],[32.51013,36.10793],[31.70012,36.64447],[30.62011,36.67832],[30.3897,36.26364],[30,36.19589]]}},{"type":"Feature","properties":{},"geometry":{"type":"LineString","coordinates":[[30,41.16686],[31.14571,41.08744],[32.34812,41.73569],[33.51454,42.01834],[35.16695,42.04035],[36.91297,41.33624],[38.34938,40.94865],[39.5122,41.10267],[40.3726,41.01296],[41.55342,41.53596],[41.70462,41.96249],[41.45261,42.64459],[40.87661,43.01357],[40.3222,43.12866],[39.955,43.43502],[38.68059,44.2796],[37.53938,44.65704],[36.67537,45.24436],[37.40257,45.40515],[38.23418,46.24128],[37.67258,46.63734],[39.14859,47.04524],[39.11979,47.26358],[38.22338,47.10279],[37.42417,47.02155],[36.75817,46.69827],[35.82216,46.6458],[34.96175,46.27344],[35.01935,45.65057],[35.50896,45.41023],[36.53137,45.46947],[36.33336,45.11403],[35.23895,44.9397],[33.88174,44.36084],[33.32733,44.56564],[33.54694,45.03448],[32.45252,45.3273],[32.63253,45.51855],[33.58654,45.85199],[33.29853,46.08048],[31.74332,46.33268],[31.67492,46.70673],[30.74971,46.58317],[30.3789,46.03309],[30,45.67101]]}},{"type":"Feature","properties":{},"geometry":{"type":"LineString","coordinates":[[49.10989,41.28208],[49.6175,40.5729],[50.0855,40.52551],[50.3915,40.25639],[49.5707,40.17684],[49.39429,39.39996],[49.22509,39.0496],[48.85789,38.81602],[48.88309,38.3201],[49.19989,37.58215],[50.1467,37.37396],[50.84151,36.87297],[52.26352,36.70032],[53.82594,36.96436],[53.92314,37.19963],[53.73594,37.90543],[53.87994,38.95143],[53.10233,39.28994],[53.35793,39.97543],[52.69553,40.03297],[52.91513,40.87587],[53.85834,40.63045],[54.73675,40.95034],[54.00954,41.5512],[53.72154,42.12328],[52.91513,41.86771],[52.81433,41.13483],[52.50113,41.78308],[52.44712,42.02681],[52.69193,42.44318],[52.50113,42.79184],[51.34191,43.13374],[50.89191,44.0308],[50.3375,44.28468],[50.3051,44.60965],[51.27711,44.51487],[51.31671,45.24605],[52.16632,45.40854],[53.04113,45.25959],[53.22113,46.23451],[53.04113,46.85229],[52.04032,46.8049],[51.19071,47.04863],[50.0351,46.60856],[49.10269,46.39869],[48.64549,45.80629],[47.67708,45.64211],[46.68347,44.60965],[47.59068,43.66013],[47.49347,42.98649],[49.10989,41.28208]]}}]}