{"type":"FeatureCollection","features":[{"type":"Feature","properties":{"lod":"hi","source":"Natural Earth 10m via world-atlas","bbox":{"west":-2,"east":30,"south":28,"north":50}},"geometry":{"type":"MultiPolygon","coordinates":[[[[30,50],[30,28],[-2,28],[-2,35.08129],[-1.98902,35.08244],[-1.95662,35.07568],[-1.93142,35.08919],[-1.83782,35.11114],[-1.81262,35.12634],[-1.76222,35.12972],[-1.74422,35.13816],[-1.71182,35.17024],[-1.63622,35.19388],[-1.62902,35.21246],[-1.51022,35.2952],[-1.49221,35.30026],[-1.39501,35.30871],[-1.36261,35.31884],[-1.33381,35.34923],[-1.31221,35.3543],[-1.29421,35.36443],[-1.26901,35.38976],[-1.25821,35.41002],[-1.24741,35.4573],[-1.22581,35.49107],[-1.18261,35.57719],[-1.14661,35.58226],[-1.11781,35.61772],[-1.08181,35.63798],[-1.03141,35.68188],[-0.99541,35.69033],[-0.96301,35.71059],[-0.92341,35.72579],[-0.90901,35.7241],[-0.90541,35.71565],[-0.89821,35.71228],[-0.88741,35.71565],[-0.84781,35.73423],[-0.82621,35.768],[-0.80101,35.77476],[-0.77581,35.75618],[-0.71101,35.74267],[-0.69301,35.71903],[-0.64621,35.71903],[-0.62821,35.72241],[-0.60661,35.73085],[-0.58861,35.74267],[-0.57781,35.77138],[-0.56341,35.77307],[-0.54181,35.768],[-0.52381,35.77982],[-0.477,35.85918],[-0.4806,35.88958],[-0.4734,35.89127],[-0.4626,35.88451],[-0.4266,35.88282],[-0.3474,35.90646],[-0.3366,35.9014],[-0.333,35.88958],[-0.3006,35.87776],[-0.297,35.86763],[-0.3042,35.85412],[-0.3006,35.8423],[-0.2862,35.82879],[-0.261,35.81697],[-0.189,35.80515],[-0.1458,35.78995],[-0.1242,35.78658],[-0.0846,35.79502],[-0.0378,35.81359],[0.0018,35.83723],[0.0342,35.86256],[0.0702,35.92166],[0.1242,36.03311],[0.1242,36.04493],[0.1278,36.04999],[0.153,36.06519],[0.2178,36.11585],[0.2826,36.13442],[0.3006,36.14793],[0.3222,36.15806],[0.3294,36.16482],[0.3366,36.1969],[0.3438,36.20534],[0.3618,36.21379],[0.4266,36.21885],[0.4518,36.22392],[0.55621,36.28471],[0.59581,36.29315],[0.64261,36.32861],[0.75421,36.33874],[0.80101,36.36407],[0.86581,36.37758],[0.92341,36.4181],[0.93061,36.42655],[0.93061,36.43499],[0.94501,36.45187],[0.96301,36.45863],[1.00621,36.46707],[1.04581,36.48733],[1.11781,36.48733],[1.17901,36.51097],[1.26541,36.51604],[1.28701,36.52111],[1.34821,36.54475],[1.36621,36.54812],[1.45261,36.52786],[1.47781,36.52955],[1.51742,36.53799],[1.70102,36.54643],[1.72622,36.54981],[1.76222,36.56163],[1.80182,36.55488],[1.85582,36.5667],[1.91342,36.57007],[1.96022,36.56163],[2.06102,36.57007],[2.33102,36.63762],[2.37422,36.63424],[2.39222,36.62411],[2.39942,36.61567],[2.39942,36.60554],[2.40302,36.59878],[2.44622,36.59034],[2.60103,36.59709],[2.63343,36.60554],[2.72703,36.66464],[2.79183,36.69334],[2.81703,36.71023],[2.84223,36.74062],[2.84943,36.75413],[2.87463,36.77439],[2.93223,36.80816],[2.97543,36.81661],[3.01503,36.81154],[3.04743,36.79466],[3.07263,36.77102],[3.10143,36.75244],[3.14103,36.74231],[3.18063,36.74231],[3.20943,36.75751],[3.22743,36.78621],[3.22743,36.81154],[3.23823,36.81323],[3.30303,36.78959],[3.33903,36.78115],[3.46143,36.77439],[3.55144,36.79128],[3.56944,36.80816],[3.61264,36.80816],[3.64864,36.82336],[3.70984,36.87402],[3.74224,36.8909],[3.82864,36.91286],[3.87544,36.91792],[3.91144,36.91117],[3.94744,36.89259],[3.96544,36.8909],[3.99784,36.89766],[4.04104,36.89766],[4.08424,36.89259],[4.10584,36.88415],[4.15984,36.90441],[4.19584,36.89259],[4.21024,36.8909],[4.26064,36.91117],[4.27864,36.91117],[4.32184,36.89766],[4.44064,36.91117],[4.46944,36.9061],[4.50545,36.88922],[4.53785,36.88922],[4.55225,36.88415],[4.59185,36.89597],[4.69625,36.8909],[4.76825,36.89766],[4.78625,36.89597],[4.94825,36.84025],[4.96985,36.82505],[4.97345,36.8183],[5.00945,36.81661],[5.01665,36.81154],[5.02745,36.79466],[5.04545,36.7879],[5.06705,36.78284],[5.10305,36.78115],[5.08505,36.73218],[5.08865,36.71698],[5.11745,36.7001],[5.23625,36.65113],[5.26865,36.64437],[5.30465,36.64268],[5.37305,36.65113],[5.42705,36.66464],[5.46305,36.66464],[5.48825,36.6849],[5.52786,36.69841],[5.54946,36.71023],[5.56386,36.74569],[5.57466,36.76088],[5.59266,36.77439],[5.65746,36.79128],[5.67546,36.79972],[5.71146,36.82505],[5.73306,36.8318],[5.75826,36.83349],[5.82666,36.82167],[5.86986,36.82336],[6.03546,36.85376],[6.19746,36.90272],[6.23706,36.9213],[6.25506,36.94663],[6.25866,36.96689],[6.25506,36.99897],[6.27306,37.0243],[6.31626,37.04794],[6.33786,37.06989],[6.37026,37.0834],[6.41706,37.09353],[6.46386,37.09353],[6.50347,37.0834],[6.54307,37.05807],[6.54307,37.04794],[6.54667,37.04119],[6.57187,37.02768],[6.58267,36.99053],[6.60067,36.97364],[6.61507,36.97702],[6.65107,36.96351],[6.67267,36.96014],[6.82027,36.95338],[6.87067,36.92974],[6.88147,36.91792],[6.87787,36.90272],[6.91027,36.89259],[6.94987,36.88922],[6.97507,36.8909],[7.06507,36.91286],[7.09387,36.92636],[7.10827,36.91961],[7.13347,36.91454],[7.15867,36.91454],[7.17667,36.93143],[7.23427,36.96689],[7.25587,36.99391],[7.25587,37.01586],[7.25227,37.02261],[7.21267,37.05639],[7.18027,37.07665],[7.18027,37.0834],[7.22347,37.09016],[7.26307,37.07665],[7.27387,37.06989],[7.28827,37.08003],[7.29907,37.0834],[7.32427,37.07158],[7.33507,37.06989],[7.34587,37.07158],[7.37107,37.0834],[7.38187,37.0834],[7.38547,37.08171],[7.40347,37.05132],[7.43947,37.04794],[7.45747,37.04119],[7.47187,37.04963],[7.48987,37.0547],[7.52588,37.03275],[7.55468,37.00742],[7.59068,36.98715],[7.63388,36.9804],[7.66268,36.98884],[7.67348,36.98715],[7.69508,36.97702],[7.71308,36.96351],[7.75988,36.96689],[7.77068,36.97027],[7.79948,36.99391],[7.79228,36.97364],[7.77788,36.95169],[7.77428,36.93143],[7.79228,36.91792],[7.77428,36.88922],[7.81028,36.86895],[7.86788,36.85376],[7.90748,36.85038],[8.05148,36.8774],[8.09468,36.90104],[8.23148,36.95845],[8.24948,36.94832],[8.26748,36.93312],[8.28908,36.92636],[8.35748,36.92636],[8.37548,36.91792],[8.38988,36.92299],[8.42948,36.90441],[8.46188,36.90104],[8.49788,36.90441],[8.69229,36.96858],[8.71749,36.97364],[8.80029,36.97364],[8.82549,36.97871],[8.86509,37.00742],[8.90469,37.02093],[8.95509,37.06989],[8.98749,37.11717],[9.00909,37.12731],[9.03789,37.15263],[9.17109,37.19823],[9.19269,37.22693],[9.21069,37.23369],[9.34389,37.23537],[9.37989,37.24719],[9.40509,37.26915],[9.41949,37.2759],[9.44109,37.26577],[9.45549,37.26746],[9.5167,37.28603],[9.5527,37.30967],[9.5743,37.29954],[9.5923,37.30292],[9.6283,37.32318],[9.6499,37.33162],[9.7111,37.33669],[9.7435,37.34513],[9.7615,37.33331],[9.7723,37.32993],[9.8587,37.32825],[9.8623,37.31643],[9.8623,37.27083],[9.8299,37.25057],[9.7939,37.23875],[9.7723,37.21342],[9.7903,37.17796],[9.8011,37.16952],[9.8083,37.15432],[9.8587,37.14757],[9.8803,37.14926],[9.9019,37.16445],[9.9271,37.19654],[9.9235,37.21342],[9.8623,37.23369],[9.8191,37.22693],[9.8191,37.23369],[9.8443,37.24719],[9.8551,37.24888],[9.8659,37.26239],[9.8839,37.26408],[9.9811,37.24551],[9.9991,37.24719],[10.0495,37.26577],[10.0603,37.26408],[10.0747,37.24551],[10.1467,37.23706],[10.1791,37.21342],[10.2547,37.19147],[10.2727,37.17796],[10.2403,37.17121],[10.2115,37.15939],[10.2043,37.17459],[10.1791,37.17796],[10.1467,37.17121],[10.1287,37.15939],[10.1359,37.1425],[10.1611,37.13406],[10.1935,37.13406],[10.2115,37.13744],[10.2187,37.12899],[10.2295,37.10873],[10.2259,37.09522],[10.2187,37.11042],[10.1755,37.07665],[10.1827,37.02768],[10.2187,36.97702],[10.2655,36.93818],[10.3123,36.91792],[10.3483,36.88077],[10.3411,36.86895],[10.3195,36.85038],[10.3087,36.83012],[10.2979,36.82167],[10.2835,36.81998],[10.2727,36.82843],[10.2799,36.84362],[10.2691,36.84869],[10.2547,36.847],[10.2187,36.83856],[10.1935,36.81154],[10.1899,36.79803],[10.2043,36.79297],[10.2331,36.79128],[10.2475,36.78621],[10.2583,36.79466],[10.2727,36.81661],[10.2943,36.77777],[10.3195,36.74906],[10.3555,36.73049],[10.4023,36.72711],[10.4383,36.7288],[10.4887,36.74906],[10.51751,36.75582],[10.53911,36.7727],[10.56791,36.86389],[10.58591,36.87571],[10.60751,36.87908],[10.65431,36.8774],[10.69391,36.88415],[10.73351,36.89597],[10.78391,36.92468],[10.81271,36.95],[10.82351,36.95338],[10.83071,36.96858],[10.88831,37.00573],[10.89551,37.01417],[10.89911,37.02599],[10.89191,37.03781],[10.90271,37.04963],[10.92431,37.05639],[10.97471,37.06145],[11.01431,37.08509],[11.03231,37.08678],[11.05031,37.08003],[11.06111,37.06314],[11.04671,37.03106],[11.04671,37.02093],[11.06471,36.99053],[11.08271,36.96858],[11.08991,36.95],[11.09351,36.91792],[11.10071,36.91117],[11.10431,36.90104],[11.12591,36.88584],[11.13671,36.87064],[11.12951,36.85376],[11.11511,36.83856],[11.07551,36.82505],[11.02151,36.7879],[10.99271,36.744],[10.94951,36.69334],[10.88111,36.58865],[10.82711,36.48058],[10.79831,36.45187],[10.71551,36.43499],[10.62191,36.39109],[10.58591,36.39784],[10.54991,36.37758],[10.51751,36.33705],[10.50311,36.2999],[10.4779,36.21716],[10.4743,36.11247],[10.4779,36.0787],[10.4995,36.02804],[10.51031,36.01116],[10.51751,35.98076],[10.53911,35.95206],[10.57151,35.93179],[10.58231,35.92166],[10.60751,35.85581],[10.62191,35.8423],[10.69031,35.78995],[10.74431,35.76969],[10.80551,35.78658],[10.82351,35.77982],[10.84151,35.76631],[10.83071,35.7528],[10.82351,35.73423],[10.83071,35.71228],[10.84151,35.69877],[10.97111,35.65487],[11.01071,35.65824],[11.03951,35.63798],[11.05391,35.61434],[11.01791,35.60252],[11.01071,35.57888],[11.01431,35.55524],[11.02511,35.53329],[11.03951,35.51809],[11.08631,35.50627],[11.05751,35.48601],[11.05031,35.45899],[11.04671,35.43535],[11.05031,35.39145],[11.03591,35.37119],[11.04311,35.33404],[11.06471,35.30364],[11.10071,35.26649],[11.12231,35.25298],[11.16191,35.23779],[11.15831,35.21921],[11.13311,35.21752],[11.11151,35.2057],[11.09351,35.17362],[11.06471,35.15336],[11.03591,35.10777],[11.01431,35.09257],[11.02151,35.06386],[11.01791,35.03347],[10.98551,34.9997],[10.94591,34.98281],[10.91711,34.95748],[10.92431,34.93384],[10.91711,34.91358],[10.91711,34.87305],[10.87391,34.84941],[10.85951,34.83759],[10.85591,34.83084],[10.87031,34.79707],[10.83431,34.78356],[10.81271,34.76836],[10.78031,34.73966],[10.76231,34.71264],[10.74431,34.69913],[10.73351,34.68056],[10.70111,34.65523],[10.63271,34.63834],[10.62551,34.63328],[10.61471,34.60288],[10.60751,34.59275],[10.60751,34.57418],[10.60031,34.56236],[10.59671,34.54547],[10.58231,34.53196],[10.56071,34.52352],[10.4671,34.5117],[10.4311,34.4965],[10.3771,34.42389],[10.3303,34.41207],[10.3123,34.41714],[10.2871,34.41376],[10.2583,34.3783],[10.2475,34.37155],[10.2331,34.36986],[10.1863,34.35128],[10.1683,34.33946],[10.1251,34.32596],[10.1035,34.304],[10.0891,34.27361],[10.0531,34.21282],[10.0315,34.18412],[10.0171,34.18074],[10.0063,34.17061],[10.0135,34.15372],[10.0171,34.13346],[10.0171,34.09124],[10.0207,34.07267],[10.0495,33.98317],[10.0711,33.94603],[10.1719,33.82783],[10.1863,33.82107],[10.3303,33.70287],[10.3663,33.6843],[10.4599,33.65221],[10.4887,33.64715],[10.55711,33.65559],[10.63271,33.67416],[10.69751,33.70287],[10.71551,33.70625],[10.74071,33.67079],[10.73711,33.60324],[10.70831,33.58129],[10.69031,33.57623],[10.67951,33.56272],[10.67231,33.54583],[10.67951,33.53064],[10.71551,33.48336],[10.73711,33.47829],[10.78031,33.48504],[10.85591,33.52388],[10.90991,33.53908],[10.92431,33.55428],[10.93151,33.57454],[10.92791,33.59142],[10.90991,33.60831],[10.90631,33.61675],[10.93511,33.63702],[10.96031,33.62688],[10.97111,33.63195],[10.97831,33.64377],[10.98551,33.64377],[10.99991,33.63364],[11.04311,33.61844],[11.06111,33.60831],[11.10791,33.54921],[11.11151,33.54077],[11.11511,33.49011],[11.08991,33.45465],[11.11151,33.39217],[11.10071,33.36347],[11.12951,33.37191],[11.15111,33.35334],[11.16911,33.33138],[11.19431,33.32125],[11.21951,33.31619],[11.26991,33.29424],[11.29511,33.28748],[11.28071,33.28073],[11.18351,33.30606],[11.13311,33.31112],[11.12231,33.28073],[11.13311,33.26722],[11.16191,33.24189],[11.16911,33.22163],[11.17991,33.21149],[11.20151,33.21149],[11.24471,33.21825],[11.28791,33.20981],[11.37071,33.18448],[11.41751,33.18448],[11.43191,33.19292],[11.42831,33.20643],[11.41031,33.21825],[11.39231,33.22331],[11.38151,33.23007],[11.35271,33.25877],[11.44271,33.20474],[11.49671,33.18279],[11.52552,33.17772],[11.56152,33.1659],[11.57592,33.15746],[11.58672,33.13213],[11.63712,33.10849],[11.75592,33.09329],[11.79192,33.08147],[11.77392,33.10005],[11.70912,33.11693],[11.69112,33.13551],[11.73792,33.11356],[11.84592,33.08316],[12.07992,32.95821],[12.12312,32.92106],[12.15912,32.91093],[12.22392,32.87547],[12.30312,32.84338],[12.34992,32.83325],[12.73153,32.79779],[12.82513,32.80455],[13.07353,32.86703],[13.11673,32.88222],[13.16353,32.91262],[13.25713,32.91937],[13.35073,32.90417],[13.57034,32.80286],[13.61714,32.79273],[13.78634,32.79948],[13.82954,32.79442],[13.91594,32.77246],[13.99154,32.74376],[14.18594,32.71505],[14.20754,32.69648],[14.22554,32.69141],[14.26154,32.66102],[14.31554,32.63062],[14.40554,32.56646],[14.44874,32.52593],[14.47034,32.51918],[14.63235,32.49554],[14.64675,32.48878],[14.66115,32.47696],[14.72595,32.44995],[14.90955,32.44319],[15.11475,32.4128],[15.18315,32.39591],[15.19755,32.38916],[15.23355,32.34694],[15.26955,32.32837],[15.28395,32.31655],[15.29115,32.28109],[15.30195,32.26083],[15.32355,32.22368],[15.36315,32.17471],[15.37035,32.15951],[15.37035,32.13756],[15.35955,32.1021],[15.35595,32.06157],[15.35955,31.96532],[15.37035,31.92986],[15.48915,31.66476],[15.51436,31.62761],[15.62236,31.49759],[15.68716,31.43849],[15.76276,31.38783],[16.04356,31.2747],[16.36036,31.22742],[16.72757,31.22404],[16.94357,31.18351],[17.15957,31.11935],[17.33237,31.08726],[17.36477,31.08726],[17.41877,31.06194],[17.44757,31.0383],[17.46557,31.02985],[17.61318,30.9927],[17.69238,30.95893],[17.77518,30.93529],[17.84718,30.92347],[17.86158,30.91334],[17.89038,30.87788],[17.90838,30.86268],[17.92638,30.85593],[18.01638,30.83736],[18.17478,30.7867],[18.20718,30.76981],[18.23598,30.74617],[18.32598,30.65668],[18.56719,30.49964],[18.65359,30.42197],[18.71839,30.39157],[18.76159,30.38482],[18.92719,30.29363],[18.96679,30.27844],[19.05679,30.26662],[19.14679,30.26493],[19.24039,30.27337],[19.33759,30.2987],[19.42039,30.33247],[19.55,30.40508],[19.5968,30.41183],[19.748,30.51146],[19.9136,30.68369],[19.9568,30.74955],[19.982,30.77825],[20.036,30.81878],[20.1008,30.93529],[20.1476,31.04505],[20.1512,31.08895],[20.1476,31.21729],[20.1296,31.24261],[20.1044,31.30847],[20.0828,31.33717],[20.0396,31.37601],[20.0216,31.39627],[19.9532,31.56007],[19.9496,31.6445],[19.946,31.66138],[19.9208,31.7171],[19.9172,31.75932],[19.9208,31.80491],[19.9352,31.88765],[19.9496,31.92649],[19.9388,31.95857],[19.9568,31.98221],[20.0468,32.146],[20.072,32.1764],[20.2628,32.34019],[20.2772,32.36045],[20.324,32.40942],[20.3852,32.43475],[20.4176,32.46008],[20.56161,32.55802],[20.79561,32.64244],[20.93241,32.72181],[21.05121,32.77246],[21.09801,32.78091],[21.28521,32.77078],[21.33201,32.77415],[21.41481,32.79273],[21.45441,32.81299],[21.60922,32.93119],[21.62362,32.93626],[21.67042,32.93963],[21.71722,32.94977],[21.74242,32.93119],[21.78922,32.91599],[21.83602,32.90586],[21.87922,32.90249],[22.09522,32.92275],[22.10242,32.92613],[22.11682,32.9447],[22.14922,32.94808],[22.17082,32.93795],[22.17442,32.91599],[22.20682,32.88729],[22.24642,32.88053],[22.34002,32.88222],[22.37962,32.8704],[22.47682,32.80624],[22.51283,32.79104],[22.57763,32.78428],[22.81163,32.72518],[22.86563,32.69479],[22.93043,32.67622],[22.97723,32.67622],[22.99883,32.67115],[23.04203,32.65258],[23.08523,32.64582],[23.10683,32.63907],[23.11763,32.62894],[23.12123,32.61543],[23.09963,32.58672],[23.09603,32.57659],[23.10323,32.5158],[23.11403,32.5006],[23.12843,32.48878],[23.15003,32.47865],[23.13923,32.45839],[23.12843,32.39591],[23.11043,32.40267],[23.11043,32.41955],[23.09603,32.43644],[23.07803,32.3537],[23.08163,32.33343],[23.09603,32.3233],[23.15723,32.30304],[23.17883,32.29966],[23.19683,32.29122],[23.21483,32.27265],[23.22923,32.25069],[23.24363,32.2203],[23.28683,32.20341],[23.30123,32.17133],[23.31203,32.16289],[23.31203,32.17977],[23.29763,32.22368],[23.31923,32.21861],[23.36243,32.21692],[23.40563,32.18991],[23.53164,32.18146],[23.66844,32.18315],[23.84124,32.14938],[23.99964,32.09366],[23.97444,32.07339],[23.97084,32.06664],[24.00324,32.05313],[24.06804,32.01092],[24.08964,32.00585],[24.28044,32.00754],[24.54685,31.99065],[24.63685,32.01429],[24.66925,32.03287],[24.70885,32.02611],[24.73405,32.03287],[24.75925,32.01936],[24.79165,32.00754],[24.82405,32.00247],[24.86365,31.98896],[24.98245,31.9687],[25.01845,31.94844],[25.03285,31.91636],[25.02205,31.85388],[25.02925,31.83699],[25.06525,31.80491],[25.11565,31.73737],[25.13725,31.69178],[25.15525,31.66307],[25.14805,31.64956],[25.16245,31.58371],[25.17325,31.55162],[25.19125,31.53136],[25.21285,31.52629],[25.26325,31.52292],[25.30285,31.50603],[25.32445,31.50603],[25.36765,31.51279],[25.38925,31.50434],[25.40365,31.50265],[25.42165,31.51279],[25.47565,31.52123],[25.63766,31.56007],[25.82486,31.6141],[25.86806,31.62086],[25.96526,31.61579],[26.36126,31.52123],[26.64927,31.48915],[26.68167,31.47564],[26.73207,31.47901],[26.75367,31.47733],[26.82567,31.44862],[26.86527,31.4368],[26.91207,31.4368],[26.94807,31.44862],[26.96607,31.45031],[26.98407,31.44018],[26.99487,31.42836],[27.02727,31.4216],[27.05607,31.40809],[27.11727,31.39121],[27.18567,31.38445],[27.21087,31.3777],[27.22527,31.36757],[27.24687,31.38108],[27.32607,31.37939],[27.34407,31.36757],[27.34047,31.36081],[27.35487,31.33549],[27.36207,31.33042],[27.36207,31.31522],[27.37287,31.29834],[27.38367,31.26794],[27.39447,31.25443],[27.41607,31.23755],[27.44487,31.22404],[27.47727,31.21391],[27.54208,31.20547],[27.56368,31.19702],[27.58888,31.19364],[27.61048,31.20378],[27.66088,31.18014],[27.71848,31.18858],[27.83728,31.23755],[27.85168,31.24093],[27.86248,31.23417],[27.86968,31.21897],[27.86968,31.2004],[27.89128,31.15481],[27.89488,31.12272],[27.89848,31.11428],[27.92728,31.09908],[27.97408,31.09233],[28.15408,31.09402],[28.17568,31.08558],[28.19008,31.07376],[28.20448,31.07038],[28.23328,31.07376],[28.25488,31.07207],[28.29808,31.06194],[28.31968,31.06025],[28.33768,31.06362],[28.38088,31.0822],[28.40608,31.08726],[28.42408,31.08389],[28.44208,31.07713],[28.47808,31.0518],[28.52849,31.05012],[28.55369,31.0383],[28.73369,30.98426],[28.78769,30.95893],[28.81289,30.95724],[28.82729,30.91503],[28.83449,30.90996],[28.85609,30.90659],[29.02889,30.82722],[29.21969,30.83736],[29.5041,30.95724],[29.5581,30.99102],[29.6049,31.01128],[29.6193,31.02985],[29.7669,31.12104],[29.7813,31.14805],[29.8101,31.14299],[29.8389,31.15481],[29.8857,31.19027],[29.8749,31.2004],[29.8641,31.19702],[29.8677,31.20715],[29.8785,31.21391],[29.8857,31.21391],[29.8893,31.20378],[29.8965,31.20378],[29.9685,31.25781],[29.9829,31.26288],[30,31.28159],[30,36.22181],[29.9901,36.21716],[29.9721,36.21885],[29.9613,36.21379],[29.9181,36.21885],[29.9109,36.21716],[29.8965,36.20534],[29.8821,36.19859],[29.8425,36.19183],[29.8317,36.18508],[29.8389,36.18339],[29.8353,36.17833],[29.8029,36.17157],[29.8029,36.16482],[29.8245,36.16482],[29.7957,36.14455],[29.7813,36.13949],[29.7633,36.1378],[29.7633,36.14455],[29.7741,36.15806],[29.7633,36.15637],[29.7561,36.15131],[29.7417,36.16144],[29.7309,36.16482],[29.7201,36.16313],[29.7057,36.15806],[29.6985,36.14624],[29.6877,36.14455],[29.6733,36.1226],[29.6697,36.14455],[29.6337,36.15637],[29.6229,36.17833],[29.6373,36.17326],[29.6445,36.17833],[29.6409,36.18677],[29.6337,36.19183],[29.5833,36.18508],[29.5833,36.19183],[29.6013,36.19859],[29.6229,36.19859],[29.6013,36.20703],[29.5221,36.20534],[29.49329,36.21041],[29.43209,36.2408],[29.42129,36.23067],[29.41409,36.23911],[29.41049,36.26782],[29.40689,36.25938],[29.39969,36.26613],[29.39249,36.26782],[29.38169,36.26444],[29.36369,36.24756],[29.35649,36.23574],[29.34929,36.23236],[29.32769,36.25431],[29.32049,36.24756],[29.25569,36.29653],[29.24849,36.31172],[29.23409,36.32354],[29.17649,36.34043],[29.15849,36.35731],[29.14409,36.34887],[29.14049,36.36238],[29.14409,36.37758],[29.11529,36.37758],[29.12249,36.38264],[29.11169,36.3894],[29.09729,36.39109],[29.10809,36.40628],[29.12969,36.41135],[29.12969,36.41641],[29.12249,36.4181],[29.12969,36.43668],[29.12249,36.45356],[29.11169,36.46707],[29.09729,36.47383],[29.09729,36.47889],[29.10809,36.48902],[29.12249,36.49409],[29.11529,36.55319],[29.09729,36.54812],[29.08289,36.55994],[29.03609,36.54475],[29.01449,36.54812],[29.03249,36.5515],[29.03609,36.56163],[29.03249,36.57514],[29.02169,36.59034],[29.04329,36.62411],[29.05409,36.61398],[29.06849,36.62411],[29.07929,36.63931],[29.09729,36.64437],[29.09729,36.63762],[29.09009,36.62749],[29.09729,36.62411],[29.11169,36.6258],[29.11529,36.64268],[29.09729,36.66464],[29.03249,36.70178],[28.95689,36.72711],[28.94609,36.73724],[28.93889,36.75075],[28.90289,36.72374],[28.89209,36.71192],[28.89209,36.70685],[28.89929,36.70685],[28.89929,36.7001],[28.87769,36.69841],[28.86329,36.69334],[28.85969,36.6849],[28.86329,36.66801],[28.84889,36.66464],[28.86329,36.65113],[28.85609,36.64437],[28.87049,36.63086],[28.87769,36.63086],[28.88129,36.641],[28.88849,36.64775],[28.88489,36.67139],[28.90289,36.65788],[28.89569,36.641],[28.86329,36.61736],[28.87049,36.60722],[28.85969,36.60047],[28.82729,36.60216],[28.82009,36.61229],[28.82009,36.62073],[28.82729,36.62749],[28.84169,36.63086],[28.84169,36.63762],[28.80569,36.6545],[28.78769,36.65113],[28.78409,36.67814],[28.74809,36.69841],[28.70129,36.70516],[28.67249,36.69334],[28.66529,36.69334],[28.66169,36.71023],[28.65089,36.71867],[28.63649,36.71529],[28.62209,36.7001],[28.61489,36.70516],[28.60409,36.73387],[28.61849,36.76764],[28.61489,36.78452],[28.60409,36.79466],[28.60409,36.80141],[28.61129,36.80141],[28.60769,36.80479],[28.61129,36.81661],[28.60409,36.81661],[28.59689,36.8031],[28.59689,36.79466],[28.58969,36.79972],[28.58969,36.80816],[28.57529,36.81998],[28.54649,36.82336],[28.52489,36.81323],[28.52849,36.78959],[28.51769,36.79634],[28.48528,36.80141],[28.49968,36.80816],[28.49968,36.81661],[28.46368,36.8183],[28.45648,36.82843],[28.45288,36.85038],[28.46008,36.84869],[28.46728,36.85376],[28.46008,36.86389],[28.45288,36.88415],[28.44568,36.88246],[28.44568,36.87402],[28.43488,36.86558],[28.37728,36.85376],[28.37728,36.84869],[28.39168,36.83518],[28.41328,36.83687],[28.42408,36.82843],[28.40608,36.79972],[28.39528,36.78959],[28.37728,36.78959],[28.32328,36.80985],[28.31608,36.81661],[28.30888,36.81661],[28.31608,36.79466],[28.28728,36.79297],[28.27648,36.79634],[28.27288,36.80479],[28.28008,36.81492],[28.31608,36.82167],[28.31608,36.82843],[28.27288,36.85207],[28.25848,36.847],[28.24408,36.83012],[28.23688,36.81323],[28.24048,36.79803],[28.25488,36.78959],[28.24768,36.76764],[28.28728,36.74231],[28.29448,36.72036],[28.28368,36.72711],[28.26568,36.73049],[28.25488,36.72711],[28.24768,36.71192],[28.23328,36.72036],[28.23328,36.71192],[28.22608,36.70685],[28.23328,36.70516],[28.23328,36.7001],[28.18288,36.6849],[28.16128,36.67308],[28.14328,36.65113],[28.13248,36.62918],[28.11088,36.60385],[28.08928,36.58865],[28.06048,36.59709],[28.05328,36.58696],[28.04248,36.5819],[28.04968,36.56839],[28.03528,36.56501],[28.02448,36.56332],[28.01728,36.5667],[28.01368,36.57514],[28.00288,36.56163],[27.99208,36.55994],[27.97768,36.56501],[27.96688,36.57514],[27.97408,36.59034],[27.96688,36.59203],[27.95968,36.60216],[28.03528,36.60216],[28.05328,36.60891],[28.08928,36.64437],[28.07488,36.65788],[28.04968,36.63762],[28.04968,36.64437],[28.05688,36.65282],[28.06048,36.66464],[28.05688,36.67646],[28.04968,36.6849],[28.03888,36.68996],[28.03528,36.68828],[28.03528,36.67477],[28.02808,36.6697],[27.99928,36.67814],[27.98128,36.67646],[27.97048,36.67983],[27.96688,36.68828],[27.97048,36.69334],[28.00648,36.7001],[27.99928,36.70685],[28.02808,36.70685],[28.03888,36.7136],[28.04248,36.72036],[28.07848,36.72205],[28.08928,36.72711],[28.08568,36.71023],[28.10008,36.71023],[28.11808,36.71867],[28.11808,36.73387],[28.10728,36.73893],[28.08928,36.74062],[28.08208,36.74738],[28.08568,36.75413],[28.11088,36.77439],[28.12888,36.75413],[28.12528,36.79128],[28.11808,36.80141],[28.09648,36.80141],[28.08568,36.79634],[28.06768,36.77439],[28.04608,36.76257],[28.03888,36.76426],[28.03528,36.77439],[28.02088,36.76257],[27.98128,36.75413],[27.96688,36.74738],[27.95968,36.74738],[27.95248,36.7592],[27.91648,36.74062],[27.91288,36.75413],[27.90568,36.75244],[27.89128,36.74062],[27.86968,36.75244],[27.86248,36.74062],[27.85528,36.74062],[27.82648,36.75751],[27.80488,36.76088],[27.78688,36.75413],[27.78688,36.76088],[27.77608,36.75582],[27.73648,36.76088],[27.71848,36.75582],[27.69688,36.73387],[27.68248,36.72711],[27.68608,36.71192],[27.67168,36.67983],[27.67168,36.65788],[27.62128,36.67646],[27.60328,36.67814],[27.57088,36.67308],[27.56008,36.67477],[27.55288,36.6849],[27.48807,36.66464],[27.47367,36.65113],[27.44847,36.66464],[27.41607,36.6697],[27.40527,36.66464],[27.40167,36.67814],[27.39447,36.6849],[27.38367,36.6849],[27.36927,36.67814],[27.36927,36.6849],[27.36207,36.6849],[27.36927,36.69165],[27.36927,36.69672],[27.36567,36.70178],[27.35487,36.70685],[27.35487,36.71192],[27.38367,36.70516],[27.41607,36.70854],[27.42327,36.72036],[27.42687,36.73556],[27.44847,36.75413],[27.48447,36.75413],[27.55648,36.76257],[27.59248,36.76088],[27.61048,36.76595],[27.61768,36.77608],[27.61768,36.78959],[27.62488,36.80141],[27.64648,36.80648],[27.68968,36.78452],[27.70408,36.78959],[27.72208,36.78115],[27.74728,36.78452],[27.76168,36.78115],[27.78688,36.80141],[27.79768,36.80648],[27.88768,36.80816],[27.89848,36.81154],[27.90208,36.80648],[27.92008,36.79972],[27.94168,36.79634],[27.95968,36.79466],[27.99568,36.79803],[28.01008,36.79466],[28.02808,36.78115],[28.03528,36.79803],[28.05688,36.80816],[28.04968,36.81998],[28.03888,36.82674],[28.00648,36.82843],[28.01368,36.83518],[28.02448,36.83349],[28.02448,36.83856],[28.01728,36.84869],[28.00648,36.85713],[28.02088,36.86389],[28.02808,36.86051],[28.05688,36.87064],[28.05688,36.8774],[28.03528,36.89259],[28.02088,36.91117],[28.03528,36.90441],[28.04248,36.91117],[28.03168,36.91792],[28.02808,36.92636],[28.06048,36.92636],[28.06048,36.93143],[28.04248,36.93143],[28.04248,36.93818],[28.07488,36.93818],[28.08208,36.93143],[28.09288,36.93818],[28.10368,36.93143],[28.11088,36.93143],[28.12168,36.93818],[28.14328,36.92805],[28.15768,36.93143],[28.15768,36.92468],[28.16488,36.91117],[28.16848,36.91623],[28.16488,36.92636],[28.16848,36.93312],[28.15768,36.93818],[28.15768,36.94663],[28.17568,36.94663],[28.18648,36.93818],[28.21168,36.97364],[28.21168,36.9804],[28.19728,36.9804],[28.20808,36.99053],[28.21168,37.00066],[28.22968,36.99053],[28.24408,36.98884],[28.25488,36.99391],[28.24768,37.00742],[28.33048,37.03106],[28.33048,37.03612],[28.31608,37.04963],[28.30528,37.05132],[28.17568,37.03443],[28.12528,37.03612],[28.10728,37.03275],[28.11088,37.01417],[28.09288,37.02093],[27.98488,37.03443],[27.97408,37.03275],[27.96328,37.0243],[27.95248,37.02093],[27.91288,37.02768],[27.88768,37.02599],[27.80488,37.00404],[27.78688,37.00742],[27.77968,36.99391],[27.76168,36.99729],[27.74008,36.99391],[27.71848,37.00573],[27.68608,37.00573],[27.65728,36.99729],[27.63568,36.9804],[27.58888,36.99897],[27.56728,36.99729],[27.56368,36.97364],[27.53848,36.98715],[27.51328,36.99391],[27.48447,36.99053],[27.47367,36.99391],[27.46287,37.00066],[27.43767,37.02768],[27.42327,37.02768],[27.40887,37.01755],[27.40167,37.0243],[27.40527,37.02768],[27.39807,37.02768],[27.38367,36.99391],[27.38007,36.99897],[27.38367,37.00742],[27.37647,37.01079],[27.38007,37.01755],[27.37647,37.02768],[27.32967,37.01417],[27.33327,36.99729],[27.32607,36.98546],[27.31527,36.97702],[27.30087,36.97364],[27.30807,36.96014],[27.28647,36.96014],[27.27927,36.96689],[27.26487,36.96351],[27.25407,36.97871],[27.24687,37.00066],[27.24687,37.01755],[27.22887,37.06145],[27.23967,37.0834],[27.26487,37.08847],[27.28287,37.0986],[27.29367,37.11042],[27.27927,37.11717],[27.26847,37.11549],[27.26127,37.11042],[27.25407,37.11717],[27.25407,37.12393],[27.26127,37.11717],[27.27207,37.12899],[27.30447,37.11886],[27.32247,37.12393],[27.32247,37.13913],[27.32607,37.14757],[27.32247,37.15939],[27.34047,37.15095],[27.34407,37.1425],[27.34407,37.13068],[27.34767,37.13068],[27.36207,37.14926],[27.36927,37.15095],[27.37647,37.14419],[27.38367,37.15263],[27.38367,37.13406],[27.38727,37.13068],[27.40527,37.13068],[27.42687,37.11886],[27.43767,37.12393],[27.43767,37.12055],[27.43047,37.11717],[27.44487,37.09691],[27.45927,37.09016],[27.47367,37.09185],[27.54208,37.12562],[27.56368,37.12562],[27.57448,37.13068],[27.57448,37.13744],[27.55288,37.13068],[27.54568,37.16108],[27.53848,37.17796],[27.52768,37.18472],[27.52768,37.19316],[27.57448,37.2016],[27.58888,37.19823],[27.57448,37.17796],[27.59608,37.18641],[27.61048,37.19991],[27.59248,37.20498],[27.58888,37.21173],[27.58888,37.23031],[27.61048,37.24719],[27.61768,37.27421],[27.59608,37.28434],[27.58888,37.27421],[27.56368,37.2759],[27.55288,37.27252],[27.54208,37.25057],[27.53128,37.23706],[27.51328,37.22862],[27.49887,37.23369],[27.51688,37.24551],[27.52048,37.25901],[27.50968,37.26746],[27.48807,37.26746],[27.47367,37.25564],[27.46287,37.25226],[27.45927,37.25733],[27.46647,37.27759],[27.48807,37.29447],[27.48447,37.30292],[27.49167,37.31305],[27.49167,37.32656],[27.48087,37.34344],[27.47367,37.34344],[27.47007,37.31643],[27.44487,37.30629],[27.41967,37.30967],[27.39807,37.32318],[27.38727,37.34513],[27.39807,37.36539],[27.41607,37.38228],[27.43767,37.39072],[27.42687,37.40592],[27.40887,37.41268],[27.38727,37.41268],[27.36927,37.40592],[27.34767,37.37046],[27.32247,37.37046],[27.32247,37.36371],[27.33687,37.35526],[27.32967,37.35189],[27.27207,37.34851],[27.25767,37.34513],[27.24687,37.33669],[27.23247,37.34851],[27.22527,37.34851],[27.21807,37.34344],[27.21807,37.3502],[27.21087,37.35695],[27.20007,37.35189],[27.18927,37.35695],[27.20727,37.37721],[27.21087,37.38735],[27.20367,37.39748],[27.22527,37.40592],[27.21807,37.43125],[27.22167,37.47684],[27.20367,37.47346],[27.20007,37.47853],[27.19287,37.47853],[27.17847,37.46671],[27.18927,37.49879],[27.18567,37.5275],[27.18927,37.53425],[27.18207,37.54438],[27.18567,37.5562],[27.20007,37.54776],[27.21087,37.56296],[27.21087,37.58491],[27.20727,37.59673],[27.13527,37.6305],[27.04887,37.65076],[27.01287,37.66596],[27.02007,37.68622],[27.03807,37.6896],[27.10647,37.68622],[27.12807,37.68791],[27.21447,37.71324],[27.25047,37.74364],[27.25767,37.75883],[27.26127,37.78247],[27.26127,37.81625],[27.24327,37.83313],[27.23607,37.84495],[27.23967,37.86521],[27.26127,37.88379],[27.26487,37.89392],[27.26487,37.90912],[27.26127,37.91925],[27.27567,37.92938],[27.26487,37.95133],[27.23967,37.98848],[27.21447,37.98173],[27.17847,37.98173],[27.11727,37.99355],[27.10287,38.01212],[27.07047,38.02056],[27.06327,38.04083],[27.05607,38.04589],[27.02727,38.04927],[26.97687,38.06447],[26.94807,38.06784],[26.89407,38.05602],[26.88687,38.05265],[26.88327,38.03914],[26.87247,38.03576],[26.86527,38.04083],[26.84367,38.07629],[26.84727,38.08811],[26.84727,38.1033],[26.83647,38.13201],[26.82567,38.14552],[26.79327,38.17253],[26.77527,38.16578],[26.77167,38.1776],[26.77527,38.20631],[26.76087,38.21644],[26.74287,38.21644],[26.72847,38.20968],[26.70687,38.20631],[26.64567,38.20631],[26.63487,38.20293],[26.62407,38.13876],[26.61687,38.14214],[26.61687,38.14552],[26.60967,38.14552],[26.61327,38.1185],[26.60607,38.10837],[26.59527,38.1033],[26.58807,38.10837],[26.57727,38.13201],[26.56647,38.14552],[26.56647,38.12357],[26.55567,38.12188],[26.52327,38.14721],[26.51607,38.15565],[26.51967,38.17929],[26.49086,38.17422],[26.44046,38.21137],[26.41886,38.21981],[26.42246,38.20462],[26.42246,38.19955],[26.41886,38.19955],[26.39006,38.22319],[26.39366,38.24346],[26.39006,38.26203],[26.38286,38.26203],[26.37566,38.23501],[26.35406,38.22826],[26.32886,38.23501],[26.29646,38.25696],[26.23526,38.27385],[26.23166,38.2806],[26.23886,38.2958],[26.26406,38.28736],[26.28566,38.31944],[26.30726,38.32282],[26.30726,38.33126],[26.28926,38.34139],[26.28566,38.35828],[26.29286,38.3701],[26.30726,38.35828],[26.31086,38.37179],[26.32166,38.37685],[26.32526,38.3549],[26.31446,38.33633],[26.31806,38.33295],[26.34686,38.32957],[26.35046,38.31944],[26.35766,38.31606],[26.38646,38.31775],[26.39006,38.32451],[26.38286,38.33633],[26.38286,38.34308],[26.40446,38.33464],[26.41886,38.33633],[26.47646,38.36672],[26.47646,38.38698],[26.46926,38.40725],[26.45126,38.41907],[26.45126,38.42582],[26.47646,38.41738],[26.49086,38.40556],[26.49806,38.40725],[26.51247,38.43258],[26.49806,38.43933],[26.47286,38.4579],[26.45486,38.46297],[26.44046,38.4731],[26.42246,38.46972],[26.41526,38.45622],[26.40806,38.45284],[26.38646,38.45453],[26.38646,38.4579],[26.39726,38.46804],[26.40446,38.4883],[26.40086,38.50012],[26.36846,38.53558],[26.37566,38.52882],[26.35766,38.57779],[26.36126,38.58286],[26.34686,38.6217],[26.35046,38.6504],[26.35766,38.66222],[26.40446,38.67742],[26.44046,38.67742],[26.46566,38.67235],[26.48726,38.66391],[26.50527,38.65209],[26.54127,38.62338],[26.55567,38.60481],[26.55927,38.58961],[26.60967,38.53558],[26.63127,38.51869],[26.63847,38.49674],[26.63847,38.47817],[26.64207,38.46804],[26.63487,38.46128],[26.60967,38.46804],[26.58807,38.46128],[26.60607,38.45453],[26.60607,38.4444],[26.58807,38.41907],[26.61327,38.41569],[26.63847,38.37516],[26.65647,38.32957],[26.67447,38.30762],[26.69607,38.31269],[26.69967,38.3262],[26.69247,38.33464],[26.67807,38.34308],[26.67087,38.3853],[26.67447,38.40218],[26.70327,38.43089],[26.71767,38.42582],[26.71767,38.43258],[26.72487,38.43258],[26.73567,38.42244],[26.76807,38.36334],[26.78607,38.37179],[26.79687,38.35828],[26.81127,38.35997],[26.84727,38.37179],[26.92287,38.37685],[26.97327,38.39543],[26.99127,38.3988],[27.01287,38.41231],[27.04167,38.40725],[27.05607,38.41231],[27.05607,38.40894],[27.05967,38.41231],[27.08847,38.40218],[27.11007,38.414],[27.13527,38.43426],[27.16407,38.44608],[27.16407,38.45284],[27.15327,38.45959],[27.14247,38.45284],[27.13527,38.46128],[27.11727,38.45453],[27.08487,38.45622],[27.07407,38.45284],[27.04887,38.46297],[27.02367,38.46297],[26.93367,38.43426],[26.94447,38.44608],[26.92647,38.45622],[26.89767,38.49505],[26.88327,38.50181],[26.85807,38.50687],[26.82567,38.52545],[26.81487,38.54233],[26.82927,38.53051],[26.87247,38.50687],[26.89047,38.50856],[26.89047,38.51532],[26.86527,38.53558],[26.83647,38.54909],[26.84727,38.59806],[26.83287,38.60819],[26.81487,38.59806],[26.79327,38.59806],[26.80047,38.61156],[26.77887,38.61832],[26.75367,38.61832],[26.76087,38.63858],[26.74647,38.63858],[26.71767,38.65209],[26.73207,38.66391],[26.75367,38.6656],[26.73207,38.68924],[26.71767,38.72132],[26.73927,38.73145],[26.78967,38.7399],[26.81847,38.75509],[26.82927,38.75003],[26.82927,38.74665],[26.85087,38.74496],[26.88687,38.73483],[26.90487,38.73483],[26.89767,38.74834],[26.92287,38.76185],[26.93007,38.75509],[26.93367,38.76354],[26.93367,38.77873],[26.93007,38.78887],[26.92287,38.78211],[26.89767,38.81588],[26.93727,38.82939],[26.94447,38.80913],[26.96247,38.80575],[26.96967,38.81926],[26.95887,38.84459],[26.97687,38.84797],[26.99127,38.85472],[27.00567,38.86316],[27.01287,38.87161],[27.03447,38.85979],[27.05607,38.87161],[27.06327,38.8868],[27.04167,38.89187],[27.05967,38.91889],[27.05607,38.92902],[27.04167,38.94084],[27.01287,38.92226],[26.98407,38.91889],[26.97687,38.92226],[26.96247,38.94084],[26.93367,38.93071],[26.92287,38.94084],[26.87967,38.91551],[26.86527,38.91382],[26.85447,38.9172],[26.84007,38.93577],[26.80767,38.95097],[26.79687,38.97292],[26.80047,38.99825],[26.81487,39.01513],[26.81487,39.02189],[26.79327,39.02189],[26.82927,39.04722],[26.85447,39.05904],[26.87247,39.06242],[26.88327,39.07086],[26.87607,39.09112],[26.85087,39.12152],[26.81127,39.15698],[26.75007,39.18399],[26.73927,39.1975],[26.73927,39.20763],[26.71767,39.26336],[26.69967,39.26842],[26.62767,39.26842],[26.60967,39.27518],[26.62047,39.28362],[26.62407,39.30388],[26.63127,39.31401],[26.64567,39.31739],[26.65647,39.31401],[26.65287,39.30726],[26.63487,39.30388],[26.63487,39.29713],[26.65647,39.29375],[26.67087,39.28193],[26.66367,39.29882],[26.67087,39.30557],[26.69247,39.3157],[26.71047,39.33765],[26.81487,39.40013],[26.80047,39.40688],[26.80407,39.4187],[26.80047,39.4339],[26.85087,39.43897],[26.86167,39.44741],[26.85087,39.46261],[26.86887,39.47105],[26.93007,39.48794],[26.93007,39.50145],[26.94447,39.54028],[26.94447,39.56055],[26.93727,39.57405],[26.92287,39.5825],[26.89407,39.58419],[26.86887,39.57743],[26.85087,39.56392],[26.83287,39.55717],[26.80767,39.57068],[26.45846,39.52171],[26.36126,39.48118],[26.28566,39.48794],[26.26406,39.48118],[26.25326,39.47274],[26.24966,39.46599],[26.23166,39.47443],[26.15246,39.45923],[26.11286,39.45923],[26.07326,39.47443],[26.06966,39.49638],[26.09486,39.54873],[26.10926,39.59769],[26.14886,39.6264],[26.15606,39.65004],[26.16326,39.70407],[26.14166,39.74291],[26.13806,39.75642],[26.13806,39.76486],[26.14886,39.77668],[26.14886,39.80032],[26.15606,39.82565],[26.15246,39.83578],[26.13806,39.83747],[26.15606,39.89826],[26.14886,39.93372],[26.16326,39.95567],[26.16686,39.97425],[26.18846,40.00126],[26.19926,40.00802],[26.24966,39.99451],[26.31086,40.01984],[26.35406,40.05192],[26.36486,40.07218],[26.36486,40.084],[26.37206,40.09414],[26.36846,40.10258],[26.39366,40.10764],[26.40086,40.12115],[26.40446,40.1583],[26.39726,40.1735],[26.40806,40.19376],[26.42606,40.19376],[26.50167,40.21234],[26.51967,40.22584],[26.56287,40.26975],[26.60607,40.29001],[26.71407,40.39133],[26.73567,40.40315],[26.77527,40.40483],[26.86167,40.39977],[26.89767,40.40652],[26.93367,40.39301],[26.99127,40.38795],[27.01287,40.39301],[27.04167,40.4099],[27.06687,40.43354],[27.09567,40.45211],[27.14247,40.4538],[27.21447,40.44705],[27.23607,40.45211],[27.27207,40.46731],[27.28647,40.469],[27.30447,40.45887],[27.31527,40.44367],[27.32967,40.41328],[27.31527,40.40652],[27.30807,40.40652],[27.30447,40.41159],[27.29367,40.40652],[27.33687,40.37106],[27.39447,40.34236],[27.45207,40.32209],[27.52408,40.30859],[27.55288,40.30859],[27.56368,40.31027],[27.59608,40.32885],[27.61408,40.33054],[27.66448,40.31703],[27.68968,40.31365],[27.71128,40.32378],[27.73288,40.31703],[27.76168,40.31534],[27.79048,40.32041],[27.81208,40.34742],[27.86608,40.36937],[27.88408,40.38626],[27.86608,40.38626],[27.81568,40.39977],[27.80128,40.39301],[27.79048,40.39301],[27.78688,40.41328],[27.77248,40.41665],[27.75808,40.43185],[27.75088,40.45718],[27.72568,40.46056],[27.68248,40.49602],[27.68248,40.50277],[27.70768,40.51121],[27.72208,40.52641],[27.73288,40.52979],[27.75088,40.52472],[27.76168,40.53654],[27.77968,40.51797],[27.77968,40.51459],[27.79048,40.51459],[27.79408,40.52135],[27.80488,40.52303],[27.97048,40.50277],[28.01368,40.49095],[28.03528,40.47407],[28.01728,40.45043],[27.93088,40.41665],[27.90568,40.39977],[27.90928,40.37444],[27.94528,40.366],[28.02808,40.37275],[28.11088,40.39639],[28.34848,40.40483],[28.39888,40.39808],[28.48528,40.39977],[28.46728,40.3947],[28.46008,40.38795],[28.46008,40.37951],[28.49968,40.39133],[28.54649,40.39133],[28.59329,40.38119],[28.63649,40.366],[28.64369,40.37106],[28.65089,40.366],[28.65809,40.366],[28.68689,40.37951],[28.74089,40.38626],[28.77329,40.40315],[28.82369,40.39301],[28.88489,40.38626],[28.92089,40.36937],[28.95689,40.36262],[29.03249,40.36431],[29.05049,40.36769],[29.06489,40.37613],[29.07569,40.38795],[29.08289,40.41497],[29.09009,40.42679],[29.11889,40.42341],[29.15129,40.43354],[29.11169,40.46562],[29.08649,40.47744],[29.06489,40.48251],[29.01089,40.48251],[28.98209,40.46393],[28.97129,40.46056],[28.91729,40.47069],[28.82729,40.5129],[28.77329,40.52303],[28.79129,40.55343],[28.82729,40.57031],[28.89929,40.59227],[28.92809,40.60577],[28.97129,40.63955],[28.98569,40.64461],[29.28089,40.66656],[29.32409,40.67669],[29.36369,40.69358],[29.38529,40.70709],[29.39249,40.70709],[29.41769,40.68683],[29.46089,40.70371],[29.47169,40.71891],[29.48969,40.72735],[29.5005,40.72904],[29.5293,40.72229],[29.5437,40.71047],[29.5473,40.6902],[29.7525,40.72398],[29.8677,40.72904],[29.9037,40.71553],[29.9253,40.71722],[29.9397,40.7358],[29.9289,40.75775],[29.8893,40.76281],[29.8101,40.75606],[29.7957,40.75099],[29.7741,40.7493],[29.7633,40.75268],[29.7381,40.76957],[29.7201,40.77126],[29.6877,40.78139],[29.6661,40.78308],[29.42849,40.77632],[29.41049,40.77126],[29.37809,40.75606],[29.35649,40.76281],[29.33849,40.78814],[29.32769,40.78983],[29.34209,40.79827],[29.33489,40.81516],[29.31689,40.82529],[29.30969,40.81854],[29.30249,40.82529],[29.29169,40.81854],[29.25569,40.81009],[29.25569,40.81685],[29.27009,40.82191],[29.27369,40.82867],[29.27369,40.8388],[29.28809,40.83204],[29.28809,40.83711],[29.29529,40.8388],[29.28449,40.85231],[29.24129,40.8827],[29.21969,40.87932],[29.20169,40.89452],[29.14409,40.91478],[29.12249,40.9266],[29.10449,40.94687],[29.08289,40.96038],[29.02889,40.98233],[29.03609,40.98908],[29.02169,40.99415],[29.00729,41.0313],[29.02529,41.03805],[29.04689,41.05494],[29.06129,41.07689],[29.07569,41.11404],[29.08649,41.12923],[29.09009,41.14105],[29.06849,41.15287],[29.12969,41.21197],[29.16929,41.23393],[29.20529,41.22886],[29.21609,41.23899],[29.23049,41.24068],[29.42129,41.21366],[29.6193,41.1782],[29.8857,41.1495],[30,41.1472],[30,45.84447],[29.9901,45.84712],[29.9685,45.83868],[29.9613,45.81841],[29.9541,45.77113],[29.9325,45.79308],[29.9325,45.79984],[29.9397,45.80997],[29.9361,45.81672],[29.9253,45.81335],[29.9181,45.79984],[29.9181,45.78295],[29.9217,45.76944],[29.9397,45.75087],[29.9325,45.72385],[29.9289,45.73398],[29.8965,45.75087],[29.8965,45.76438],[29.8821,45.76269],[29.8749,45.75087],[29.8245,45.74749],[29.8029,45.73736],[29.7957,45.7171],[29.8029,45.70359],[29.8425,45.69008],[29.8641,45.67151],[29.8101,45.64787],[29.7885,45.65462],[29.7849,45.64955],[29.7885,45.63605],[29.7741,45.62929],[29.7453,45.62254],[29.7345,45.61409],[29.7345,45.64111],[29.7237,45.66813],[29.7057,45.68839],[29.6841,45.69684],[29.6805,45.75087],[29.6841,45.76776],[29.6949,45.78126],[29.6805,45.79815],[29.6517,45.81335],[29.6445,45.82686],[29.6373,45.82686],[29.6301,45.81335],[29.6517,45.78971],[29.6481,45.78126],[29.6301,45.76269],[29.6229,45.75087],[29.6229,45.73567],[29.6373,45.71034],[29.6049,45.69177],[29.5977,45.65293],[29.5977,45.60396],[29.5905,45.55837],[29.6301,45.54655],[29.6481,45.54486],[29.6661,45.54824],[29.6805,45.55499],[29.7057,45.57357],[29.6625,45.52629],[29.6373,45.51447],[29.6265,45.49589],[29.6193,45.49083],[29.6049,45.48745],[29.6049,45.47901],[29.6229,45.45368],[29.6409,45.44186],[29.6517,45.44355],[29.6553,45.45199],[29.6553,45.47394],[29.6733,45.47732],[29.6733,45.45368],[29.6805,45.4503],[29.6877,45.45368],[29.6841,45.45706],[29.7021,45.45706],[29.7093,45.45199],[29.7129,45.43679],[29.7237,45.46888],[29.7309,45.47563],[29.7489,45.46381],[29.7561,45.44693],[29.7561,45.42835],[29.7489,45.41484],[29.7273,45.41484],[29.7417,45.40471],[29.7489,45.38614],[29.7561,45.31353],[29.7525,45.3034],[29.7417,45.28989],[29.7417,45.28145],[29.7273,45.24767],[29.7273,45.23923],[29.7309,45.23754],[29.7093,45.22403],[29.6913,45.21728],[29.6733,45.2139],[29.6229,45.21728],[29.6229,45.21052],[29.6481,45.17844],[29.6661,45.16493],[29.6985,45.16156],[29.6769,45.14467],[29.6661,45.11765],[29.6517,45.01127],[29.6373,44.98426],[29.6301,44.93866],[29.6229,44.92853],[29.6301,44.90827],[29.6049,44.87956],[29.6193,44.86099],[29.6121,44.84917],[29.5833,44.84073],[29.5617,44.82046],[29.5437,44.82722],[29.5113,44.82046],[29.31689,44.79851],[29.19089,44.79345],[29.15489,44.785],[29.05409,44.73435],[29.02529,44.71408],[29.00009,44.68875],[28.99289,44.6972],[28.99649,44.71071],[28.98209,44.72928],[28.97489,44.74448],[28.99649,44.75123],[29.02169,44.75461],[29.05769,44.76812],[29.09729,44.77487],[29.11889,44.78669],[29.13689,44.80358],[29.14409,44.82722],[29.14049,44.83904],[29.09729,44.8745],[29.10449,44.85086],[29.10449,44.84073],[29.08649,44.84242],[29.06129,44.83228],[29.04689,44.84748],[29.04329,44.86606],[29.04329,44.92516],[29.05049,44.94542],[29.09729,44.95724],[29.11169,44.97075],[29.10089,44.98088],[29.05769,45.00114],[29.04689,45.00452],[29.01449,45.00452],[28.98209,45.01296],[28.97129,45.01127],[28.96769,45.00621],[28.96769,44.99608],[28.96049,44.98763],[28.91729,44.97919],[28.88129,44.95555],[28.87049,44.94373],[28.86329,44.91671],[28.87409,44.91165],[28.87769,44.90489],[28.86329,44.89138],[28.86689,44.88294],[28.88129,44.86943],[28.90289,44.86268],[28.95329,44.82722],[28.93529,44.81371],[28.92449,44.81371],[28.93889,44.80695],[28.93889,44.79851],[28.92449,44.79345],[28.92449,44.78331],[28.93169,44.77318],[28.94609,44.76474],[28.92449,44.75799],[28.87769,44.7563],[28.79849,44.72084],[28.78769,44.70564],[28.78769,44.69382],[28.79489,44.68707],[28.80929,44.6972],[28.80569,44.68369],[28.78409,44.68031],[28.78049,44.66511],[28.78409,44.64992],[28.79129,44.64485],[28.84529,44.65161],[28.87049,44.66174],[28.91369,44.6972],[28.89929,44.71746],[28.96769,44.70057],[28.98209,44.69213],[28.98929,44.67525],[28.97849,44.65498],[28.96049,44.63979],[28.93889,44.63472],[28.97129,44.67018],[28.97489,44.68707],[28.95329,44.6972],[28.95329,44.68875],[28.96049,44.682],[28.95689,44.67862],[28.93889,44.67525],[28.92449,44.682],[28.91729,44.682],[28.90289,44.66849],[28.85249,44.63472],[28.78769,44.60939],[28.77329,44.60095],[28.79129,44.62459],[28.79489,44.63472],[28.78049,44.63641],[28.76609,44.63303],[28.75889,44.62628],[28.75529,44.61446],[28.76609,44.61446],[28.75889,44.60433],[28.77329,44.59082],[28.78769,44.58575],[28.74809,44.57731],[28.73369,44.56718],[28.73369,44.55198],[28.74809,44.56549],[28.76249,44.56042],[28.77329,44.55198],[28.75169,44.51314],[28.74449,44.48613],[28.75169,44.46586],[28.75889,44.46586],[28.77329,44.48444],[28.77689,44.50808],[28.80929,44.52496],[28.83809,44.55367],[28.85609,44.56718],[28.89209,44.57731],[28.90649,44.58744],[28.92449,44.62121],[28.91009,44.58406],[28.84529,44.49288],[28.79849,44.46755],[28.70489,44.38143],[28.69409,44.34597],[28.67969,44.35273],[28.65089,44.33922],[28.64009,44.32909],[28.63289,44.30207],[28.62929,44.26492],[28.65089,44.23115],[28.66529,44.19907],[28.66889,44.18387],[28.66529,44.17543],[28.67249,44.16867],[28.65809,44.17374],[28.64729,44.17205],[28.62929,44.15516],[28.63649,44.13659],[28.65449,44.05554],[28.67249,43.99813],[28.64009,43.93227],[28.63649,43.91876],[28.60769,43.87486],[28.59329,43.81914],[28.58609,43.81069],[28.58969,43.79212],[28.58249,43.77186],[28.58249,43.75159],[28.57529,43.72795],[28.57169,43.60638],[28.57529,43.59287],[28.60409,43.55234],[28.60409,43.53883],[28.57889,43.48142],[28.56089,43.4544],[28.48888,43.40712],[28.47808,43.39699],[28.47448,43.3666],[28.46008,43.38011],[28.41328,43.39868],[28.39528,43.41388],[28.37008,43.42232],[28.32328,43.42908],[28.29808,43.4257],[28.26208,43.4105],[28.24408,43.40712],[28.17928,43.4105],[28.15768,43.40712],[28.11808,43.39193],[28.08568,43.35478],[28.03168,43.2484],[28.01728,43.2332],[27.99928,43.22307],[27.90568,43.20281],[27.90568,43.19605],[27.94528,43.16903],[27.94528,43.15721],[27.92368,43.11331],[27.91288,43.06434],[27.88768,43.04239],[27.88408,43.03057],[27.88408,43.00862],[27.90208,42.96303],[27.90568,42.94277],[27.89848,42.87522],[27.90568,42.86003],[27.88408,42.84821],[27.88408,42.83132],[27.89848,42.78404],[27.89848,42.73676],[27.89128,42.70974],[27.84088,42.70805],[27.78688,42.71481],[27.73288,42.71481],[27.72568,42.70805],[27.71488,42.68441],[27.71848,42.67428],[27.72568,42.66753],[27.74008,42.66077],[27.71128,42.6574],[27.66808,42.64389],[27.64648,42.64051],[27.62848,42.62869],[27.63208,42.60336],[27.65008,42.55777],[27.63568,42.56452],[27.54208,42.56621],[27.51328,42.5527],[27.49887,42.53244],[27.48087,42.48347],[27.46287,42.49023],[27.45207,42.4801],[27.45207,42.4649],[27.46647,42.45646],[27.46287,42.44801],[27.46647,42.42775],[27.47007,42.43619],[27.46647,42.44126],[27.47367,42.46152],[27.50248,42.43788],[27.51328,42.4345],[27.52768,42.44295],[27.53488,42.45477],[27.54568,42.45983],[27.56368,42.44801],[27.57088,42.45814],[27.59608,42.44801],[27.62848,42.45814],[27.64288,42.45646],[27.64288,42.4497],[27.63568,42.44801],[27.64288,42.43113],[27.65368,42.41931],[27.66808,42.41593],[27.69328,42.42775],[27.69328,42.41931],[27.70048,42.41424],[27.71848,42.41424],[27.71848,42.40749],[27.69688,42.40073],[27.70408,42.3906],[27.71848,42.38722],[27.71128,42.37709],[27.70768,42.36358],[27.71488,42.34839],[27.72568,42.33825],[27.74008,42.33488],[27.77968,42.33825],[27.77608,42.32137],[27.78688,42.31124],[27.76168,42.29604],[27.75088,42.27747],[27.75448,42.25889],[27.77968,42.24369],[27.77248,42.23525],[27.80848,42.21837],[27.83008,42.19473],[27.85528,42.18122],[27.85168,42.1694],[27.84808,42.16771],[27.88048,42.1542],[27.90568,42.12043],[27.95608,42.0951],[27.97408,42.07484],[27.98488,42.07146],[27.98128,42.06133],[27.99568,42.04444],[28.00648,42.03769],[28.00648,42.03093],[27.99928,42.03093],[28.01728,42.00898],[28.02088,41.99379],[28.01368,41.98197],[28.03168,41.92455],[28.03168,41.91442],[28.04248,41.90429],[28.04608,41.89078],[28.03528,41.88572],[28.00648,41.89247],[27.99208,41.89247],[27.97768,41.8874],[27.97048,41.8739],[27.96688,41.84857],[27.97048,41.82155],[28.02088,41.77089],[28.03888,41.7253],[28.07128,41.69997],[28.08208,41.6814],[28.08928,41.67633],[28.08568,41.66789],[28.07488,41.6662],[28.08208,41.64425],[28.11448,41.61217],[28.14328,41.59866],[28.17928,41.55813],[28.23328,41.51929],[28.38448,41.44669],[28.60049,41.37745],[28.91009,41.26601],[29.00729,41.24912],[29.02529,41.24237],[29.03969,41.25419],[29.06849,41.25419],[29.09369,41.24575],[29.10809,41.23561],[29.10089,41.21029],[29.08649,41.19171],[29.06849,41.17483],[29.03969,41.16469],[29.06489,41.13261],[29.07209,41.13092],[29.06489,41.1191],[29.06129,41.1191],[29.05769,41.09884],[29.05049,41.08195],[29.03249,41.05325],[28.99649,41.03974],[28.98929,41.0313],[28.98929,41.01779],[28.99289,41.01441],[28.99289,41.00766],[28.98209,41.0009],[28.96049,41.00259],[28.95329,41.00934],[28.93889,41.00766],[28.93169,40.99752],[28.91729,40.99415],[28.89929,40.98402],[28.84889,40.97557],[28.84169,40.96713],[28.82369,40.96206],[28.79849,40.96206],[28.78769,40.96544],[28.76969,40.97895],[28.74449,40.98064],[28.62569,40.96882],[28.59689,40.97726],[28.60409,41.00934],[28.58609,41.02285],[28.57529,41.02285],[28.58249,41.04649],[28.57169,41.06676],[28.55369,41.08026],[28.52849,41.08533],[28.53209,41.07013],[28.55369,41.05325],[28.56449,41.02623],[28.55369,40.99752],[28.54289,40.98908],[28.51409,40.99246],[28.46008,41.03298],[28.43488,41.04312],[28.40248,41.04649],[28.33408,41.06676],[28.26568,41.07013],[28.25488,41.07351],[28.24408,41.08364],[28.23688,41.08533],[28.18288,41.07689],[28.16488,41.08533],[28.01368,41.04143],[27.98488,41.02285],[27.95608,40.98402],[27.95968,40.97557],[27.94168,40.97051],[27.86248,40.97895],[27.84448,40.9857],[27.81568,41.00259],[27.77608,41.01103],[27.73648,41.01272],[27.52408,40.98908],[27.49167,40.97557],[27.47007,40.9418],[27.44487,40.86244],[27.42327,40.83204],[27.32967,40.76112],[27.28647,40.70371],[27.19647,40.65305],[27.17847,40.63279],[27.14247,40.62773],[27.11367,40.61422],[27.04887,40.61253],[27.03087,40.60071],[27.00207,40.57031],[26.99127,40.56356],[26.95167,40.56018],[26.91207,40.55005],[26.85447,40.52303],[26.82207,40.50277],[26.76087,40.49602],[26.73927,40.48757],[26.70687,40.46562],[26.68167,40.45549],[26.67447,40.4251],[26.66367,40.41328],[26.63127,40.39977],[26.62407,40.39301],[26.62407,40.37613],[26.61687,40.35924],[26.60247,40.34573],[26.54847,40.3069],[26.50887,40.29845],[26.47646,40.27312],[26.47646,40.26975],[26.46926,40.26637],[26.44406,40.24104],[26.40446,40.21909],[26.37926,40.21065],[26.35766,40.20896],[26.34686,40.20052],[26.35046,40.18194],[26.36126,40.16337],[26.37566,40.15324],[26.31446,40.10933],[26.27486,40.09245],[26.24246,40.0705],[26.17766,40.05023],[26.16686,40.05023],[26.15606,40.0553],[26.15966,40.06712],[26.16686,40.07894],[26.18846,40.09414],[26.20286,40.11609],[26.21366,40.14648],[26.26046,40.19376],[26.27126,40.23091],[26.26766,40.25793],[26.24966,40.27988],[26.21726,40.29677],[26.22806,40.30352],[26.23166,40.31027],[26.22806,40.31534],[26.21366,40.31703],[26.21006,40.32209],[26.23166,40.34067],[26.24966,40.34911],[26.30006,40.36431],[26.32166,40.366],[26.33606,40.38457],[26.38646,40.4099],[26.43326,40.44029],[26.49086,40.45718],[26.56287,40.49939],[26.59527,40.51121],[26.62407,40.51459],[26.67087,40.51121],[26.68527,40.51459],[26.71767,40.55174],[26.73207,40.56356],[26.75727,40.55512],[26.78967,40.56356],[26.81487,40.58045],[26.82927,40.6024],[26.78967,40.65981],[26.71407,40.65137],[26.67807,40.63955],[26.60967,40.63955],[26.58087,40.63279],[26.50527,40.59902],[26.46206,40.61759],[26.44406,40.61928],[26.40086,40.60409],[26.37206,40.61422],[26.30366,40.60071],[26.11646,40.6024],[26.09126,40.60577],[26.07686,40.61253],[26.05526,40.65981],[26.06246,40.67501],[26.05886,40.69696],[26.04806,40.71891],[26.03366,40.7358],[26.04806,40.74255],[26.03726,40.75775],[26.02646,40.79658],[26.00486,40.80334],[26.00486,40.81009],[26.03726,40.81178],[26.05526,40.81685],[26.05886,40.82022],[26.05526,40.83036],[26.03726,40.83204],[26.01206,40.82529],[26.00486,40.8388],[25.99766,40.8388],[25.99766,40.83204],[26.00486,40.81685],[25.99766,40.81685],[25.98326,40.83036],[25.95086,40.84555],[25.91846,40.85231],[25.89686,40.84555],[25.87886,40.84893],[25.82486,40.84893],[25.81406,40.85568],[25.73126,40.85231],[25.69166,40.85737],[25.64846,40.86919],[25.60526,40.87595],[25.56566,40.86582],[25.53686,40.87088],[25.51526,40.87932],[25.48645,40.8979],[25.41805,40.90634],[25.38205,40.91985],[25.34245,40.9418],[25.29925,40.95193],[25.26685,40.9266],[25.25965,40.9266],[25.25965,40.93167],[25.18045,40.94349],[25.14805,40.95869],[25.13365,40.96206],[25.14085,40.98402],[25.14805,40.99077],[25.16965,40.99584],[25.15165,41.00597],[25.13725,41.00934],[25.05805,41.00934],[25.04005,41.00597],[25.04005,40.98908],[25.00765,40.97051],[24.99325,40.96882],[25.00045,40.95024],[24.98965,40.9418],[24.95365,40.9418],[24.89245,40.91985],[24.86365,40.90465],[24.83485,40.87426],[24.80245,40.854],[24.76645,40.86582],[24.72685,40.85231],[24.70885,40.85231],[24.69085,40.85906],[24.69805,40.86582],[24.66205,40.87932],[24.63685,40.85906],[24.62965,40.85906],[24.59725,40.90128],[24.60085,40.9131],[24.57565,40.9266],[24.56845,40.93674],[24.56845,40.95193],[24.50365,40.96206],[24.49644,40.95531],[24.47124,40.95193],[24.46404,40.9418],[24.44244,40.94856],[24.41724,40.94518],[24.39204,40.93674],[24.37044,40.91478],[24.31284,40.87932],[24.32364,40.87257],[24.33084,40.86244],[24.33084,40.85568],[24.30924,40.85062],[24.30564,40.84724],[24.30924,40.83542],[24.31644,40.83204],[24.34164,40.83204],[24.11124,40.72735],[24.07164,40.7206],[24.02844,40.72398],[23.98524,40.73242],[23.87364,40.77801],[23.84124,40.78308],[23.80884,40.7797],[23.75484,40.76281],[23.73324,40.75268],[23.71164,40.73748],[23.69724,40.7206],[23.69004,40.69527],[23.70084,40.67332],[23.71884,40.65812],[23.75484,40.6463],[23.77284,40.62773],[23.78724,40.60577],[23.79444,40.5872],[23.83404,40.56356],[23.86284,40.55849],[23.88804,40.56356],[23.89524,40.55343],[23.91324,40.53823],[23.91684,40.52979],[23.90604,40.52472],[23.83764,40.51797],[23.82324,40.50615],[23.81964,40.48757],[23.82684,40.46056],[23.86644,40.41328],[23.91684,40.38964],[23.96364,40.37951],[24.00324,40.38626],[24.01044,40.39301],[24.01044,40.40146],[24.00684,40.41497],[23.99244,40.43354],[23.99964,40.44029],[23.99244,40.44705],[24.01044,40.44874],[24.02844,40.43185],[24.05364,40.39301],[24.06444,40.38119],[24.08604,40.366],[24.10764,40.35755],[24.12924,40.366],[24.17964,40.3508],[24.18684,40.34742],[24.19764,40.32378],[24.20484,40.31703],[24.23364,40.31703],[24.26604,40.28832],[24.32004,40.22753],[24.38484,40.17856],[24.39204,40.15324],[24.35964,40.13297],[24.32004,40.12453],[24.29844,40.12791],[24.28764,40.15999],[24.27324,40.17012],[24.23724,40.18701],[24.21204,40.2174],[24.19404,40.24948],[24.16884,40.27481],[24.12924,40.29001],[24.04644,40.30183],[24.01764,40.31027],[23.99244,40.32378],[23.95644,40.35249],[23.92404,40.36937],[23.88444,40.366],[23.83404,40.37275],[23.78364,40.35249],[23.75844,40.34911],[23.72964,40.35924],[23.72244,40.34405],[23.71524,40.34573],[23.70084,40.32716],[23.69364,40.30859],[23.69724,40.29339],[23.71524,40.25455],[23.75844,40.23091],[23.76564,40.21571],[23.78004,40.2022],[23.86644,40.1735],[23.88084,40.17688],[23.89524,40.17181],[23.94204,40.14142],[23.98164,40.13128],[23.99244,40.11946],[23.98884,40.10933],[23.97804,40.10089],[23.97804,40.09076],[23.98164,40.08569],[23.99964,40.07556],[24.00324,40.05868],[23.98884,40.05699],[23.98524,40.05361],[23.98524,40.04179],[23.99244,40.03672],[24.00324,40.03841],[24.01044,40.04348],[24.01044,40.02659],[24.01764,40.01646],[23.99244,39.99958],[23.98884,39.98944],[23.99964,39.981],[23.99964,39.97425],[23.97804,39.97425],[23.97084,39.96749],[23.97444,39.96243],[23.99244,39.96074],[23.99244,39.95398],[23.93844,39.9523],[23.92044,39.95567],[23.92404,39.97425],[23.90604,39.96918],[23.90244,39.97087],[23.89884,39.97762],[23.90244,39.98776],[23.85924,40.00633],[23.85564,40.01646],[23.84484,40.0249],[23.83044,40.02659],[23.82324,40.02153],[23.82684,40.00802],[23.78364,40.06712],[23.79444,40.09414],[23.78004,40.10089],[23.77284,40.10933],[23.76564,40.12622],[23.67564,40.2174],[23.64324,40.23598],[23.53884,40.24442],[23.48483,40.26975],[23.43803,40.27988],[23.39843,40.27819],[23.36603,40.2613],[23.34083,40.22753],[23.33723,40.20896],[23.35523,40.17519],[23.36243,40.14986],[23.40203,40.14479],[23.47043,40.06712],[23.49923,40.04179],[23.60364,39.99789],[23.67204,39.98607],[23.67204,39.97087],[23.67564,39.96074],[23.69724,39.94048],[23.71164,39.93541],[23.74764,39.93034],[23.74044,39.92359],[23.72244,39.91515],[23.70444,39.91346],[23.61804,39.92359],[23.47043,39.97087],[23.44523,39.97425],[23.37323,39.9658],[23.35883,39.96074],[23.38043,39.99113],[23.38043,40.00295],[23.37683,40.0114],[23.36243,40.02659],[23.35163,40.05699],[23.31563,40.08907],[23.30483,40.10427],[23.31923,40.13635],[23.32283,40.17519],[23.31923,40.21065],[23.29763,40.23598],[23.25803,40.25286],[23.20043,40.26637],[23.16443,40.27988],[23.15003,40.2765],[23.09603,40.3069],[23.08523,40.3069],[23.07443,40.31365],[23.02763,40.32547],[23.00963,40.3508],[22.96283,40.37951],[22.94483,40.38626],[22.88723,40.38626],[22.89803,40.40146],[22.89083,40.41834],[22.85843,40.44705],[22.86923,40.44874],[22.82963,40.48589],[22.82243,40.50277],[22.84403,40.50953],[22.90883,40.51121],[22.94123,40.51797],[22.95563,40.52641],[22.98443,40.55343],[22.97723,40.57031],[22.94123,40.5872],[22.94843,40.60577],[22.93403,40.6311],[22.90883,40.64461],[22.88363,40.64799],[22.85483,40.63955],[22.86203,40.62097],[22.85843,40.60577],[22.84043,40.58382],[22.81523,40.57369],[22.81523,40.57031],[22.79723,40.57031],[22.77923,40.57876],[22.75763,40.56694],[22.74683,40.55512],[22.74323,40.53992],[22.75043,40.52303],[22.74323,40.52303],[22.73603,40.52979],[22.73603,40.51459],[22.72883,40.51459],[22.72883,40.52303],[22.72163,40.52303],[22.71803,40.51121],[22.71083,40.51121],[22.68923,40.52303],[22.68923,40.5281],[22.67483,40.52641],[22.65683,40.51628],[22.65683,40.50446],[22.67483,40.49602],[22.66043,40.49264],[22.64963,40.47238],[22.62803,40.48251],[22.60283,40.48082],[22.57763,40.469],[22.59203,40.45887],[22.60283,40.44367],[22.61003,40.42847],[22.60643,40.41328],[22.63883,40.38288],[22.65683,40.37951],[22.66043,40.36937],[22.62083,40.31027],[22.59203,40.24104],[22.59203,40.23091],[22.55243,40.16674],[22.54883,40.1431],[22.56683,40.11102],[22.57403,40.08738],[22.57043,40.05361],[22.58483,40.05023],[22.59923,40.01646],[22.66043,39.97762],[22.71083,39.95736],[22.70723,39.93879],[22.71083,39.93541],[22.72163,39.89826],[22.72883,39.88475],[22.73963,39.87462],[22.77923,39.84929],[22.80083,39.84085],[22.85123,39.79019],[22.86563,39.75304],[22.86563,39.73109],[22.90163,39.65848],[22.92683,39.59938],[22.94123,39.58081],[22.95203,39.57068],[23.00603,39.54366],[23.05643,39.52677],[23.10323,39.49807],[23.11403,39.46767],[23.12483,39.45416],[23.21123,39.37987],[23.22203,39.35792],[23.27243,39.32246],[23.29403,39.26842],[23.34083,39.19244],[23.34443,39.17893],[23.30123,39.15191],[23.24363,39.14178],[23.21123,39.13165],[23.22203,39.12489],[23.22923,39.12489],[23.22923,39.11814],[23.21483,39.11307],[23.20403,39.10463],[23.18963,39.10801],[23.16803,39.10632],[23.14643,39.10125],[23.11403,39.08774],[23.05283,39.09788],[23.06003,39.11138],[23.07443,39.12489],[23.06723,39.1384],[23.08163,39.14684],[23.11403,39.15866],[23.11403,39.14684],[23.09963,39.10463],[23.17163,39.13502],[23.18243,39.14684],[23.17523,39.15529],[23.18963,39.15866],[23.20043,39.15191],[23.20763,39.15698],[23.21843,39.17893],[23.18603,39.22452],[23.17523,39.23465],[23.17883,39.25154],[23.16803,39.26842],[23.13563,39.29713],[23.09963,39.31232],[23.02043,39.31739],[23.02043,39.32583],[22.99883,39.35792],[22.93763,39.36129],[22.94123,39.34441],[22.93403,39.33596],[22.93043,39.31232],[22.94123,39.30388],[22.84403,39.28868],[22.82603,39.2718],[22.82603,39.22114],[22.85483,39.15866],[22.85843,39.15866],[22.88003,39.17893],[22.87643,39.19075],[22.88363,39.19075],[22.89083,39.18399],[22.89443,39.17217],[22.90163,39.17893],[22.91243,39.16373],[22.91963,39.12489],[22.93763,39.11138],[22.93763,39.11645],[22.94123,39.11645],[22.93763,39.13165],[22.96283,39.11983],[22.98083,39.08437],[22.99883,39.06917],[22.99163,39.05735],[22.99163,39.05397],[22.99883,39.04891],[22.96643,39.0354],[22.95923,39.02527],[22.96283,39.00838],[23.01683,39.03371],[23.04203,39.04046],[23.07443,39.04215],[23.07443,39.03709],[23.06363,39.02864],[23.03123,39.01513],[23.02043,39.00163],[23.01323,38.98136],[22.98443,38.95435],[22.97723,38.95266],[22.96283,38.95603],[22.94483,38.94759],[22.93763,38.94759],[22.94123,38.93239],[22.92683,38.93239],[22.89803,38.91889],[22.85843,38.92902],[22.84763,38.92564],[22.84043,38.91889],[22.83683,38.89693],[22.82963,38.89187],[22.80443,38.89018],[22.79723,38.8868],[22.79363,38.87836],[22.73243,38.87161],[22.72163,38.88174],[22.71803,38.89018],[22.68923,38.87836],[22.65683,38.89187],[22.62083,38.91382],[22.61363,38.91382],[22.58123,38.89356],[22.55963,38.89187],[22.53803,38.87836],[22.52363,38.88511],[22.52363,38.8581],[22.57403,38.86485],[22.57403,38.8581],[22.55243,38.84797],[22.56323,38.83615],[22.58123,38.83277],[22.59203,38.84459],[22.59923,38.84459],[22.59203,38.82939],[22.62083,38.83446],[22.63163,38.83446],[22.64243,38.82939],[22.68923,38.84965],[22.70363,38.85134],[22.72523,38.81926],[22.74683,38.799],[22.76843,38.78549],[22.77923,38.78211],[22.81523,38.78887],[22.82963,38.78549],[22.84403,38.77873],[22.85843,38.76691],[22.86563,38.75509],[22.88723,38.77198],[22.89803,38.77536],[22.91603,38.77536],[22.92683,38.77198],[22.94483,38.75847],[22.95923,38.75509],[23.01683,38.75509],[23.04203,38.74665],[23.06003,38.72808],[23.08883,38.64871],[23.10323,38.63858],[23.12483,38.63689],[23.15723,38.65378],[23.18243,38.65378],[23.19683,38.6656],[23.16803,38.67911],[23.18603,38.68586],[23.20403,38.68249],[23.23643,38.6656],[23.28683,38.65885],[23.30483,38.65209],[23.31923,38.64365],[23.33723,38.61663],[23.33363,38.60481],[23.32283,38.59468],[23.30483,38.58961],[23.29403,38.57948],[23.28683,38.55584],[23.29403,38.56766],[23.30843,38.56935],[23.34083,38.54571],[23.38043,38.53558],[23.38043,38.52882],[23.37323,38.52545],[23.35163,38.52545],[23.33003,38.51532],[23.33363,38.5035],[23.42003,38.5035],[23.52084,38.48999],[23.54244,38.51194],[23.56764,38.50181],[23.60004,38.4731],[23.57484,38.46128],[23.57484,38.45284],[23.58564,38.45115],[23.59644,38.44608],[23.60004,38.44102],[23.59284,38.43258],[23.59284,38.42582],[23.62524,38.414],[23.67204,38.35659],[23.71164,38.33633],[23.78364,38.34308],[23.80524,38.33295],[23.91324,38.29749],[23.94924,38.29074],[23.96724,38.27892],[23.99244,38.25359],[24.03924,38.22319],[24.05004,38.21137],[24.06804,38.20462],[24.07164,38.19617],[24.06804,38.17422],[24.07884,38.16578],[24.06444,38.15565],[24.06084,38.13201],[24.05364,38.14552],[24.03924,38.14383],[23.98884,38.12188],[23.98884,38.10161],[24.00324,38.0594],[24.01764,38.02732],[24.03204,38.00705],[24.01044,37.96653],[24.01044,37.95809],[24.01764,37.93782],[24.01044,37.926],[24.03564,37.92263],[24.04284,37.91587],[24.04644,37.90574],[24.04284,37.90067],[24.01044,37.89223],[24.02844,37.88041],[24.03924,37.87703],[24.05364,37.87872],[24.04644,37.87028],[24.06804,37.86521],[24.06084,37.85508],[24.06084,37.84326],[24.06804,37.83651],[24.06084,37.83482],[24.05364,37.82807],[24.05364,37.823],[24.07524,37.81118],[24.08604,37.80105],[24.08604,37.7639],[24.08244,37.75208],[24.06084,37.7335],[24.07164,37.72675],[24.07164,37.72],[24.06084,37.72],[24.06084,37.71324],[24.06804,37.70986],[24.06444,37.7048],[24.06804,37.69973],[24.06444,37.7048],[24.06084,37.69973],[24.07164,37.6896],[24.06444,37.67778],[24.04644,37.66596],[24.03204,37.65076],[24.02124,37.65752],[23.98164,37.67103],[23.94924,37.67778],[23.94204,37.6896],[23.94204,37.72675],[23.92404,37.72168],[23.91324,37.74026],[23.90244,37.78247],[23.88804,37.77403],[23.88084,37.79092],[23.86644,37.8078],[23.84844,37.81793],[23.83404,37.81625],[23.81964,37.82975],[23.81244,37.82975],[23.80884,37.8078],[23.79804,37.8078],[23.78724,37.81287],[23.78004,37.80274],[23.77644,37.81456],[23.76564,37.81625],[23.76924,37.82807],[23.76564,37.8382],[23.74404,37.85677],[23.74044,37.87703],[23.70084,37.926],[23.69724,37.93951],[23.67924,37.94627],[23.62884,37.93276],[23.62884,37.93951],[23.63604,37.94289],[23.64324,37.95302],[23.62524,37.94795],[23.61084,37.96146],[23.59644,37.96653],[23.57124,37.96822],[23.56044,37.97328],[23.55324,37.98004],[23.58924,38.00705],[23.59644,38.02056],[23.58924,38.03914],[23.58204,38.04589],[23.57484,38.04758],[23.56044,38.04251],[23.51004,38.04083],[23.49563,38.02901],[23.44883,38.02225],[23.41283,37.99355],[23.39483,37.98848],[23.43083,37.98004],[23.40923,37.97497],[23.33003,37.98004],[23.22563,37.97328],[23.18963,37.95809],[23.14283,37.92938],[23.09243,37.91081],[23.05283,37.926],[23.04203,37.92263],[23.01683,37.926],[23.00963,37.8973],[22.99523,37.8821],[22.99883,37.86353],[23.01323,37.84833],[23.03123,37.85002],[23.04923,37.84326],[23.07443,37.84157],[23.09603,37.84326],[23.11403,37.85002],[23.16443,37.81456],[23.18243,37.80949],[23.17523,37.78923],[23.18243,37.77403],[23.12843,37.76052],[23.12483,37.75714],[23.12123,37.74026],[23.14643,37.72506],[23.16083,37.72],[23.17523,37.72],[23.16443,37.68116],[23.17523,37.64401],[23.16083,37.64401],[23.16803,37.61362],[23.18963,37.60686],[23.22923,37.58322],[23.23643,37.58998],[23.27603,37.56127],[23.29403,37.5562],[23.32283,37.53763],[23.33723,37.53594],[23.35883,37.54776],[23.35883,37.57478],[23.34083,37.60011],[23.31203,37.61024],[23.31203,37.61699],[23.33003,37.62881],[23.34803,37.63388],[23.39843,37.63726],[23.40923,37.62544],[23.40563,37.60011],[23.39123,37.5714],[23.37323,37.5562],[23.39483,37.54101],[23.42363,37.53594],[23.42363,37.5275],[23.39483,37.52243],[23.39483,37.51568],[23.43803,37.50892],[23.45963,37.49542],[23.47763,37.49035],[23.52444,37.45996],[23.51724,37.4532],[23.52444,37.44645],[23.52444,37.43969],[23.50644,37.43125],[23.44523,37.41436],[23.32283,37.4093],[23.30483,37.41268],[23.31203,37.39748],[23.27603,37.40254],[23.26163,37.40086],[23.26523,37.39072],[23.22923,37.38397],[23.22923,37.37553],[23.23643,37.37046],[23.25803,37.37046],[23.25083,37.36371],[23.25083,37.35695],[23.27963,37.3502],[23.26163,37.34344],[23.20763,37.34344],[23.18603,37.34007],[23.18603,37.33162],[23.20403,37.30292],[23.16803,37.29954],[23.14283,37.30967],[23.14283,37.31643],[23.16083,37.31643],[23.16083,37.32318],[23.15003,37.32656],[23.13563,37.32318],[23.12483,37.32487],[23.11403,37.33669],[23.13563,37.32993],[23.12123,37.34513],[23.09963,37.35695],[23.09243,37.3502],[23.08163,37.3502],[23.07443,37.35526],[23.07083,37.40086],[23.09603,37.38903],[23.10683,37.39748],[23.11403,37.41099],[23.11403,37.42618],[23.14283,37.41268],[23.14283,37.41774],[23.13563,37.42787],[23.13563,37.44307],[23.13203,37.44814],[23.09603,37.46164],[23.06363,37.45489],[23.04563,37.45996],[23.06003,37.46671],[23.04563,37.48697],[23.00963,37.4684],[23.00603,37.45996],[22.99163,37.49542],[22.98083,37.50892],[22.96283,37.52243],[22.94123,37.52243],[22.93763,37.52581],[22.93763,37.53594],[22.92323,37.54101],[22.90163,37.54101],[22.91603,37.53932],[22.92323,37.5275],[22.90163,37.53425],[22.88363,37.53256],[22.85483,37.51568],[22.81883,37.53594],[22.82603,37.54945],[22.80083,37.56127],[22.79723,37.57647],[22.79003,37.58829],[22.77923,37.59673],[22.73963,37.58153],[22.72523,37.56634],[22.72163,37.54101],[22.73603,37.52412],[22.73603,37.5123],[22.72883,37.49373],[22.73963,37.47684],[22.74683,37.47346],[22.75043,37.46671],[22.75043,37.44307],[22.76483,37.43125],[22.76483,37.42112],[22.75763,37.40761],[22.75763,37.39748],[22.81883,37.34344],[22.81163,37.32993],[22.82603,37.32993],[22.82603,37.32318],[22.81883,37.32318],[22.81883,37.31643],[22.82963,37.30798],[22.85483,37.27421],[22.86203,37.25564],[22.91243,37.18303],[22.90163,37.1729],[22.89803,37.15939],[22.89443,37.13406],[22.90163,37.12055],[22.92323,37.11717],[22.95563,37.12393],[22.95563,37.11886],[22.96283,37.1138],[22.96283,37.11042],[22.95563,37.10704],[22.96283,37.10367],[22.95563,37.09522],[22.97363,37.09016],[22.98083,37.0834],[22.98083,37.07834],[22.96283,37.0834],[22.99883,37.03275],[22.99883,37.02093],[23.01323,36.98715],[22.99163,36.98715],[22.99163,36.98209],[23.00603,36.96689],[23.00603,36.97027],[23.01323,36.97364],[23.01683,36.95507],[23.01323,36.93818],[23.04923,36.8774],[23.04563,36.86895],[23.09243,36.8183],[23.09603,36.80648],[23.09243,36.79803],[23.08163,36.79466],[23.08163,36.78959],[23.11403,36.78115],[23.09243,36.75582],[23.09603,36.744],[23.08883,36.73218],[23.07443,36.73387],[23.05283,36.74738],[23.02403,36.71529],[23.03843,36.70685],[23.03483,36.69503],[23.03123,36.69334],[23.06003,36.69334],[23.03483,36.67477],[23.03483,36.64944],[23.04923,36.62242],[23.07083,36.59709],[23.08163,36.57852],[23.13563,36.55488],[23.14643,36.54137],[23.15363,36.54137],[23.14283,36.53461],[23.14643,36.51773],[23.13563,36.5076],[23.15363,36.48733],[23.20403,36.45694],[23.19683,36.4333],[23.16083,36.44681],[23.15363,36.43499],[23.13923,36.4333],[23.09603,36.44343],[23.07803,36.46538],[23.06723,36.47383],[23.07083,36.4924],[23.06363,36.50929],[23.05283,36.52279],[23.03483,36.52786],[22.97363,36.51942],[22.96283,36.53124],[22.95923,36.54812],[22.93043,36.59709],[22.87643,36.63086],[22.88723,36.64268],[22.88363,36.6545],[22.84403,36.6849],[22.83683,36.68659],[22.83323,36.67814],[22.81883,36.66464],[22.81523,36.67139],[22.81883,36.71867],[22.80803,36.73893],[22.80083,36.77608],[22.78643,36.79297],[22.76483,36.80479],[22.68563,36.80985],[22.62083,36.8031],[22.57763,36.78284],[22.57763,36.74062],[22.54523,36.72205],[22.52363,36.6849],[22.54163,36.6849],[22.54883,36.67814],[22.55243,36.66632],[22.55243,36.65113],[22.54523,36.65113],[22.54523,36.65788],[22.53443,36.67139],[22.52363,36.67139],[22.51643,36.66632],[22.50923,36.64775],[22.53083,36.63255],[22.52723,36.61229],[22.51283,36.60216],[22.50563,36.62411],[22.49122,36.61736],[22.48402,36.60722],[22.48402,36.54812],[22.49122,36.50591],[22.51283,36.46707],[22.50563,36.46032],[22.51283,36.45187],[22.49842,36.44512],[22.49482,36.43499],[22.50563,36.41135],[22.50563,36.40459],[22.49122,36.40291],[22.49122,36.39109],[22.48042,36.40122],[22.47682,36.43837],[22.46962,36.45187],[22.45522,36.46201],[22.41922,36.47383],[22.40842,36.48733],[22.40122,36.48733],[22.39042,36.47889],[22.37962,36.48058],[22.35442,36.51266],[22.35442,36.52279],[22.36882,36.54812],[22.38322,36.54475],[22.38682,36.55657],[22.38322,36.57176],[22.37242,36.5819],[22.37962,36.58696],[22.38682,36.60216],[22.36882,36.60216],[22.36882,36.63086],[22.37242,36.64268],[22.38682,36.64437],[22.38682,36.65113],[22.36882,36.65619],[22.36882,36.67308],[22.38682,36.70685],[22.35802,36.70178],[22.32202,36.75751],[22.30402,36.77439],[22.30762,36.79466],[22.29322,36.81998],[22.22122,36.89766],[22.19962,36.9061],[22.17442,36.8909],[22.13842,36.91792],[22.13482,36.93143],[22.14202,36.9365],[22.14922,36.95676],[22.15642,37.01417],[22.15282,37.02093],[22.08442,37.03275],[22.04842,37.03443],[22.03042,37.03106],[21.99082,37.01248],[21.95482,37.00404],[21.94402,36.99391],[21.93682,36.9804],[21.92242,36.86389],[21.92602,36.85207],[21.93322,36.84362],[21.92962,36.82167],[21.95482,36.8031],[21.96922,36.80141],[21.96922,36.79466],[21.95842,36.79466],[21.94402,36.78959],[21.94042,36.78284],[21.94402,36.77439],[21.93682,36.76595],[21.88282,36.72711],[21.87562,36.72711],[21.82162,36.80816],[21.80362,36.80816],[21.76402,36.79466],[21.75322,36.80479],[21.72802,36.81323],[21.72082,36.82167],[21.70642,36.8183],[21.68842,36.85038],[21.69202,36.85882],[21.68842,36.8909],[21.69202,36.90104],[21.71002,36.92636],[21.71002,36.94325],[21.70282,36.95676],[21.68842,36.9652],[21.66682,36.96014],[21.67762,36.96351],[21.68122,36.96689],[21.68122,36.97364],[21.66682,36.97027],[21.66322,36.96014],[21.65602,36.99391],[21.63082,37.02093],[21.59842,37.04625],[21.58042,37.07665],[21.56962,37.11549],[21.56602,37.15601],[21.57322,37.19316],[21.59122,37.22018],[21.65602,37.2607],[21.68122,37.28434],[21.69562,37.31643],[21.69202,37.35695],[21.67402,37.39579],[21.60562,37.49879],[21.56962,37.54607],[21.55162,37.56127],[21.46521,37.61024],[21.44361,37.61868],[21.40041,37.65583],[21.34281,37.66934],[21.32481,37.66427],[21.31761,37.63726],[21.31401,37.63726],[21.31041,37.65752],[21.29961,37.67272],[21.31041,37.69298],[21.31401,37.70986],[21.29601,37.77234],[21.28521,37.78585],[21.22761,37.81118],[21.11241,37.84326],[21.10881,37.85508],[21.11241,37.87028],[21.10521,37.87872],[21.13401,37.94627],[21.14121,37.94627],[21.16281,37.92938],[21.20601,37.94627],[21.25281,37.97666],[21.27801,38.0003],[21.29241,37.99692],[21.32481,38.02225],[21.32481,38.02901],[21.31761,38.03576],[21.28881,38.02056],[21.28521,38.0155],[21.36801,38.12188],[21.37521,38.14383],[21.37521,38.21981],[21.38601,38.21137],[21.39681,38.1928],[21.40761,38.18604],[21.40761,38.19786],[21.40041,38.21475],[21.40761,38.20799],[21.42201,38.20293],[21.47241,38.19617],[21.52282,38.16578],[21.60202,38.15227],[21.62362,38.15396],[21.67402,38.17929],[21.70282,38.20462],[21.74242,38.27047],[21.76402,38.2958],[21.83962,38.33295],[21.85042,38.34139],[21.91522,38.33126],[21.93682,38.33126],[21.95482,38.33633],[21.97642,38.32282],[22.01962,38.31269],[22.03762,38.28229],[22.07722,38.26372],[22.09882,38.26203],[22.11322,38.2671],[22.12042,38.26034],[22.13842,38.25359],[22.16002,38.21306],[22.20682,38.19955],[22.21762,38.18773],[22.25722,38.18604],[22.30042,38.1776],[22.31122,38.17253],[22.33282,38.17929],[22.36522,38.15903],[22.39402,38.14889],[22.41562,38.13707],[22.43362,38.14383],[22.51283,38.12863],[22.62083,38.08304],[22.68203,38.06615],[22.77923,38.0003],[22.80083,37.97328],[22.82243,37.96991],[22.86563,37.93951],[22.88363,37.93782],[22.92323,37.94627],[22.94483,37.94627],[22.95203,37.94964],[22.97363,37.97328],[22.96643,37.99017],[22.95203,38.00199],[22.92323,38.01212],[22.89803,38.02732],[22.88003,38.02901],[22.88723,38.03407],[22.85483,38.03576],[22.88363,38.05433],[22.91243,38.0594],[22.94123,38.08304],[22.97003,38.08135],[23.02043,38.06447],[23.03843,38.06953],[23.06723,38.0594],[23.09963,38.06278],[23.17163,38.07966],[23.18963,38.09486],[23.21843,38.1033],[23.21123,38.11512],[23.19323,38.12694],[23.17523,38.13201],[23.17523,38.14552],[23.18963,38.14552],[23.22203,38.15227],[23.22203,38.15903],[23.14283,38.16747],[23.12843,38.17253],[23.15003,38.18604],[23.12123,38.20799],[23.11043,38.20968],[23.07803,38.18604],[23.06723,38.18267],[23.03123,38.18604],[23.03123,38.1928],[23.05283,38.1928],[23.03843,38.20799],[23.02403,38.21644],[22.95203,38.22488],[22.93403,38.2215],[22.92323,38.20631],[22.93763,38.21137],[22.95203,38.20968],[22.96283,38.20462],[22.97003,38.1928],[22.92323,38.19786],[22.90883,38.1928],[22.89443,38.24177],[22.88723,38.24177],[22.88003,38.22657],[22.87643,38.24177],[22.81883,38.23332],[22.80443,38.22657],[22.76483,38.24852],[22.77203,38.25865],[22.79003,38.27047],[22.79723,38.28229],[22.74323,38.29749],[22.71803,38.311],[22.69643,38.31606],[22.67483,38.34308],[22.68563,38.36166],[22.67123,38.38192],[22.64603,38.39036],[22.62803,38.37179],[22.64603,38.3701],[22.64603,38.36166],[22.63523,38.35659],[22.61363,38.36334],[22.59923,38.3549],[22.59203,38.34477],[22.58843,38.33126],[22.60643,38.32282],[22.60643,38.31606],[22.59923,38.31269],[22.59923,38.30256],[22.58843,38.29242],[22.57763,38.29074],[22.56323,38.29411],[22.54523,38.30256],[22.53443,38.32282],[22.53083,38.32282],[22.52723,38.32957],[22.52723,38.33464],[22.53803,38.33633],[22.52363,38.35828],[22.47682,38.40556],[22.46962,38.42076],[22.40122,38.45284],[22.40842,38.41569],[22.37242,38.39205],[22.38682,38.38023],[22.39042,38.38023],[22.39402,38.3853],[22.39762,38.37516],[22.39762,38.36841],[22.39042,38.36166],[22.37962,38.35828],[22.38682,38.35152],[22.38322,38.34308],[22.36882,38.34139],[22.34722,38.34815],[22.32202,38.35152],[22.28602,38.34815],[22.26802,38.35828],[22.25362,38.36166],[22.24282,38.35828],[22.22482,38.35997],[22.21042,38.35321],[22.19602,38.3397],[22.18882,38.32282],[22.16722,38.35152],[22.14562,38.35321],[22.14922,38.36334],[22.13122,38.37348],[22.04842,38.3988],[22.03042,38.3988],[22.01242,38.39205],[21.98722,38.41062],[21.95842,38.41231],[21.92962,38.40218],[21.89002,38.38023],[21.87922,38.37854],[21.86482,38.37685],[21.85762,38.38023],[21.84682,38.39543],[21.83962,38.3988],[21.83242,38.39712],[21.78202,38.36334],[21.77482,38.35321],[21.77122,38.33295],[21.76402,38.32788],[21.74242,38.33802],[21.71722,38.35828],[21.65962,38.35828],[21.61282,38.34477],[21.59842,38.35152],[21.53362,38.31438],[21.52282,38.2958],[21.51922,38.2958],[21.50842,38.30256],[21.47601,38.30593],[21.46881,38.31269],[21.42921,38.33126],[21.44361,38.33464],[21.49041,38.30931],[21.49041,38.31606],[21.48321,38.32451],[21.48321,38.32957],[21.49041,38.33633],[21.47601,38.34308],[21.47601,38.35152],[21.49041,38.35828],[21.46881,38.35828],[21.47601,38.37179],[21.45801,38.36672],[21.45081,38.36672],[21.44361,38.37179],[21.42201,38.36334],[21.42921,38.38361],[21.41481,38.39374],[21.39681,38.3988],[21.37881,38.3988],[21.37161,38.40894],[21.36081,38.46804],[21.33921,38.4883],[21.32121,38.49674],[21.30681,38.49505],[21.31041,38.48661],[21.35361,38.43258],[21.33921,38.43258],[21.34641,38.42582],[21.33561,38.39543],[21.31761,38.39036],[21.29241,38.37685],[21.29241,38.37348],[21.29961,38.37179],[21.29241,38.36334],[21.27801,38.3701],[21.27081,38.36841],[21.26721,38.36166],[21.27081,38.3549],[21.26361,38.34646],[21.24921,38.33633],[21.23121,38.32957],[21.21321,38.33126],[21.19881,38.3397],[21.18801,38.34139],[21.18081,38.33126],[21.19881,38.32282],[21.18441,38.31944],[21.17361,38.31269],[21.17361,38.30256],[21.15561,38.30424],[21.14841,38.31438],[21.14121,38.33633],[21.08361,38.34308],[21.09801,38.34815],[21.10881,38.35997],[21.10521,38.37179],[21.09081,38.36334],[21.10521,38.3853],[21.10161,38.37854],[21.11241,38.37348],[21.13401,38.38867],[21.14121,38.3988],[21.12321,38.41062],[21.11601,38.40894],[21.10521,38.3988],[21.09441,38.40218],[21.08001,38.42076],[21.08001,38.43258],[21.08361,38.43426],[21.08361,38.44102],[21.09441,38.43089],[21.10521,38.42582],[21.11601,38.42751],[21.11961,38.44102],[21.10521,38.43258],[21.11241,38.44608],[21.10161,38.46466],[21.10521,38.48154],[21.09081,38.48323],[21.08001,38.4883],[21.09801,38.49505],[21.08361,38.50181],[21.09801,38.52545],[21.09441,38.5322],[21.08721,38.53727],[21.07281,38.52545],[21.03681,38.50687],[21.02961,38.51194],[21.02961,38.52038],[21.01521,38.54571],[21.02601,38.58624],[21.02601,38.60819],[21.00441,38.62676],[20.98641,38.66391],[20.97921,38.67235],[20.93961,38.67235],[20.92521,38.67742],[20.91441,38.68586],[20.90721,38.69937],[20.87481,38.79562],[20.86041,38.80406],[20.84601,38.799],[20.83161,38.78718],[20.81721,38.77367],[20.81001,38.76185],[20.80281,38.77367],[20.79201,38.76691],[20.78481,38.7686],[20.77401,38.76016],[20.76321,38.78211],[20.73081,38.80406],[20.73081,38.80913],[20.74881,38.85641],[20.76681,38.86485],[20.78841,38.86316],[20.80641,38.86823],[20.79561,38.88005],[20.76321,38.89187],[20.75601,38.90707],[20.75241,38.92564],[20.75601,38.94084],[20.77041,38.95941],[20.78121,38.93577],[20.79921,38.92564],[20.81721,38.92057],[20.83521,38.92902],[20.86041,38.9611],[20.86761,38.9611],[20.87121,38.95266],[20.87121,38.94421],[20.86761,38.94084],[20.87121,38.93239],[20.86761,38.92564],[20.90361,38.92733],[20.91441,38.93577],[20.92161,38.95435],[20.92881,38.95435],[20.93601,38.94421],[20.97561,38.94759],[21.00801,38.93408],[21.02601,38.93239],[21.02961,38.92564],[21.02601,38.89862],[21.03321,38.89187],[21.06201,38.88174],[21.08361,38.86485],[21.08721,38.87836],[21.09801,38.88511],[21.09801,38.89187],[21.09081,38.90369],[21.10161,38.91044],[21.11961,38.91044],[21.13761,38.902],[21.15921,38.87836],[21.17361,38.87329],[21.18081,38.88511],[21.17001,38.89525],[21.16641,38.91044],[21.15921,38.91044],[21.14121,38.93071],[21.14121,38.94084],[21.14841,38.95435],[21.14121,38.96279],[21.14481,38.97123],[21.15201,38.9763],[21.15921,38.97461],[21.15921,38.99825],[21.13401,39.02358],[21.08361,39.06242],[21.07281,39.05059],[21.07281,39.04384],[21.08001,39.03709],[21.06561,39.04046],[21.05481,39.03709],[21.03681,39.02189],[21.05841,39.00838],[21.00441,39.01513],[21.00441,39.02189],[20.99001,39.02358],[20.96481,39.03877],[20.95401,39.03371],[20.94321,39.03877],[20.93601,39.04722],[20.93601,39.05735],[20.94681,39.06242],[20.94681,39.06917],[20.93961,39.06917],[20.93241,39.0641],[20.92161,39.0641],[20.90001,39.07761],[20.89281,39.07761],[20.88921,39.06748],[20.87121,39.05904],[20.86761,39.05228],[20.87121,39.04384],[20.88561,39.03709],[20.84601,39.03709],[20.86041,39.04215],[20.85681,39.04891],[20.85681,39.05904],[20.85321,39.06579],[20.84601,39.06242],[20.84601,39.07761],[20.83161,39.07761],[20.82441,39.06917],[20.83881,39.09112],[20.83521,39.10801],[20.82081,39.11476],[20.81001,39.10463],[20.80641,39.11138],[20.79561,39.09788],[20.77761,39.09112],[20.77761,39.08268],[20.79201,39.08099],[20.78481,39.04891],[20.76321,39.03202],[20.75601,39.02189],[20.74161,39.02864],[20.74521,39.01513],[20.75601,39.01513],[20.80281,38.98474],[20.82441,38.97799],[20.83161,38.96448],[20.82801,38.9611],[20.80281,38.97123],[20.76681,38.97799],[20.75601,38.97461],[20.75601,38.96954],[20.73441,38.94928],[20.72721,38.96617],[20.71281,38.97967],[20.70921,38.98981],[20.70201,38.99656],[20.70561,39.005],[20.71641,39.01513],[20.70561,39.04891],[20.68761,39.07255],[20.62641,39.10463],[20.59761,39.1232],[20.51841,39.20088],[20.4788,39.22452],[20.4824,39.23465],[20.4752,39.25491],[20.4752,39.26673],[20.4824,39.27518],[20.4824,39.28193],[20.4608,39.27686],[20.4536,39.28024],[20.45,39.28868],[20.432,39.28362],[20.4176,39.28362],[20.3924,39.29713],[20.3672,39.287],[20.324,39.30388],[20.2916,39.33428],[20.2916,39.36467],[20.2772,39.3748],[20.2592,39.39675],[20.2376,39.40013],[20.2412,39.41195],[20.2232,39.43559],[20.216,39.44066],[20.2664,39.44741],[20.2628,39.46092],[20.2556,39.46936],[20.216,39.48794],[20.216,39.49469],[20.234,39.49469],[20.2448,39.49131],[20.2556,39.493],[20.2628,39.50145],[20.2628,39.5082],[20.2376,39.52002],[20.2232,39.52171],[20.2232,39.5082],[20.2016,39.52002],[20.1908,39.52171],[20.2016,39.53015],[20.1836,39.53353],[20.1656,39.53522],[20.1332,39.53015],[20.144,39.54704],[20.1476,39.55717],[20.1476,39.57068],[20.1548,39.56392],[20.162,39.56392],[20.1692,39.56899],[20.1764,39.58081],[20.1728,39.59769],[20.1872,39.60445],[20.1836,39.62471],[20.1404,39.6416],[20.1224,39.65679],[20.0972,39.66524],[20.09,39.67368],[20.0432,39.68043],[20.0216,39.68719],[20.0108,39.69394],[20,39.69394],[19.9964,39.69225],[19.9964,39.68719],[19.9892,39.68719],[19.982,39.7007],[19.9856,39.71758],[20.0036,39.74798],[19.9856,39.75304],[19.982,39.75811],[19.9964,39.78344],[20.018,39.84423],[20.0108,39.86618],[20,39.87124],[19.9604,39.878],[19.9604,39.88982],[19.9424,39.89826],[19.9316,39.90164],[19.9136,39.90164],[19.9064,39.9067],[19.9064,39.91346],[19.9208,39.92697],[19.9424,39.94048],[19.9244,39.9523],[19.8632,40.04517],[19.856,40.05023],[19.8236,40.05023],[19.7948,40.05699],[19.8056,40.06374],[19.7768,40.07725],[19.7696,40.06374],[19.7624,40.07725],[19.748,40.084],[19.748,40.08907],[19.7336,40.11102],[19.73,40.10764],[19.7192,40.11609],[19.6544,40.13297],[19.5968,40.1583],[19.5644,40.18025],[19.5104,40.19376],[19.47799,40.21402],[19.38079,40.29508],[19.36999,40.30859],[19.35199,40.36262],[19.34479,40.37444],[19.30879,40.40146],[19.29079,40.42003],[19.29079,40.42679],[19.31599,40.43861],[19.33399,40.43861],[19.34839,40.43016],[19.38439,40.39808],[19.41319,40.34742],[19.41319,40.33391],[19.42399,40.33054],[19.44559,40.33391],[19.46719,40.34067],[19.47439,40.34911],[19.48159,40.43861],[19.47799,40.4538],[19.45279,40.46562],[19.42039,40.49264],[19.39159,40.52135],[19.38799,40.5433],[19.39879,40.52135],[19.41319,40.52303],[19.43479,40.50615],[19.44559,40.51121],[19.45279,40.52979],[19.45639,40.55343],[19.44199,40.57369],[19.41679,40.58382],[19.39159,40.57876],[19.38799,40.55005],[19.38079,40.56694],[19.30879,40.64461],[19.30519,40.65305],[19.30879,40.66487],[19.35199,40.69358],[19.36279,40.72566],[19.36639,40.78645],[19.36999,40.80165],[19.37719,40.81347],[19.40599,40.82022],[19.39159,40.84555],[19.41319,40.86919],[19.40599,40.88101],[19.38079,40.90803],[19.40599,40.91816],[19.42399,40.94011],[19.44199,40.94856],[19.42759,40.93674],[19.43479,40.9131],[19.42759,40.89283],[19.42759,40.87257],[19.43479,40.87257],[19.43839,40.88608],[19.44199,40.87257],[19.45279,40.88608],[19.5068,40.90465],[19.5248,40.91985],[19.5248,40.94518],[19.5032,40.98233],[19.49599,41.00259],[19.49239,40.97726],[19.47799,40.95362],[19.45279,40.92323],[19.44919,40.93505],[19.45999,40.9418],[19.47079,40.957],[19.47799,40.97557],[19.47439,40.99584],[19.47079,41.0009],[19.45279,41.00597],[19.44199,41.02116],[19.45639,41.10728],[19.45279,41.12248],[19.44199,41.13768],[19.44199,41.14443],[19.46359,41.15119],[19.46719,41.16301],[19.46719,41.18833],[19.5104,41.2373],[19.5176,41.25588],[19.514,41.27614],[19.5032,41.29471],[19.48879,41.30653],[19.47079,41.3116],[19.43119,41.31329],[19.42039,41.32342],[19.41319,41.34199],[19.41319,41.38252],[19.40959,41.39096],[19.39519,41.40278],[19.39159,41.41291],[19.40599,41.40109],[19.42759,41.40109],[19.44559,41.4146],[19.44199,41.44162],[19.46359,41.45006],[19.48879,41.46695],[19.5104,41.48721],[19.5176,41.51423],[19.514,41.52943],[19.5068,41.53618],[19.48159,41.54462],[19.46719,41.55476],[19.44199,41.58515],[19.5284,41.57671],[19.5644,41.58515],[19.586,41.61892],[19.5932,41.61892],[19.5932,41.60879],[19.5968,41.60204],[19.6112,41.60541],[19.6004,41.63918],[19.5932,41.63243],[19.586,41.64087],[19.5572,41.66114],[19.5788,41.68815],[19.5716,41.77089],[19.5896,41.76583],[19.6004,41.77934],[19.6004,41.7996],[19.5932,41.81817],[19.586,41.81817],[19.46719,41.85532],[19.43119,41.86883],[19.36639,41.85194],[19.30879,41.89416],[19.29439,41.90091],[19.21879,41.91949],[19.17199,41.93806],[19.16119,41.94819],[19.16479,41.95833],[19.16119,41.96846],[19.15399,41.97015],[19.13959,41.98534],[19.14319,41.98872],[19.13959,42.04275],[19.08199,42.08159],[19.07479,42.0951],[19.08559,42.1103],[19.06399,42.12043],[19.04959,42.14069],[19.00999,42.139],[18.99559,42.16433],[18.98119,42.16771],[18.96679,42.18797],[18.95239,42.19979],[18.91279,42.22174],[18.90199,42.23694],[18.89479,42.27071],[18.88759,42.28422],[18.87319,42.29097],[18.85519,42.29097],[18.83719,42.28591],[18.82999,42.27747],[18.81919,42.28591],[18.81919,42.29097],[18.79399,42.28084],[18.79039,42.27578],[18.77959,42.27071],[18.76159,42.29097],[18.72919,42.31124],[18.71479,42.32475],[18.71479,42.33825],[18.69319,42.35345],[18.69679,42.37372],[18.67879,42.38554],[18.65719,42.38722],[18.65359,42.36696],[18.63919,42.37034],[18.61759,42.36865],[18.59599,42.38385],[18.57079,42.39229],[18.57799,42.40073],[18.55279,42.41424],[18.54559,42.42437],[18.54919,42.4345],[18.56359,42.43788],[18.65719,42.41593],[18.68599,42.40411],[18.70039,42.39229],[18.70759,42.40918],[18.70759,42.421],[18.68239,42.45814],[18.68599,42.48347],[18.65359,42.45139],[18.61039,42.44464],[18.50239,42.45646],[18.50239,42.44801],[18.52039,42.43788],[18.51319,42.40918],[18.53119,42.40073],[18.50959,42.4058],[18.49518,42.41593],[18.47358,42.44126],[18.41238,42.46152],[18.41238,42.47672],[18.23958,42.55946],[18.22158,42.57972],[18.22158,42.60167],[18.22518,42.61518],[18.21798,42.62025],[18.16758,42.627],[18.12438,42.64389],[18.07758,42.65064],[18.06318,42.6574],[18.05598,42.66753],[18.07758,42.66753],[18.05598,42.68272],[18.04158,42.7013],[18.02718,42.69117],[18.00198,42.7013],[17.96238,42.73],[17.90118,42.75196],[17.87958,42.76884],[17.89398,42.79079],[17.86518,42.78911],[17.83638,42.80768],[17.80758,42.81275],[17.78598,42.80599],[17.77878,42.79755],[17.72118,42.82625],[17.74998,42.80261],[17.76078,42.77897],[17.76078,42.77391],[17.75358,42.77053],[17.74998,42.77222],[17.74998,42.79079],[17.72838,42.80093],[17.67798,42.81612],[17.63478,42.82288],[17.58078,42.84145],[17.52678,42.84821],[17.44037,42.87353],[17.44397,42.89886],[17.41877,42.91068],[17.35037,42.9225],[17.27117,42.96303],[17.23877,42.97147],[17.21357,42.98329],[17.09477,42.98498],[17.06237,42.99005],[17.02637,43.00355],[17.01917,43.01369],[17.02637,43.02382],[17.02637,43.03057],[17.01197,43.03901],[17.00117,43.05083],[17.02277,43.04915],[17.05517,43.02888],[17.07317,43.02382],[17.15957,43.03057],[17.23877,43.02213],[17.38997,42.97823],[17.42597,42.96134],[17.45477,42.94277],[17.45477,42.93263],[17.46557,42.92081],[17.47997,42.9225],[17.49797,42.91237],[17.51958,42.90731],[17.52678,42.9225],[17.54478,42.91406],[17.55918,42.91237],[17.58438,42.90055],[17.62398,42.89211],[17.64198,42.88367],[17.65278,42.87353],[17.67438,42.87522],[17.71758,42.84483],[17.74278,42.83976],[17.71038,42.85665],[17.70318,42.86847],[17.71398,42.88029],[17.70678,42.88704],[17.67798,42.8786],[17.55558,42.93432],[17.57358,42.93432],[17.61678,42.9225],[17.60238,42.93263],[17.54838,42.95459],[17.53398,42.95121],[17.49797,42.97147],[17.48717,42.98329],[17.46917,43.01369],[17.47997,43.02213],[17.50158,43.03057],[17.48717,43.03564],[17.45477,43.02213],[17.43317,43.01706],[17.46197,43.03057],[17.44037,43.03226],[17.43317,43.03564],[17.42597,43.04408],[17.43317,43.05083],[17.42597,43.06434],[17.40437,43.05083],[17.37197,43.07447],[17.31797,43.12682],[17.17397,43.18254],[17.13797,43.20281],[17.11277,43.21294],[17.10917,43.22645],[17.10197,43.23151],[17.07317,43.23827],[17.05517,43.25684],[17.04797,43.27879],[17.02637,43.28386],[16.93277,43.37335],[16.90757,43.38686],[16.88237,43.40544],[16.75277,43.41894],[16.69517,43.43752],[16.62677,43.44934],[16.53317,43.49662],[16.53317,43.50506],[16.52597,43.51013],[16.51877,43.51013],[16.50437,43.50337],[16.46476,43.51013],[16.39276,43.51013],[16.39276,43.51688],[16.43596,43.52195],[16.45756,43.5287],[16.47196,43.53883],[16.45756,43.54559],[16.43236,43.54896],[16.33516,43.55065],[16.30636,43.54052],[16.23796,43.52701],[16.11916,43.52532],[16.11916,43.51688],[16.15156,43.51182],[16.16596,43.50337],[16.17316,43.48986],[16.11196,43.48986],[16.11196,43.47973],[16.09756,43.47973],[16.06516,43.48986],[16.03996,43.49155],[16.01476,43.50337],[16.00756,43.50337],[16.00756,43.49662],[15.99676,43.50337],[15.97516,43.50337],[15.96796,43.51013],[15.96436,43.50844],[15.96436,43.50337],[15.96076,43.50337],[15.96076,43.51519],[15.98236,43.52026],[15.98596,43.52701],[15.98236,43.53714],[15.98596,43.54559],[15.96436,43.54221],[15.96076,43.53883],[15.95716,43.54728],[15.92476,43.5591],[15.94276,43.56078],[15.94276,43.56754],[15.93556,43.5726],[15.91756,43.5726],[15.91756,43.57936],[15.93196,43.58611],[15.91756,43.59287],[15.92476,43.59962],[15.91756,43.60638],[15.92476,43.61313],[15.91756,43.62833],[15.92836,43.63339],[15.96796,43.63339],[15.96796,43.64184],[15.90316,43.64859],[15.91756,43.65366],[15.92836,43.65366],[15.94276,43.64859],[15.95356,43.65028],[15.94276,43.66379],[15.93196,43.66885],[15.94636,43.67223],[15.95356,43.67899],[15.94996,43.68912],[15.93916,43.69587],[15.93916,43.6773],[15.93196,43.6773],[15.89236,43.70094],[15.87076,43.70263],[15.84556,43.72964],[15.80236,43.74653],[15.79156,43.75497],[15.76996,43.76004],[15.70516,43.76341],[15.69436,43.77523],[15.68356,43.79719],[15.63316,43.81069],[15.61876,43.82589],[15.66196,43.81238],[15.67996,43.81238],[15.67996,43.81914],[15.66556,43.81914],[15.64036,43.83602],[15.57556,43.85966],[15.54676,43.87655],[15.52516,43.90019],[15.51076,43.91032],[15.47475,43.91876],[15.45675,43.92721],[15.43875,43.94916],[15.38475,43.99813],[15.35955,44.02514],[15.33795,44.03865],[15.31995,44.04541],[15.23355,44.12139],[15.21195,44.13152],[15.20835,44.13828],[15.21195,44.14841],[15.14355,44.19569],[15.16155,44.21258],[15.15075,44.23453],[15.13275,44.25479],[15.11115,44.26492],[15.12195,44.27505],[15.13995,44.28181],[15.15795,44.28012],[15.16515,44.26154],[15.17595,44.24972],[15.19755,44.25648],[15.20835,44.27336],[15.18675,44.28518],[15.19395,44.28856],[15.19755,44.28518],[15.20835,44.28518],[15.19755,44.30207],[15.24795,44.27843],[15.28035,44.25141],[15.29475,44.25141],[15.28035,44.28518],[15.29115,44.28687],[15.30195,44.29869],[15.28755,44.30207],[15.27675,44.31051],[15.26235,44.33246],[15.28035,44.3274],[15.30915,44.30882],[15.33795,44.30207],[15.40995,44.27168],[15.42435,44.2683],[15.52516,44.25986],[15.52876,44.27168],[15.51436,44.27843],[15.44955,44.28518],[15.41355,44.31727],[15.30915,44.35442],[15.15435,44.46586],[15.10755,44.51314],[15.07875,44.53678],[15.05355,44.54523],[15.00675,44.57055],[14.90235,44.69044],[14.88435,44.72421],[14.89515,44.73603],[14.89515,44.75123],[14.88795,44.76812],[14.88435,44.78838],[14.88075,44.8441],[14.90595,44.92516],[14.92035,44.95893],[14.91315,44.98088],[14.85555,45.07713],[14.85195,45.09401],[14.84115,45.10583],[14.82675,45.11428],[14.76555,45.13792],[14.65755,45.19702],[14.60715,45.2443],[14.59275,45.24936],[14.57475,45.26287],[14.56755,45.27638],[14.58195,45.28482],[14.53515,45.31353],[14.55675,45.29664],[14.55315,45.2882],[14.54235,45.28313],[14.53155,45.28313],[14.50995,45.30002],[14.40194,45.33886],[14.36234,45.34392],[14.34434,45.35237],[14.32994,45.35405],[14.31194,45.34392],[14.29034,45.32028],[14.27234,45.28989],[14.25794,45.25612],[14.24714,45.18688],[14.23634,45.1548],[14.20754,45.1261],[14.17874,45.13454],[14.19674,45.12103],[14.19314,45.10583],[14.16434,45.0805],[14.15714,45.08726],[14.15354,45.07882],[14.15714,45.05349],[14.14274,45.05855],[14.14274,45.05349],[14.16074,45.03998],[14.16794,45.01972],[14.16434,44.99608],[14.14994,44.9775],[14.13914,44.97075],[14.11394,44.9775],[14.09954,44.97412],[14.07434,44.9488],[14.06714,44.9488],[14.07074,44.96906],[14.08514,44.98594],[14.07434,45.00452],[14.05274,45.01803],[14.05274,45.03829],[14.04194,45.03829],[14.04554,45.02647],[14.03834,45.00958],[14.04554,45.00114],[14.07074,44.9927],[14.07434,44.98426],[14.06354,44.97581],[14.04554,44.95217],[14.04194,44.95555],[14.03474,44.95555],[14.04194,44.94035],[14.03474,44.92178],[14.02394,44.92347],[14.02754,44.90827],[14.02034,44.90658],[14.02034,44.90152],[14.00954,44.90489],[13.97354,44.90152],[13.98074,44.89645],[13.99154,44.88125],[13.98794,44.88125],[13.99154,44.86774],[13.98434,44.86437],[13.97354,44.84748],[13.97354,44.83904],[13.97714,44.83735],[13.97354,44.82722],[13.98794,44.82553],[13.99874,44.81371],[13.94474,44.81371],[13.93034,44.82046],[13.93034,44.8154],[13.92314,44.81371],[13.91954,44.82891],[13.89794,44.82891],[13.89074,44.83397],[13.88354,44.82722],[13.90514,44.81709],[13.90874,44.80864],[13.90514,44.79851],[13.91234,44.78163],[13.91954,44.77825],[13.90154,44.77318],[13.89794,44.78163],[13.90154,44.79851],[13.89794,44.81371],[13.84754,44.82722],[13.85474,44.84073],[13.84394,44.84073],[13.84754,44.84748],[13.84394,44.85424],[13.83314,44.85255],[13.81514,44.85592],[13.78634,44.8745],[13.79354,44.88125],[13.80434,44.87112],[13.81874,44.86774],[13.83314,44.87281],[13.84394,44.88801],[13.81514,44.88294],[13.80434,44.88463],[13.79354,44.89476],[13.79354,44.90152],[13.80794,44.91502],[13.79714,44.92516],[13.77554,44.96399],[13.73234,44.99439],[13.68194,45.04673],[13.64234,45.07037],[13.62434,45.07375],[13.63514,45.09401],[13.61354,45.11765],[13.63874,45.12947],[13.72514,45.13454],[13.70714,45.14129],[13.68194,45.14298],[13.63514,45.14129],[13.61354,45.13623],[13.59914,45.13792],[13.59554,45.14467],[13.59914,45.15649],[13.59914,45.17169],[13.58834,45.17506],[13.59554,45.18182],[13.59554,45.18688],[13.59194,45.19195],[13.58114,45.19702],[13.58114,45.20208],[13.59194,45.20715],[13.59554,45.21221],[13.59554,45.22066],[13.58834,45.23079],[13.59554,45.24092],[13.59554,45.25105],[13.58834,45.25949],[13.57394,45.26456],[13.58474,45.27638],[13.60274,45.27976],[13.60274,45.28482],[13.59194,45.2882],[13.57754,45.29833],[13.57394,45.30677],[13.59554,45.31184],[13.60994,45.32028],[13.56314,45.32704],[13.54154,45.34561],[13.54154,45.35743],[13.55594,45.36081],[13.55594,45.36756],[13.54154,45.37601],[13.51274,45.43679],[13.51994,45.44017],[13.51634,45.44693],[13.51994,45.45706],[13.50554,45.48407],[13.50194,45.49927],[13.50554,45.51109],[13.51274,45.51109],[13.57034,45.49083],[13.58834,45.48914],[13.59194,45.49252],[13.58834,45.50096],[13.59554,45.51109],[13.59554,45.51785],[13.57754,45.52291],[13.57034,45.5398],[13.58834,45.53642],[13.75394,45.55331],[13.75394,45.55837],[13.74314,45.57019],[13.71074,45.59383],[13.72874,45.61241],[13.75754,45.61409],[13.78634,45.61072],[13.80794,45.61409],[13.78634,45.62423],[13.77554,45.63605],[13.73954,45.64955],[13.75754,45.65462],[13.75394,45.67151],[13.73954,45.69177],[13.64594,45.76269],[13.62794,45.77282],[13.57394,45.78971],[13.55234,45.79308],[13.53434,45.78126],[13.52354,45.75931],[13.52714,45.74074],[13.55594,45.73736],[13.51994,45.72554],[13.50914,45.71372],[13.46953,45.70697],[13.45153,45.69346],[13.42633,45.68164],[13.40113,45.67488],[13.37593,45.68333],[13.39033,45.68502],[13.42633,45.69852],[13.42993,45.70697],[13.42273,45.72385],[13.38313,45.73061],[13.36873,45.74412],[13.35073,45.74074],[13.25353,45.75594],[13.21393,45.77958],[13.17073,45.76944],[13.15633,45.75425],[13.14913,45.75087],[13.13833,45.75425],[13.13113,45.76944],[13.12033,45.77113],[13.10953,45.76776],[13.11313,45.74918],[13.12393,45.74412],[13.12393,45.73736],[13.10233,45.73567],[13.08073,45.72723],[13.06993,45.71372],[13.07353,45.69684],[13.09153,45.68839],[13.11313,45.69177],[13.14913,45.70359],[13.13833,45.69008],[13.10233,45.66982],[13.09513,45.65293],[13.08433,45.64111],[13.05913,45.63605],[12.97993,45.63436],[12.94393,45.62929],[12.78193,45.55331],[12.61273,45.49589],[12.51193,45.47057],[12.49752,45.46043],[12.45072,45.4503],[12.42192,45.43848],[12.41112,45.43679],[12.43632,45.47563],[12.42912,45.48407],[12.44712,45.48407],[12.45072,45.48914],[12.45072,45.49758],[12.45792,45.49758],[12.46152,45.48914],[12.46872,45.48576],[12.47952,45.49083],[12.46512,45.50434],[12.50113,45.50603],[12.50833,45.49758],[12.49392,45.49758],[12.49392,45.49083],[12.51553,45.49252],[12.52273,45.51953],[12.52993,45.52629],[12.54793,45.52629],[12.56233,45.53135],[12.57313,45.5398],[12.58033,45.55331],[12.54433,45.53642],[12.53713,45.53642],[12.51193,45.55837],[12.50833,45.57357],[12.48672,45.56513],[12.45792,45.54824],[12.44352,45.52967],[12.45072,45.51785],[12.45072,45.51109],[12.43632,45.51278],[12.41832,45.52291],[12.41112,45.51785],[12.40392,45.51785],[12.39672,45.5398],[12.38592,45.52291],[12.38952,45.51447],[12.42552,45.50434],[12.42552,45.49758],[12.41112,45.49252],[12.39312,45.49083],[12.38232,45.49421],[12.38232,45.50434],[12.34992,45.50434],[12.31032,45.48914],[12.27432,45.46381],[12.25272,45.43679],[12.25272,45.43004],[12.25992,45.43004],[12.24912,45.41991],[12.24552,45.41147],[12.24912,45.40302],[12.25992,45.39458],[12.24912,45.38614],[12.24912,45.37094],[12.24552,45.36081],[12.22752,45.35743],[12.22392,45.35405],[12.23112,45.34055],[12.20952,45.30846],[12.18792,45.30677],[12.17352,45.31015],[12.16272,45.31691],[12.15552,45.31353],[12.14832,45.29158],[12.15912,45.28313],[12.16992,45.26287],[12.18072,45.25781],[12.19152,45.26287],[12.19872,45.27469],[12.20232,45.2882],[12.19872,45.30002],[12.21672,45.29327],[12.22392,45.25105],[12.21312,45.24767],[12.20952,45.24261],[12.22392,45.23079],[12.22032,45.21559],[12.23112,45.20377],[12.24912,45.19702],[12.26712,45.19702],[12.25992,45.20208],[12.29592,45.22741],[12.30672,45.23079],[12.29952,45.21559],[12.30312,45.20039],[12.32112,45.17169],[12.32112,45.13792],[12.32832,45.10077],[12.30672,45.10752],[12.30672,45.12778],[12.29592,45.10583],[12.29592,45.08895],[12.30672,45.07882],[12.32832,45.0805],[12.32112,45.09401],[12.33912,45.08219],[12.35352,45.067],[12.37512,45.03829],[12.37512,45.03154],[12.36792,45.03154],[12.35352,45.02478],[12.36792,45.01127],[12.38232,45.02647],[12.38592,45.03829],[12.38232,45.05011],[12.36792,45.06531],[12.41472,45.04336],[12.41112,45.03154],[12.42552,45.01972],[12.44352,45.01127],[12.48672,44.97581],[12.49752,44.98426],[12.48672,44.98426],[12.48672,44.99101],[12.50113,44.99101],[12.51553,44.98763],[12.52633,44.98088],[12.53353,44.97075],[12.53353,44.96062],[12.52273,44.95048],[12.52633,44.94373],[12.51193,44.92178],[12.49752,44.92178],[12.49392,44.90996],[12.49392,44.87788],[12.48672,44.86268],[12.47592,44.84579],[12.44352,44.82046],[12.43992,44.83566],[12.42552,44.85424],[12.43992,44.87788],[12.44352,44.8897],[12.43992,44.90152],[12.42552,44.90489],[12.41472,44.89983],[12.40752,44.89138],[12.39312,44.86774],[12.39312,44.8593],[12.41472,44.85086],[12.41472,44.8441],[12.40752,44.83566],[12.39672,44.83397],[12.39672,44.82722],[12.42552,44.82046],[12.41472,44.80358],[12.39672,44.79345],[12.37512,44.79176],[12.32112,44.83397],[12.30312,44.84242],[12.29232,44.84242],[12.26712,44.82722],[12.26712,44.82046],[12.28152,44.82046],[12.25272,44.75123],[12.24552,44.71239],[12.25272,44.66849],[12.27432,44.62121],[12.28512,44.61446],[12.28152,44.53172],[12.28512,44.48781],[12.31392,44.3865],[12.31752,44.36117],[12.32472,44.34766],[12.34272,44.32909],[12.34272,44.30882],[12.34992,44.28856],[12.36792,44.25141],[12.38952,44.22271],[12.41832,44.19569],[12.45792,44.16698],[12.47952,44.13997],[12.51193,44.11464],[12.54793,44.09269],[12.57313,44.08593],[12.63073,44.03021],[12.65953,44.00826],[12.70993,43.98293],[12.75673,43.97111],[12.80353,43.96604],[12.82153,43.95929],[12.86113,43.93565],[12.92953,43.91539],[12.94753,43.89681],[13.25353,43.70263],[13.36873,43.65028],[13.39033,43.64521],[13.40113,43.63508],[13.44793,43.62326],[13.47313,43.61144],[13.50554,43.63339],[13.51634,43.63171],[13.52354,43.61989],[13.54154,43.61313],[13.55954,43.59625],[13.57754,43.5726],[13.59914,43.56923],[13.61714,43.56078],[13.62434,43.54728],[13.61714,43.53208],[13.76114,43.2636],[13.77914,43.23658],[13.78994,43.19268],[13.80434,43.17748],[13.83314,43.12682],[13.84754,43.09136],[13.86554,43.00693],[13.94474,42.79755],[13.98074,42.73],[14.00234,42.69792],[14.06354,42.62531],[14.06714,42.61012],[14.07434,42.5983],[14.22194,42.46996],[14.28314,42.42775],[14.38754,42.37372],[14.43074,42.32137],[14.56035,42.22512],[14.59635,42.20823],[14.65395,42.19135],[14.69355,42.18459],[14.70795,42.17615],[14.71875,42.15927],[14.72235,42.11874],[14.72955,42.09848],[14.74035,42.08497],[14.80155,42.06639],[14.83395,42.04444],[14.86995,42.03262],[14.95275,42.0208],[14.99235,42.01067],[15.04635,41.96846],[15.06435,41.96508],[15.10395,41.94144],[15.12195,41.93468],[15.16515,41.92793],[15.28035,41.92793],[15.39915,41.90767],[15.44595,41.90767],[15.61156,41.92793],[15.77356,41.92118],[16.02556,41.94482],[16.11196,41.92793],[16.14076,41.91949],[16.16236,41.89247],[16.18036,41.89247],[16.17676,41.87727],[16.18396,41.8587],[16.19476,41.80804],[16.19116,41.79116],[16.18396,41.77934],[16.14436,41.74894],[16.10836,41.73712],[16.02916,41.67971],[15.92476,41.64087],[15.89956,41.61386],[15.89236,41.57671],[15.89596,41.53618],[15.91036,41.50241],[15.93196,41.47877],[15.96076,41.46019],[16.02196,41.42811],[16.08676,41.41291],[16.11556,41.39265],[16.30276,41.32849],[16.46116,41.26263],[16.52237,41.25081],[16.55477,41.22717],[16.59437,41.20691],[16.83197,41.14612],[16.84997,41.13261],[16.85717,41.13261],[16.85717,41.14105],[16.86437,41.14105],[16.88597,41.12417],[17.05877,41.08195],[17.20277,41.02116],[17.27477,40.98064],[17.31077,40.95531],[17.34677,40.91141],[17.37917,40.90296],[17.41517,40.88101],[17.47637,40.83036],[17.51238,40.82022],[17.54838,40.80165],[17.63478,40.78476],[17.74998,40.74762],[17.84358,40.69358],[17.92278,40.68345],[17.95518,40.66994],[17.95518,40.6463],[17.99118,40.65305],[18.00558,40.65137],[18.01278,40.64461],[18.01638,40.62435],[18.04158,40.6024],[18.03798,40.55681],[18.12078,40.50446],[18.21078,40.46393],[18.23958,40.45718],[18.25758,40.43016],[18.30438,40.39977],[18.34398,40.3508],[18.36198,40.34573],[18.43758,40.26806],[18.49878,40.15324],[18.50959,40.14142],[18.51679,40.13973],[18.50959,40.12791],[18.51679,40.1144],[18.51679,40.10427],[18.50959,40.09414],[18.49158,40.084],[18.48438,40.0553],[18.46998,40.04348],[18.43398,40.02322],[18.41238,39.97931],[18.40518,39.94723],[18.39438,39.92528],[18.40158,39.878],[18.38718,39.82565],[18.39078,39.81721],[18.38358,39.81383],[18.36918,39.79695],[18.33678,39.80032],[18.28278,39.83241],[18.26478,39.83747],[18.21078,39.83916],[18.18558,39.85267],[18.16038,39.86111],[18.13158,39.88306],[18.09558,39.90333],[18.07038,39.91177],[18.00558,39.98607],[17.99478,39.99451],[17.99478,40.00295],[18.01278,40.00295],[18.01998,40.00971],[18.02358,40.02153],[18.01638,40.03672],[18.00558,40.04517],[17.96598,40.05699],[18.00198,40.07387],[18.01278,40.09582],[17.99838,40.12115],[17.92638,40.17688],[17.91918,40.19038],[17.91918,40.21065],[17.91198,40.24104],[17.90118,40.24948],[17.91198,40.24948],[17.91198,40.25455],[17.86158,40.28494],[17.84718,40.29001],[17.51238,40.30352],[17.49437,40.3069],[17.44037,40.33054],[17.40077,40.33054],[17.37557,40.34911],[17.35037,40.35418],[17.29637,40.37951],[17.23877,40.3947],[17.21357,40.40652],[17.19917,40.42003],[17.22437,40.42847],[17.24237,40.44198],[17.24957,40.45718],[17.22797,40.47407],[17.24597,40.48082],[17.29637,40.47238],[17.31797,40.48251],[17.32157,40.49771],[17.30357,40.49939],[17.26037,40.48926],[17.26757,40.49602],[17.24597,40.50277],[17.22797,40.49771],[17.20997,40.48757],[17.18837,40.48251],[17.18117,40.48589],[17.16677,40.50953],[17.15597,40.5129],[17.04797,40.51966],[16.97597,40.49264],[16.91117,40.44536],[16.78157,40.30183],[16.75997,40.26975],[16.73837,40.21065],[16.73117,40.20052],[16.71677,40.19376],[16.68077,40.14648],[16.62317,40.10764],[16.60517,40.084],[16.59797,40.03335],[16.61237,39.9962],[16.63037,39.9658],[16.62317,39.95398],[16.60517,39.94216],[16.59077,39.92021],[16.54397,39.88475],[16.50797,39.83747],[16.48996,39.80539],[16.48996,39.77499],[16.50077,39.74629],[16.52957,39.72096],[16.52957,39.71421],[16.51517,39.68888],[16.54757,39.66017],[16.59077,39.63653],[16.62317,39.62471],[16.74917,39.61965],[16.78157,39.6112],[16.81757,39.59094],[16.83197,39.57574],[16.83557,39.56055],[16.84637,39.5521],[16.90757,39.53015],[16.95437,39.49976],[16.99397,39.493],[17.01197,39.48625],[17.05877,39.44234],[17.08757,39.42208],[17.12357,39.40857],[17.15957,39.40688],[17.12357,39.33765],[17.11277,39.27011],[17.11637,39.2566],[17.14157,39.22283],[17.14517,39.21101],[17.14157,39.17893],[17.12357,39.12152],[17.12357,39.09112],[17.15237,39.04553],[17.15957,39.04046],[17.20637,39.02864],[17.17757,39.01176],[17.17397,39.005],[17.17037,38.96617],[17.17397,38.9611],[17.12717,38.92902],[17.10557,38.89862],[17.09477,38.91889],[17.06957,38.92226],[17.04077,38.91551],[17.02277,38.90538],[16.99757,38.92902],[16.97957,38.93746],[16.95797,38.94084],[16.93637,38.93915],[16.83917,38.91889],[16.72757,38.87836],[16.68797,38.85641],[16.66997,38.84121],[16.61237,38.81588],[16.57277,38.78549],[16.56197,38.75678],[16.54037,38.72301],[16.53317,38.69937],[16.54757,38.69262],[16.54757,38.67235],[16.55837,38.59637],[16.57637,38.52882],[16.56917,38.4292],[16.56197,38.41569],[16.52237,38.38698],[16.50797,38.37179],[16.49716,38.3701],[16.46836,38.34815],[16.43596,38.3397],[16.33876,38.30087],[16.30636,38.27723],[16.16956,38.14383],[16.15156,38.11006],[16.12636,38.00537],[16.11196,37.97328],[16.09036,37.94964],[16.07596,37.93951],[16.06156,37.93276],[16.00036,37.91925],[15.94276,37.93276],[15.76276,37.926],[15.73396,37.93107],[15.68356,37.95302],[15.64396,37.98848],[15.63676,38.00874],[15.63676,38.02732],[15.65836,38.04251],[15.62236,38.09148],[15.62596,38.10668],[15.64036,38.12525],[15.64756,38.14383],[15.64756,38.1624],[15.63676,38.18604],[15.63316,38.21981],[15.65116,38.24177],[15.68356,38.25359],[15.78796,38.27723],[15.79876,38.29074],[15.81316,38.30087],[15.83116,38.35152],[15.90316,38.4731],[15.91756,38.517],[15.91756,38.55078],[15.89956,38.57779],[15.87076,38.60481],[15.84916,38.61325],[15.83476,38.62845],[15.83476,38.63858],[15.84556,38.66053],[15.86356,38.66898],[15.90316,38.67911],[15.96796,38.71288],[16.00396,38.7247],[16.04716,38.72808],[16.11916,38.72132],[16.13716,38.72301],[16.18036,38.74834],[16.20196,38.77705],[16.21636,38.81419],[16.21996,38.89862],[16.21636,38.91889],[16.20556,38.93408],[16.19116,38.94421],[16.16956,38.94759],[16.15516,38.95435],[16.14076,38.97461],[16.08316,39.07592],[16.04356,39.31064],[16.03276,39.34441],[15.99676,39.43897],[15.95716,39.47781],[15.93196,39.51327],[15.87796,39.5521],[15.86716,39.56392],[15.83836,39.65342],[15.80596,39.69563],[15.78436,39.81045],[15.77716,39.82059],[15.76996,39.82396],[15.78076,39.86787],[15.77356,39.89151],[15.74116,39.93034],[15.72676,39.96412],[15.71236,39.981],[15.67996,40.00802],[15.65116,40.04348],[15.62956,40.05699],[15.62596,40.06543],[15.62596,40.07725],[15.61156,40.07387],[15.53596,40.07725],[15.51436,40.06712],[15.49635,40.04686],[15.46035,40.02997],[15.42795,39.99958],[15.40995,39.99451],[15.35955,39.99958],[15.34155,40.00464],[15.31275,40.03335],[15.30195,40.03672],[15.29475,40.03166],[15.27315,40.02828],[15.26235,40.02997],[15.26235,40.03672],[15.28035,40.04686],[15.26235,40.07387],[15.23355,40.0992],[15.19035,40.11946],[15.12555,40.17012],[15.11115,40.17519],[15.06435,40.16674],[15.04635,40.16843],[15.03555,40.17519],[15.02115,40.19545],[15.00315,40.21065],[14.97435,40.21909],[14.95635,40.23091],[14.93835,40.22753],[14.90955,40.24104],[14.90595,40.25793],[14.93115,40.28494],[14.93835,40.3069],[14.93115,40.32378],[14.93115,40.33391],[14.99595,40.35924],[14.99955,40.36937],[14.99955,40.39808],[14.97435,40.43185],[14.88795,40.57369],[14.86275,40.60746],[14.80875,40.65305],[14.78355,40.66994],[14.75115,40.67669],[14.71875,40.66656],[14.67915,40.6463],[14.62515,40.64968],[14.61435,40.6463],[14.57115,40.61759],[14.54595,40.61422],[14.51715,40.61928],[14.48834,40.63279],[14.47034,40.62435],[14.42354,40.61591],[14.40194,40.6024],[14.35514,40.58382],[14.34434,40.57031],[14.32994,40.58382],[14.32634,40.60577],[14.33714,40.62435],[14.35874,40.63279],[14.38754,40.63617],[14.39834,40.64461],[14.40554,40.65643],[14.44514,40.68683],[14.47754,40.69527],[14.48114,40.71216],[14.47394,40.72904],[14.45954,40.74424],[14.44154,40.75437],[14.41994,40.75099],[14.39474,40.76112],[14.38394,40.77294],[14.36594,40.7797],[14.31194,40.82867],[14.29394,40.8388],[14.27594,40.84049],[14.22194,40.83204],[14.21114,40.82022],[14.20394,40.80165],[14.18234,40.80165],[14.16434,40.81516],[14.13554,40.81854],[14.11034,40.83036],[14.09594,40.83373],[14.08154,40.83204],[14.07794,40.82191],[14.08154,40.78308],[14.04914,40.78983],[14.04194,40.79658],[14.05274,40.83711],[14.04554,40.87426],[14.02034,40.92154],[13.96634,40.99584],[13.91954,41.02285],[13.91234,41.06507],[13.85114,41.14781],[13.78994,41.20522],[13.72154,41.2525],[13.70714,41.25588],[13.66394,41.25081],[13.65674,41.25925],[13.59554,41.2525],[13.56314,41.2373],[13.57394,41.2086],[13.54514,41.20691],[13.53434,41.2086],[13.52354,41.21535],[13.51994,41.22548],[13.51274,41.22886],[13.50554,41.22211],[13.49833,41.22211],[13.48033,41.23899],[13.32553,41.29471],[13.28593,41.2964],[13.20313,41.28458],[13.15273,41.26094],[13.11313,41.25081],[13.09153,41.22717],[13.06993,41.22211],[13.04473,41.22717],[13.03753,41.24068],[13.03393,41.25757],[12.99433,41.31498],[12.92233,41.37914],[12.89353,41.39941],[12.84313,41.41798],[12.74953,41.42305],[12.67753,41.45851],[12.65233,41.46526],[12.64153,41.45851],[12.63433,41.44669],[12.61993,41.45851],[12.54433,41.54462],[12.44712,41.63074],[12.32832,41.71179],[12.29952,41.71686],[12.28512,41.72699],[12.23832,41.73543],[12.22392,41.75063],[12.21672,41.76752],[12.20592,41.82662],[12.19512,41.84688],[12.16992,41.87896],[12.14832,41.90429],[12.04032,41.96508],[12.02952,41.97352],[12.02592,41.98534],[12.01872,41.99379],[11.99352,41.99547],[11.95392,42.02249],[11.91792,42.03769],[11.82792,42.03431],[11.80992,42.06639],[11.79192,42.08497],[11.78112,42.09172],[11.77032,42.10692],[11.74872,42.12718],[11.73792,42.1694],[11.68392,42.25214],[11.65872,42.27915],[11.53992,42.34839],[11.48951,42.35852],[11.42111,42.38722],[11.39591,42.39229],[11.39591,42.40073],[11.37791,42.40749],[11.35631,42.40749],[11.36351,42.40073],[11.33471,42.40073],[11.25911,42.421],[11.22671,42.42268],[11.21231,42.41931],[11.20511,42.41086],[11.20151,42.39567],[11.18711,42.37878],[11.18351,42.36696],[11.15471,42.36696],[11.13311,42.38385],[11.10791,42.3906],[11.09351,42.40242],[11.08631,42.41762],[11.08631,42.42944],[11.10071,42.44295],[11.11151,42.44632],[11.14031,42.43957],[11.16551,42.43957],[11.17991,42.45646],[11.18711,42.4801],[11.19071,42.50542],[11.18711,42.52062],[11.16551,42.54595],[11.15831,42.56452],[11.12951,42.55777],[11.11511,42.57128],[11.10791,42.59154],[11.09711,42.60674],[11.07911,42.61349],[11.07911,42.63207],[11.05391,42.64726],[11.00711,42.66753],[10.98911,42.70974],[10.98191,42.7165],[10.97111,42.71987],[10.94231,42.74351],[10.89191,42.76378],[10.72991,42.8043],[10.75511,42.8195],[10.76591,42.8347],[10.76591,42.87691],[10.77671,42.89549],[10.77311,42.90731],[10.75151,42.92588],[10.68311,42.94952],[10.63271,42.95796],[10.58231,42.95965],[10.53911,42.94952],[10.54631,42.93432],[10.51751,42.92588],[10.4995,42.94108],[10.4779,42.99005],[10.50311,43.00524],[10.51751,43.02382],[10.53911,43.07954],[10.53551,43.09136],[10.53551,43.11331],[10.53911,43.13357],[10.54631,43.14708],[10.53911,43.16397],[10.52831,43.24671],[10.4383,43.38855],[10.3735,43.45272],[10.3591,43.46454],[10.3267,43.47636],[10.3159,43.49324],[10.2943,43.56923],[10.2655,43.80901],[10.2511,43.84615],[10.2115,43.92045],[10.1791,43.95591],[10.1359,43.97786],[10.1071,44.0167],[10.0891,44.02514],[10.0711,44.03021],[10.0351,44.0471],[9.9883,44.0606],[9.9739,44.04541],[9.9523,44.04878],[9.8875,44.09269],[9.8767,44.08762],[9.8443,44.10788],[9.8263,44.10788],[9.8335,44.09944],[9.8191,44.09269],[9.8227,44.08424],[9.8299,44.07918],[9.8371,44.07411],[9.8479,44.07242],[9.8479,44.06567],[9.8407,44.06398],[9.8335,44.05216],[9.8479,44.0471],[9.8443,44.04034],[9.8335,44.04203],[9.8191,44.06398],[9.7723,44.07918],[9.6823,44.13659],[9.6715,44.14166],[9.6427,44.14166],[9.6211,44.14841],[9.5815,44.1788],[9.5743,44.19231],[9.49869,44.22102],[9.48429,44.24466],[9.47349,44.23959],[9.43749,44.23959],[9.42309,44.25648],[9.37629,44.27168],[9.36909,44.29363],[9.26109,44.33584],[9.23229,44.35442],[9.21429,44.33415],[9.21069,44.30545],[9.16389,44.31896],[9.14589,44.32909],[9.14949,44.33922],[9.13149,44.36286],[9.10269,44.37468],[9.00189,44.3865],[8.95149,44.40001],[8.92269,44.41183],[8.91549,44.40845],[8.84709,44.41352],[8.83629,44.41689],[8.82549,44.42871],[8.76069,44.43209],[8.73549,44.42871],[8.67789,44.39494],[8.65629,44.39494],[8.59509,44.36286],[8.56629,44.35779],[8.54109,44.33922],[8.46548,44.30376],[8.44388,44.2835],[8.45108,44.26492],[8.43668,44.24804],[8.43668,44.23959],[8.41148,44.22777],[8.40788,44.21426],[8.40788,44.194],[8.39348,44.18218],[8.31428,44.16023],[8.28548,44.14841],[8.25668,44.12815],[8.23148,44.10282],[8.23148,44.07242],[8.21708,44.04541],[8.17028,44.00657],[8.15228,43.98293],[8.16668,43.96267],[8.16668,43.95591],[8.14508,43.95253],[8.11628,43.92721],[8.08748,43.92045],[8.08028,43.91539],[8.06948,43.89681],[8.02988,43.88668],[7.96148,43.85291],[7.78508,43.82251],[7.73828,43.79887],[7.69508,43.79043],[7.57268,43.79212],[7.54388,43.78368],[7.52948,43.78368],[7.51148,43.79212],[7.50068,43.79212],[7.48987,43.78537],[7.47547,43.78368],[7.47907,43.76848],[7.47547,43.7651],[7.46107,43.76173],[7.41787,43.73133],[7.40347,43.71782],[7.36747,43.72289],[7.35307,43.71613],[7.34227,43.70769],[7.33147,43.68574],[7.30267,43.68743],[7.28107,43.69249],[7.25587,43.69081],[7.22707,43.67392],[7.23067,43.66379],[7.20547,43.64353],[7.19827,43.65703],[7.17667,43.66041],[7.16587,43.65535],[7.15147,43.65535],[7.14427,43.64521],[7.13707,43.64184],[7.12627,43.60638],[7.14067,43.55403],[7.12627,43.54728],[7.11187,43.56416],[7.08667,43.56923],[7.03627,43.53546],[7.02907,43.54728],[6.97507,43.54728],[6.96067,43.54052],[6.94627,43.52701],[6.94267,43.51182],[6.95347,43.50506],[6.95347,43.5],[6.92467,43.47298],[6.92107,43.44934],[6.89947,43.43752],[6.89227,43.42739],[6.87067,43.4257],[6.87067,43.43245],[6.86347,43.43921],[6.85627,43.43583],[6.85987,43.41557],[6.84547,43.41219],[6.82027,43.41557],[6.78427,43.40881],[6.77347,43.41894],[6.75547,43.42232],[6.73027,43.40712],[6.73387,43.3818],[6.71947,43.3666],[6.71947,43.3514],[6.67627,43.34634],[6.66547,43.33283],[6.66187,43.3227],[6.62587,43.29568],[6.59707,43.28386],[6.58987,43.26866],[6.61147,43.2636],[6.67267,43.27542],[6.69427,43.27373],[6.69787,43.26528],[6.68707,43.2484],[6.66907,43.23996],[6.66547,43.22138],[6.67987,43.20112],[6.66187,43.19099],[6.61147,43.1741],[6.60067,43.17579],[6.59347,43.18761],[6.58267,43.18423],[6.53947,43.18254],[6.53587,43.17241],[6.52507,43.16059],[6.50707,43.15046],[6.47826,43.15553],[6.42066,43.15215],[6.40266,43.14708],[6.37746,43.13526],[6.36666,43.11838],[6.37386,43.09136],[6.34146,43.09136],[6.32706,43.10487],[6.28026,43.11838],[6.25506,43.12007],[6.21906,43.11669],[6.17946,43.10318],[6.16146,43.09305],[6.15426,43.07279],[6.15426,43.04746],[6.17226,43.04239],[6.18666,43.04577],[6.17946,43.03564],[6.09666,43.03057],[6.08946,43.03564],[6.13266,43.05252],[6.12906,43.0711],[6.11106,43.08461],[6.02826,43.07785],[6.01746,43.09811],[5.99226,43.10318],[5.95986,43.10149],[5.93466,43.11331],[5.94186,43.13357],[5.90946,43.13189],[5.88066,43.12007],[5.89506,43.115],[5.90946,43.09305],[5.95266,43.07954],[5.94186,43.0711],[5.88786,43.07279],[5.87706,43.06941],[5.85546,43.04408],[5.81946,43.05421],[5.79066,43.06941],[5.78346,43.07954],[5.81946,43.0998],[5.81226,43.10656],[5.78346,43.115],[5.77626,43.1302],[5.74026,43.13189],[5.69706,43.14708],[5.68626,43.16903],[5.67546,43.17917],[5.65386,43.18592],[5.63586,43.18761],[5.62146,43.17748],[5.61066,43.16059],[5.58906,43.16735],[5.57106,43.16903],[5.54586,43.19436],[5.53866,43.20787],[5.52426,43.21294],[5.50266,43.20618],[5.44145,43.20787],[5.39465,43.21294],[5.36945,43.20787],[5.34785,43.21632],[5.35505,43.24333],[5.36945,43.27035],[5.35865,43.28048],[5.34065,43.33452],[5.29385,43.35478],[5.23985,43.32776],[5.06345,43.32776],[5.03465,43.3362],[5.01305,43.35816],[5.00585,43.3818],[5.02745,43.40881],[5.05625,43.42232],[5.14625,43.42232],[5.17505,43.42908],[5.19305,43.43921],[5.21465,43.45778],[5.22545,43.47973],[5.22185,43.50337],[5.19305,43.48986],[5.16425,43.48311],[5.13905,43.48649],[5.11745,43.50337],[5.10665,43.53377],[5.08505,43.53883],[5.05265,43.53883],[5.02745,43.5591],[5.00945,43.52532],[5.00945,43.51688],[5.01305,43.49831],[5.04905,43.47636],[5.06345,43.45103],[5.05265,43.42908],[5.02745,43.41726],[4.99865,43.41388],[4.98425,43.41726],[4.93025,43.4409],[4.90145,43.43245],[4.89425,43.4257],[4.86905,43.42063],[4.85825,43.41557],[4.85105,43.40206],[4.86545,43.37842],[4.86905,43.36491],[4.90145,43.3666],[4.85465,43.34127],[4.85105,43.35816],[4.83305,43.3818],[4.79345,43.39868],[4.75745,43.42232],[4.74305,43.44934],[4.74665,43.50675],[4.74305,43.52532],[4.72505,43.55741],[4.71065,43.57092],[4.69625,43.57936],[4.69625,43.5726],[4.72505,43.53883],[4.72865,43.5287],[4.72865,43.45609],[4.74305,43.42232],[4.76825,43.40206],[4.80065,43.38686],[4.82225,43.3666],[4.81865,43.34634],[4.78985,43.34465],[4.66745,43.34802],[4.59185,43.35984],[4.56665,43.37166],[4.56665,43.38855],[4.58465,43.40375],[4.58825,43.41726],[4.58105,43.43076],[4.55585,43.44258],[4.51265,43.45609],[4.40824,43.44765],[4.20664,43.45947],[4.15984,43.47129],[4.13104,43.48649],[4.11664,43.51013],[4.13104,43.53546],[4.10584,43.55234],[4.04824,43.55572],[3.99064,43.55065],[3.95464,43.54052],[3.73864,43.41219],[3.62344,43.37504],[3.59104,43.35478],[3.51184,43.28048],[3.49383,43.27373],[3.45063,43.28892],[3.38583,43.28386],[3.31743,43.2636],[3.24543,43.21969],[3.22023,43.19605],[3.17703,43.16566],[3.15543,43.13526],[3.11223,43.10656],[3.09783,43.07279],[3.06903,43.02719],[3.05463,42.99342],[3.04023,42.94277],[3.04023,42.93263],[3.05463,42.92757],[3.05463,42.90731],[3.04023,42.79079],[3.04023,42.75027],[3.04383,42.72494],[3.03663,42.68272],[3.04023,42.62869],[3.05103,42.55439],[3.06543,42.54257],[3.08703,42.53413],[3.13743,42.52569],[3.14463,42.51556],[3.14463,42.49192],[3.17703,42.45646],[3.18063,42.4345],[3.16983,42.39736],[3.17343,42.36358],[3.18783,42.35007],[3.20583,42.33994],[3.24903,42.34332],[3.26343,42.32981],[3.27063,42.32981],[3.28143,42.33657],[3.29223,42.33488],[3.31743,42.32306],[3.28863,42.27747],[3.28863,42.26227],[3.27063,42.25045],[3.26343,42.24032],[3.24543,42.24538],[3.20943,42.24032],[3.17703,42.25045],[3.16983,42.25889],[3.15183,42.2572],[3.13023,42.24032],[3.11943,42.21837],[3.11583,42.15927],[3.12303,42.14069],[3.13743,42.12718],[3.17343,42.11199],[3.21303,42.06808],[3.21303,42.05626],[3.19863,42.04613],[3.19503,42.03262],[3.20943,41.99041],[3.23103,41.97352],[3.23463,41.96508],[3.23103,41.94651],[3.20583,41.91442],[3.19503,41.88909],[3.17703,41.87558],[3.15183,41.84519],[3.11583,41.84688],[3.07983,41.82662],[3.06903,41.7996],[3.04023,41.78609],[2.95023,41.73374],[2.93223,41.71179],[2.83863,41.69491],[2.81703,41.67802],[2.81343,41.66958],[2.79183,41.66958],[2.77743,41.64594],[2.65143,41.60541],[2.44982,41.53449],[2.42822,41.51929],[2.37062,41.4889],[2.29502,41.46526],[2.26622,41.44837],[2.24102,41.42136],[2.19062,41.35719],[2.16182,41.3268],[2.12942,41.30316],[2.06102,41.27445],[2.02142,41.26601],[1.95302,41.26094],[1.88462,41.24743],[1.86302,41.2373],[1.85222,41.23561],[1.81982,41.2373],[1.62542,41.19171],[1.53902,41.18665],[1.28701,41.11572],[1.21861,41.1039],[1.21141,41.10053],[1.18981,41.06844],[1.17181,41.05831],[1.14301,41.07182],[1.09621,41.07013],[1.05661,41.06507],[1.01701,41.05156],[0.99181,41.03974],[0.87661,40.95531],[0.82261,40.89959],[0.71461,40.81516],[0.69661,40.78645],[0.72181,40.77463],[0.75061,40.76619],[0.76141,40.76619],[0.76861,40.77126],[0.76501,40.77801],[0.75061,40.78645],[0.76861,40.78476],[0.79021,40.77126],[0.81541,40.74762],[0.84061,40.73242],[0.85501,40.73242],[0.87301,40.72735],[0.87301,40.70709],[0.85861,40.68683],[0.84781,40.67501],[0.78301,40.6615],[0.75781,40.64292],[0.70741,40.58382],[0.67861,40.56525],[0.64621,40.55681],[0.61741,40.55343],[0.59221,40.58213],[0.63901,40.5872],[0.66421,40.57538],[0.69661,40.59058],[0.73261,40.63448],[0.68221,40.63448],[0.59941,40.61422],[0.56341,40.59058],[0.54901,40.572],[0.50221,40.4842],[0.4518,40.43354],[0.4446,40.40821],[0.4194,40.38795],[0.351,40.28494],[0.3402,40.27481],[0.3114,40.25793],[0.2646,40.20896],[0.207,40.17181],[0.1458,40.07894],[0.117,40.05699],[0.0666,40.03166],[0.0414,40.00295],[-0.0018,39.93203],[-0.027,39.90164],[-0.0918,39.8476],[-0.1962,39.71589],[-0.2034,39.68043],[-0.2106,39.66355],[-0.2574,39.61627],[-0.2826,39.56899],[-0.3222,39.51664],[-0.3294,39.48118],[-0.3222,39.38831],[-0.3006,39.32246],[-0.2394,39.21608],[-0.2142,39.1823],[-0.243,39.16711],[-0.225,39.11138],[-0.2106,39.0793],[-0.1206,38.95097],[-0.1062,38.93577],[-0.0702,38.91382],[-0.009,38.86992],[0.0162,38.86485],[0.063,38.86147],[0.1098,38.84965],[0.153,38.83108],[0.1854,38.80406],[0.171,38.79562],[0.1818,38.79224],[0.2178,38.7686],[0.2286,38.77029],[0.2358,38.75847],[0.2358,38.74159],[0.2286,38.73483],[0.1926,38.72977],[0.1782,38.7247],[0.1638,38.71288],[0.1458,38.68586],[0.1242,38.68586],[0.0846,38.66053],[0.0738,38.64534],[0.081,38.63183],[0.0594,38.6352],[0.0342,38.62676],[-0.0162,38.62507],[-0.0414,38.61156],[-0.0558,38.59468],[-0.0522,38.56766],[-0.0594,38.55246],[-0.0738,38.54064],[-0.0918,38.53558],[-0.1314,38.53558],[-0.2034,38.52038],[-0.2322,38.50181],[-0.3294,38.46972],[-0.3438,38.46128],[-0.351,38.44946],[-0.3942,38.414],[-0.405,38.3988],[-0.4086,38.36841],[-0.4122,38.36503],[-0.459,38.35997],[-0.4698,38.35152],[-0.4734,38.33633],[-0.50941,38.33802],[-0.52021,38.29918],[-0.50581,38.20799],[-0.51661,38.19617],[-0.53461,38.1928],[-0.57061,38.19449],[-0.59221,38.18942],[-0.61021,38.1776],[-0.62461,38.1624],[-0.63541,38.14552],[-0.64621,38.11681],[-0.65341,37.99017],[-0.66421,37.98004],[-0.68941,37.97159],[-0.71821,37.94289],[-0.75781,37.86353],[-0.76141,37.84664],[-0.75781,37.80611],[-0.76141,37.79598],[-0.78661,37.823],[-0.81181,37.77065],[-0.82621,37.76221],[-0.84781,37.75546],[-0.85501,37.74195],[-0.85141,37.72337],[-0.81901,37.67609],[-0.77941,37.65076],[-0.75421,37.64063],[-0.73621,37.63894],[-0.72541,37.65076],[-0.70741,37.64232],[-0.70021,37.6305],[-0.70381,37.62037],[-0.73621,37.60011],[-0.75421,37.60348],[-0.80821,37.58829],[-0.83701,37.57647],[-0.88741,37.57478],[-0.90181,37.56971],[-0.92341,37.5562],[-0.97381,37.57647],[-1.00621,37.58153],[-1.08901,37.58153],[-1.10341,37.57647],[-1.12141,37.55958],[-1.10701,37.53256],[-1.16821,37.54438],[-1.17901,37.56465],[-1.20061,37.56634],[-1.24381,37.57984],[-1.25821,37.56634],[-1.26181,37.55789],[-1.32301,37.56127],[-1.36981,37.54101],[-1.41301,37.50724],[-1.46341,37.48866],[-1.47781,37.47346],[-1.48861,37.43294],[-1.49581,37.42787],[-1.51382,37.43294],[-1.54262,37.41436],[-1.56782,37.4093],[-1.61822,37.39241],[-1.64342,37.38059],[-1.64702,37.36877],[-1.65422,37.36202],[-1.67222,37.36371],[-1.67942,37.35526],[-1.69742,37.31643],[-1.72982,37.28265],[-1.78742,37.23537],[-1.81262,37.20667],[-1.83062,37.16614],[-1.83782,37.13237],[-1.85582,37.07665],[-1.88462,37.01586],[-1.90622,36.98715],[-1.90622,36.97533],[-1.89902,36.95845],[-1.89902,36.94156],[-1.91342,36.93312],[-1.94222,36.92974],[-1.95302,36.91961],[-1.98902,36.90104],[-2,36.89074],[-2,43.32673],[-1.96022,43.34296],[-1.94582,43.34296],[-1.93502,43.3362],[-1.92782,43.32607],[-1.91702,43.32101],[-1.90622,43.32776],[-1.92422,43.34296],[-1.88462,43.35647],[-1.84862,43.38011],[-1.81262,43.3953],[-1.77662,43.37673],[-1.76942,43.38348],[-1.75142,43.38855],[-1.66142,43.40037],[-1.63622,43.42401],[-1.59662,43.44258],[-1.55342,43.50168],[-1.51382,43.53883],[-1.50662,43.55065],[-1.47781,43.57936],[-1.47061,43.61144],[-1.44541,43.66885],[-1.40581,43.83265],[-1.38061,43.89006],[-1.34821,44.01332],[-1.34461,44.01839],[-1.27981,44.30207],[-1.25461,44.44222],[-1.24741,44.5047],[-1.25821,44.55536],[-1.22581,44.58913],[-1.22581,44.60264],[-1.20781,44.64823],[-1.18621,44.66511],[-1.16101,44.6668],[-1.09981,44.65498],[-1.06381,44.65836],[-1.04581,44.67018],[-1.04581,44.68538],[-1.06741,44.70395],[-1.05661,44.70395],[-1.06381,44.71746],[-1.13941,44.76812],[-1.15741,44.77318],[-1.16461,44.77825],[-1.17181,44.77825],[-1.17901,44.77149],[-1.17901,44.76643],[-1.23301,44.70733],[-1.24381,44.66343],[-1.26181,44.62797],[-1.20061,45.12103],[-1.15741,45.27976],[-1.13941,45.49083],[-1.09981,45.55331],[-1.08541,45.5685],[-1.06741,45.57357],[-1.06021,45.57019],[-1.05661,45.56513],[-1.05661,45.54655],[-1.06381,45.53811],[-1.06381,45.53304],[-1.04941,45.51447],[-0.97381,45.47057],[-0.91621,45.4503],[-0.79381,45.35574],[-0.76501,45.32535],[-0.75421,45.29664],[-0.73981,45.23923],[-0.72181,45.14636],[-0.68221,45.07713],[-0.64981,45.04504],[-0.61021,45.01803],[-0.57781,45.00452],[-0.55981,44.98594],[-0.56341,44.96062],[-0.55621,44.9184],[-0.54901,44.90152],[-0.53461,44.89476],[-0.54181,44.93698],[-0.54901,44.9488],[-0.53821,44.97581],[-0.54901,44.99776],[-0.57421,45.01465],[-0.59581,45.02478],[-0.53821,45.01972],[-0.51661,45.01127],[-0.495,44.99776],[-0.52021,45.02985],[-0.55981,45.04336],[-0.60301,45.05349],[-0.63901,45.07375],[-0.65701,45.09908],[-0.66781,45.13116],[-0.70741,45.32197],[-0.71821,45.36081],[-0.77221,45.45199],[-0.79381,45.47732],[-0.84061,45.51447],[-0.98461,45.58708],[-0.98821,45.59045],[-0.99181,45.61072],[-1.03141,45.62254],[-1.08541,45.65969],[-1.15021,45.67826],[-1.17541,45.70021],[-1.19341,45.71034],[-1.22941,45.70528],[-1.24741,45.71034],[-1.22941,45.77958],[-1.22941,45.79308],[-1.16461,45.80659],[-1.14301,45.80659],[-1.08181,45.75425],[-1.05661,45.74074],[-0.98821,45.7171],[-1.00981,45.73567],[-1.09981,45.78633],[-1.12501,45.80828],[-1.13221,45.81672],[-1.13581,45.84374],[-1.15021,45.86738],[-1.13221,45.87751],[-1.12501,45.88933],[-1.11421,45.89609],[-1.09621,45.90284],[-1.07461,45.90453],[-1.06741,45.91635],[-1.07461,45.93661],[-1.08901,45.95012],[-1.07461,45.96194],[-1.06741,45.96363],[-1.08541,45.97207],[-1.09621,45.98558],[-1.11061,46.01766],[-1.08901,46.00753],[-1.07461,46.00753],[-1.06021,46.01598],[-1.04941,46.03286],[-1.04941,46.03962],[-1.06381,46.05144],[-1.08541,46.0565],[-1.08901,46.07508],[-1.09621,46.08859],[-1.09621,46.10209],[-1.11421,46.10547],[-1.12861,46.1156],[-1.12861,46.12067],[-1.11781,46.12742],[-1.13941,46.14093],[-1.15381,46.14431],[-1.15021,46.14769],[-1.15021,46.15613],[-1.20061,46.15951],[-1.21141,46.16626],[-1.21141,46.1747],[-1.20421,46.18483],[-1.18621,46.19665],[-1.18981,46.21692],[-1.17901,46.22874],[-1.11061,46.25913],[-1.10341,46.27264],[-1.11061,46.30303],[-1.13221,46.3233],[-1.17901,46.32667],[-1.21501,46.31148],[-1.21141,46.27939],[-1.24021,46.28446],[-1.27621,46.31992],[-1.30501,46.3233],[-1.35541,46.35031],[-1.36981,46.35369],[-1.42381,46.34187],[-1.44901,46.34356],[-1.46701,46.38915],[-1.48141,46.40773],[-1.50302,46.41955],[-1.60022,46.42461],[-1.62542,46.43137],[-1.61822,46.44319],[-1.63262,46.45501],[-1.68662,46.46007],[-1.71902,46.48202],[-1.76222,46.49216],[-1.78742,46.53268],[-1.78742,46.52086],[-1.78022,46.49553],[-1.78742,46.49047],[-1.79462,46.49384],[-1.80542,46.50398],[-1.82702,46.57658],[-1.82342,46.59516],[-1.83782,46.59854],[-1.85582,46.63568],[-1.88822,46.65595],[-1.89902,46.66608],[-1.90982,46.69141],[-1.92422,46.69985],[-1.95662,46.70492],[-1.96382,46.70998],[-2,46.75503],[-2,47.0297],[-1.98902,47.03588],[-1.99262,47.05276],[-2,47.0643],[-2,47.28925],[-1.94942,47.27903],[-1.93142,47.27903],[-1.93862,47.28579],[-1.91702,47.2841],[-1.90622,47.28072],[-1.89902,47.27397],[-1.92062,47.27397],[-1.92062,47.26552],[-1.87742,47.24526],[-1.83782,47.24019],[-1.80542,47.21824],[-1.78022,47.21149],[-1.72622,47.21149],[-1.74782,47.21993],[-1.78742,47.225],[-1.80542,47.23513],[-1.83422,47.26046],[-1.90622,47.29423],[-1.92422,47.29929],[-1.94942,47.29929],[-1.97102,47.3128],[-2,47.31775],[-2,48.58939],[-2,48.56833],[-1.98182,48.54884],[-1.97462,48.53533],[-1.98182,48.51338],[-1.93862,48.53364],[-1.96742,48.54715],[-1.96022,48.5556],[-1.97822,48.57248],[-1.98182,48.58937],[-1.97462,48.58937],[-1.97102,48.5843],[-1.95302,48.57586],[-1.96022,48.58599],[-1.97102,48.59275],[-1.99262,48.59612],[-2,48.60149],[-2,48.66869],[-1.98902,48.6738],[-1.98542,48.68731],[-1.97822,48.69068],[-1.93862,48.69068],[-1.94582,48.69913],[-1.84502,48.71263],[-1.84862,48.70419],[-1.83782,48.69068],[-1.85942,48.66367],[-1.85942,48.64003],[-1.83782,48.62314],[-1.79462,48.61639],[-1.72262,48.6147],[-1.64342,48.62314],[-1.59662,48.64171],[-1.57862,48.6434],[-1.49941,48.63665],[-1.39141,48.65185],[-1.35541,48.6434],[-1.37341,48.66029],[-1.39501,48.66873],[-1.43461,48.67042],[-1.43821,48.66367],[-1.44181,48.66367],[-1.44901,48.67886],[-1.45621,48.68393],[-1.50302,48.69575],[-1.51742,48.72445],[-1.55342,48.74641],[-1.56062,48.77005],[-1.56782,48.82239],[-1.57862,48.83759],[-1.60382,48.84265],[-1.60382,48.84941],[-1.58942,48.85279],[-1.57862,48.86292],[-1.57142,48.87474],[-1.56422,48.92202],[-1.55702,48.93215],[-1.54982,48.92371],[-1.54262,48.93553],[-1.54262,48.94397],[-1.54622,48.94903],[-1.56062,48.95241],[-1.56422,48.95748],[-1.55342,49.01489],[-1.54622,49.03009],[-1.53182,49.03515],[-1.50662,49.02671],[-1.50662,49.03346],[-1.52822,49.04022],[-1.54982,49.04022],[-1.56782,49.03346],[-1.57862,49.0132],[-1.59302,49.0284],[-1.59662,49.03684],[-1.59662,49.06048],[-1.58942,49.08243],[-1.60382,49.08412],[-1.60742,49.09088],[-1.60742,49.1027],[-1.59662,49.12802],[-1.58942,49.13478],[-1.56782,49.14322],[-1.58222,49.14998],[-1.58942,49.14322],[-1.60382,49.17868],[-1.61102,49.21583],[-1.60382,49.22596],[-1.58582,49.22596],[-1.54982,49.21921],[-1.54982,49.22596],[-1.59662,49.23778],[-1.61822,49.23778],[-1.62542,49.21921],[-1.63982,49.23103],[-1.65782,49.26818],[-1.67222,49.28],[-1.65782,49.28675],[-1.68662,49.30195],[-1.70822,49.32896],[-1.68662,49.32896],[-1.68662,49.33572],[-1.69742,49.35598],[-1.70822,49.35598],[-1.71542,49.3391],[-1.73342,49.34585],[-1.75502,49.36274],[-1.77662,49.36949],[-1.76942,49.383],[-1.80542,49.37625],[-1.81622,49.383],[-1.81982,49.39651],[-1.81622,49.44548],[-1.83782,49.47587],[-1.83782,49.48094],[-1.85222,49.50458],[-1.88102,49.52484],[-1.88462,49.53159],[-1.87742,49.5451],[-1.84862,49.56199],[-1.83782,49.60251],[-1.83782,49.6194],[-1.85582,49.64473],[-1.85942,49.65486],[-1.87022,49.66161],[-1.90262,49.66668],[-1.94582,49.6785],[-1.93502,49.72409],[-1.89902,49.72409],[-1.86662,49.71227],[-1.83782,49.71565],[-1.82342,49.70889],[-1.81982,49.69707],[-1.81262,49.69032],[-1.79462,49.69201],[-1.77302,49.68694],[-1.70822,49.68019],[-1.63262,49.6633],[-1.61822,49.66499],[-1.61462,49.65148],[-1.60742,49.64979],[-1.59662,49.65148],[-1.58222,49.66161],[-1.57142,49.66499],[-1.53902,49.65824],[-1.51022,49.6633],[-1.49581,49.67175],[-1.47061,49.69539],[-1.45621,49.70214],[-1.40941,49.71227],[-1.27261,49.69876],[-1.26181,49.69539],[-1.25461,49.67175],[-1.23301,49.64135],[-1.22941,49.62447],[-1.25461,49.61265],[-1.25821,49.59407],[-1.26541,49.58901],[-1.28701,49.58901],[-1.30141,49.58225],[-1.30501,49.55861],[-1.29421,49.53835],[-1.27621,49.52146],[-1.26181,49.49276],[-1.18621,49.43028],[-1.17541,49.41508],[-1.17181,49.39313],[-1.17901,49.37456],[-1.18621,49.36611],[-1.18261,49.35598],[-1.15021,49.36274],[-1.13221,49.34923],[-1.12141,49.34585],[-1.10341,49.34923],[-1.10341,49.35598],[-1.11421,49.36611],[-1.10701,49.37962],[-1.08901,49.39144],[-1.07101,49.39651],[-0.94141,49.39144],[-0.82261,49.36274],[-0.64981,49.35598],[-0.58501,49.34585],[-0.54541,49.35936],[-0.52381,49.35598],[-0.4806,49.34247],[-0.4122,49.34247],[-0.3618,49.32559],[-0.3114,49.31714],[-0.2178,49.28],[-0.1926,49.29519],[-0.0342,49.32052],[0.0126,49.33403],[0.0414,49.35092],[0.063,49.35429],[0.0954,49.383],[0.1638,49.41508],[0.4122,49.45223],[0.459,49.46743],[0.4914,49.49276],[0.423,49.46405],[0.3402,49.4573],[0.2574,49.46405],[0.1854,49.47925],[0.1458,49.48094],[0.1062,49.49276],[0.0918,49.50964],[0.0774,49.51471],[0.0738,49.52484],[0.0774,49.53497],[0.1314,49.6042],[0.171,49.69201],[0.1854,49.70383],[0.2358,49.72916],[0.2466,49.72916],[0.2574,49.73591],[0.387,49.77475],[0.3978,49.78488],[0.52381,49.83216],[0.55621,49.8406],[0.59581,49.85749],[0.67501,49.87606],[0.76141,49.87438],[1.17181,49.96049],[1.19701,49.974],[1.22221,49.97907],[1.25109,50],[30,50]]],[[[24.58645,38.15903],[24.57925,38.11006],[24.57925,38.08473],[24.59365,38.06278],[24.56845,37.98848],[24.53245,37.96991],[24.48924,37.95977],[24.47124,37.96822],[24.47124,37.98004],[24.44604,38.01043],[24.42804,38.02056],[24.40284,38.01212],[24.38484,37.99692],[24.40284,37.98848],[24.40284,37.98004],[24.38844,37.96991],[24.37044,37.97159],[24.35604,37.98004],[24.33804,37.99692],[24.32724,38.0155],[24.31284,38.02901],[24.31284,38.03576],[24.32724,38.04251],[24.31644,38.06447],[24.30564,38.07122],[24.29124,38.06953],[24.28764,38.08642],[24.26964,38.09486],[24.24804,38.09655],[24.23004,38.08979],[24.21924,38.09655],[24.21204,38.09655],[24.20484,38.08979],[24.20484,38.09655],[24.21204,38.09824],[24.21204,38.12525],[24.20124,38.13032],[24.18684,38.12694],[24.18324,38.13539],[24.18684,38.14214],[24.21204,38.16578],[24.20844,38.17929],[24.19404,38.1928],[24.18684,38.21813],[24.17244,38.22657],[24.15804,38.22995],[24.14364,38.22657],[24.14724,38.21306],[24.12564,38.21813],[24.14724,38.25696],[24.16164,38.2671],[24.15444,38.2806],[24.14724,38.2806],[24.12564,38.26541],[24.12564,38.25528],[24.11844,38.25359],[24.10764,38.25696],[24.11484,38.2671],[24.11484,38.27554],[24.10044,38.27554],[24.12204,38.30931],[24.07884,38.3262],[24.02484,38.33126],[24.05004,38.33633],[24.06084,38.34139],[24.06804,38.35152],[24.05724,38.36841],[24.05724,38.37516],[24.06084,38.37685],[24.04284,38.40218],[24.03924,38.39543],[23.98164,38.3988],[23.91324,38.39205],[23.89164,38.39374],[23.84484,38.40556],[23.79444,38.3988],[23.78004,38.3988],[23.71164,38.41231],[23.66484,38.40387],[23.65044,38.40556],[23.63964,38.41569],[23.61444,38.46128],[23.60364,38.45284],[23.59284,38.45284],[23.60364,38.46804],[23.63604,38.50012],[23.62884,38.51532],[23.62884,38.52207],[23.63604,38.52207],[23.63604,38.52882],[23.61444,38.55753],[23.60004,38.57104],[23.58204,38.57779],[23.51724,38.58792],[23.50284,38.60481],[23.49923,38.63183],[23.45243,38.65885],[23.44523,38.67742],[23.38043,38.70781],[23.35163,38.73145],[23.33723,38.73821],[23.32283,38.76185],[23.20403,38.82939],[23.16803,38.84459],[23.14283,38.85134],[23.11403,38.85134],[23.07083,38.84628],[23.05643,38.85472],[23.03483,38.87498],[22.99883,38.88005],[22.98443,38.8868],[22.97003,38.88849],[22.95563,38.88511],[22.95563,38.87836],[22.97003,38.87836],[22.98443,38.87329],[22.99163,38.86485],[22.99163,38.85134],[22.98083,38.84459],[22.96643,38.84121],[22.85483,38.83277],[22.83323,38.82264],[22.83323,38.84459],[22.83683,38.85472],[22.88363,38.87836],[22.90883,38.88174],[22.95203,38.902],[22.98443,38.90707],[23.03483,38.92564],[23.04563,38.94759],[23.07803,38.95097],[23.08523,38.95435],[23.09603,38.97123],[23.09603,38.98812],[23.11043,38.99149],[23.12843,39.005],[23.13923,39.00838],[23.20043,39.00838],[23.22203,39.01513],[23.27243,39.03877],[23.29763,39.04215],[23.30843,39.03877],[23.33003,39.02189],[23.35883,39.01682],[23.37323,39.01007],[23.38043,39.00163],[23.37323,38.98305],[23.38403,38.96785],[23.40563,38.95772],[23.42723,38.95435],[23.42723,38.94421],[23.44163,38.89862],[23.45243,38.87498],[23.46323,38.85641],[23.48123,38.83783],[23.52444,38.82264],[23.56764,38.79393],[23.59284,38.78887],[23.59284,38.77029],[23.60004,38.77029],[23.60724,38.77536],[23.62164,38.76523],[23.64684,38.76185],[23.66124,38.75509],[23.67204,38.76016],[23.68284,38.75509],[23.70444,38.76523],[23.72244,38.76185],[23.73684,38.75003],[23.74404,38.73145],[23.75484,38.71963],[23.77284,38.70781],[23.85924,38.68249],[23.90604,38.67911],[23.94924,38.66898],[23.96724,38.67067],[23.98524,38.68586],[24.00684,38.67742],[24.05004,38.6808],[24.07164,38.67911],[24.13644,38.66222],[24.15444,38.65209],[24.14364,38.6504],[24.12564,38.6352],[24.12204,38.62507],[24.12204,38.60819],[24.12564,38.59806],[24.21564,38.53896],[24.23004,38.52207],[24.20484,38.50687],[24.18684,38.47479],[24.18324,38.43933],[24.20484,38.41907],[24.20484,38.41231],[24.18684,38.40725],[24.18684,38.3988],[24.21204,38.37685],[24.21204,38.34984],[24.21564,38.33633],[24.23724,38.31269],[24.24444,38.29749],[24.25164,38.2958],[24.25164,38.26541],[24.25884,38.25865],[24.24444,38.24177],[24.25164,38.22826],[24.29124,38.19955],[24.32724,38.18604],[24.33804,38.1624],[24.34524,38.15903],[24.39204,38.16409],[24.42084,38.14721],[24.46044,38.14383],[24.47844,38.13876],[24.49644,38.14552],[24.58645,38.15903]]],[[[26.61327,39.04891],[26.60967,39.02358],[26.59887,39.01176],[26.56647,39.02189],[26.55207,39.01513],[26.53767,39.01851],[26.51967,39.03709],[26.52687,39.04215],[26.51607,39.04722],[26.52687,39.08268],[26.51247,39.0945],[26.50527,39.1097],[26.49086,39.11307],[26.45486,39.11138],[26.43686,39.10294],[26.45126,39.08606],[26.49086,39.06242],[26.53047,39.02189],[26.54847,39.00838],[26.54487,38.99656],[26.54847,38.98812],[26.49086,38.97292],[26.42246,38.96785],[26.37566,38.97967],[26.33966,38.98305],[26.27486,39.01007],[26.21726,39.0202],[26.16686,39.02189],[26.14526,39.03202],[26.11646,39.06748],[26.10566,39.07424],[26.08766,39.07761],[26.08766,39.08268],[26.10926,39.09281],[26.12366,39.09112],[26.15966,39.09788],[26.18126,39.12152],[26.19206,39.12827],[26.22446,39.13165],[26.29286,39.17724],[26.28926,39.18737],[26.27126,39.20088],[26.23886,39.20763],[26.22446,39.20763],[26.20286,39.20594],[26.17406,39.19581],[26.15966,39.18399],[26.14526,39.15529],[26.14166,39.15529],[26.09846,39.10632],[26.08406,39.0945],[26.06246,39.09112],[26.04446,39.09281],[25.95806,39.11814],[25.92926,39.13334],[25.88966,39.14516],[25.85366,39.17217],[25.83566,39.17893],[25.83566,39.18737],[25.84646,39.19075],[25.85366,39.22114],[25.84286,39.2279],[25.85366,39.23634],[25.85366,39.25154],[25.85726,39.25998],[25.88246,39.26842],[25.91846,39.29713],[25.92566,39.29713],[25.93646,39.27686],[25.96886,39.27855],[26.00486,39.287],[26.03366,39.28193],[26.04806,39.30388],[26.05166,39.29375],[26.05526,39.28868],[26.05886,39.28868],[26.07326,39.30388],[26.09486,39.31064],[26.13806,39.3157],[26.16326,39.32414],[26.17406,39.33596],[26.16326,39.37818],[26.34326,39.38324],[26.36126,39.37818],[26.35406,39.35623],[26.37206,39.3461],[26.40086,39.34103],[26.41886,39.3309],[26.37926,39.28193],[26.38286,39.27686],[26.42246,39.24478],[26.45846,39.23465],[26.50527,39.18568],[26.54127,39.16542],[26.52687,39.15866],[26.53047,39.15022],[26.54847,39.13502],[26.54847,39.12489],[26.55567,39.11645],[26.56647,39.11814],[26.56647,39.09788],[26.58087,39.07592],[26.59887,39.05735],[26.61327,39.04891]]],[[[29.9181,45.69008],[30,45.74334],[30,45.72774],[29.9073,45.66644],[29.8065,45.61409],[29.7309,45.59214],[29.7813,45.61072],[29.8029,45.62254],[29.8137,45.64111],[29.8569,45.64955],[29.9181,45.69008]]],[[[26.97687,35.43197],[27.01287,35.43704],[27.01287,35.43197],[26.99847,35.42522],[27.00567,35.3982],[26.95887,35.38976],[26.93727,35.37625],[26.90487,35.36612],[26.88687,35.35261],[26.87607,35.34923],[26.85447,35.36274],[26.84727,35.37287],[26.86167,35.38132],[26.87967,35.39989],[26.89047,35.40665],[26.90127,35.42522],[26.92287,35.41847],[26.97687,35.43197]]],[[[27.39807,36.43837],[27.38727,36.42148],[27.39807,36.40966],[27.41967,36.40797],[27.43767,36.4181],[27.44487,36.41135],[27.44487,36.40459],[27.43767,36.39446],[27.41607,36.38095],[27.40527,36.38264],[27.39807,36.37927],[27.39087,36.38264],[27.37647,36.38264],[27.36567,36.39277],[27.35847,36.40966],[27.36207,36.42486],[27.35127,36.43161],[27.33687,36.42823],[27.32247,36.41135],[27.31527,36.41135],[27.29367,36.43499],[27.29367,36.45525],[27.30087,36.47383],[27.31167,36.45694],[27.32607,36.46201],[27.34047,36.47383],[27.35487,36.47889],[27.36927,36.47214],[27.38007,36.44343],[27.39807,36.43837]]],[[[23.58564,37.37046],[23.57124,37.35864],[23.54604,37.3502],[23.52444,37.34682],[23.50644,37.3502],[23.51004,37.32993],[23.49563,37.3198],[23.45243,37.31643],[23.39483,37.30292],[23.37323,37.30292],[23.37323,37.30967],[23.46323,37.35695],[23.48843,37.36371],[23.53164,37.36371],[23.55324,37.37046],[23.58564,37.37046]]],[[[23.54604,37.77403],[23.56404,37.76896],[23.54604,37.74532],[23.54604,37.7335],[23.53164,37.72506],[23.52804,37.71493],[23.53164,37.70311],[23.51724,37.68791],[23.48483,37.67947],[23.45603,37.69298],[23.45603,37.69973],[23.47043,37.7048],[23.46683,37.71493],[23.45963,37.72337],[23.44523,37.72675],[23.43443,37.7335],[23.42363,37.76221],[23.42723,37.76896],[23.54604,37.77403]]],[[[8.30708,39.19412],[8.31068,39.11983],[8.30708,39.10463],[8.28908,39.09956],[8.27108,39.09956],[8.25308,39.10632],[8.25668,39.12489],[8.23148,39.14347],[8.22428,39.15698],[8.23148,39.17217],[8.24588,39.18062],[8.30708,39.19412]]],[[[27.65728,40.65305],[27.67168,40.65643],[27.70408,40.65305],[27.72928,40.64292],[27.73288,40.62435],[27.71488,40.61422],[27.67528,40.61084],[27.65728,40.60577],[27.62488,40.58382],[27.60328,40.57707],[27.58168,40.58382],[27.57088,40.58382],[27.55288,40.59058],[27.53488,40.6024],[27.53848,40.62266],[27.52768,40.63955],[27.53128,40.64968],[27.54568,40.65981],[27.55288,40.65812],[27.55288,40.6463],[27.57808,40.65643],[27.60688,40.66319],[27.63208,40.66319],[27.65728,40.65305]]],[[[16.24156,43.07279],[16.24876,43.07954],[16.25236,43.07785],[16.25596,43.06772],[16.22356,43.0407],[16.20916,43.03395],[16.12276,43.01369],[16.08676,43.012],[16.06156,43.01706],[16.08316,43.02551],[16.08676,43.0407],[16.07956,43.05252],[16.06156,43.05083],[16.04716,43.06434],[16.09396,43.08292],[16.12996,43.08798],[16.16956,43.08798],[16.19836,43.07954],[16.19116,43.07279],[16.21636,43.07954],[16.24156,43.07279]]],[[[16.39276,43.34634],[16.37476,43.33283],[16.34956,43.33789],[16.28116,43.36998],[16.23076,43.38517],[16.20556,43.38686],[16.20556,43.39193],[16.21276,43.39362],[16.20196,43.40037],[16.20196,43.40712],[16.20556,43.41219],[16.21996,43.41557],[16.27756,43.41219],[16.29916,43.40375],[16.30276,43.38686],[16.33156,43.39024],[16.36756,43.36153],[16.39276,43.34634]]],[[[14.44514,44.56549],[14.52795,44.50301],[14.53515,44.48444],[14.51355,44.48275],[14.48474,44.50132],[14.45234,44.53172],[14.43794,44.53847],[14.43794,44.54523],[14.46674,44.53847],[14.42354,44.57393],[14.40554,44.579],[14.39834,44.56887],[14.38754,44.56549],[14.37314,44.56718],[14.36234,44.57393],[14.36234,44.579],[14.36954,44.579],[14.36594,44.58744],[14.38394,44.60264],[14.37674,44.6229],[14.34794,44.65498],[14.33714,44.69889],[14.33714,44.71746],[14.35514,44.70733],[14.38034,44.69889],[14.39834,44.68538],[14.39114,44.66174],[14.40914,44.60095],[14.44514,44.56549]]],[[[-1.27981,46.15613],[-1.29061,46.16119],[-1.33741,46.16795],[-1.43461,46.21016],[-1.48861,46.20341],[-1.50302,46.20847],[-1.55702,46.24562],[-1.55702,46.25238],[-1.49941,46.26251],[-1.48141,46.25913],[-1.46701,46.25069],[-1.46701,46.24393],[-1.47421,46.23887],[-1.50662,46.24562],[-1.49221,46.22367],[-1.46341,46.22536],[-1.40941,46.23887],[-1.40941,46.23043],[-1.42381,46.23043],[-1.42381,46.22367],[-1.40941,46.21861],[-1.30861,46.20679],[-1.28341,46.19665],[-1.26541,46.18146],[-1.25461,46.16288],[-1.27981,46.15613]]],[[[26.87247,37.13406],[26.87967,37.12899],[26.88687,37.11717],[26.88687,37.10535],[26.86167,37.09691],[26.83647,37.10535],[26.83647,37.11211],[26.84727,37.11717],[26.85087,37.12393],[26.84367,37.12562],[26.82927,37.11886],[26.81847,37.12055],[26.81127,37.12899],[26.81847,37.14588],[26.77527,37.16952],[26.77167,37.18303],[26.78247,37.19147],[26.79687,37.18978],[26.80047,37.19316],[26.80047,37.19991],[26.85087,37.18809],[26.85447,37.18134],[26.84367,37.16277],[26.86527,37.15263],[26.87247,37.13406]]],[[[10.99271,33.84133],[11.05031,33.81432],[11.06111,33.80081],[10.99271,33.75015],[10.97111,33.73833],[10.95671,33.69781],[10.94951,33.69781],[10.95671,33.73327],[10.94231,33.7282],[10.92791,33.69612],[10.89551,33.65897],[10.88831,33.64039],[10.87031,33.6539],[10.87031,33.67248],[10.87751,33.68767],[10.85951,33.71131],[10.84151,33.71807],[10.82711,33.72989],[10.80911,33.73495],[10.79111,33.71807],[10.78031,33.70287],[10.76231,33.69949],[10.74071,33.71469],[10.73351,33.72989],[10.72631,33.75859],[10.72991,33.78392],[10.74791,33.81263],[10.73711,33.85315],[10.73711,33.88524],[10.77311,33.89706],[10.85591,33.88186],[10.89911,33.88017],[10.93151,33.89706],[10.96031,33.86666],[10.99271,33.84133]]],[[[27.21087,35.52147],[27.23247,35.50458],[27.23607,35.49276],[27.23247,35.4725],[27.20727,35.47757],[27.18207,35.46912],[27.16047,35.45055],[27.15687,35.42522],[27.16407,35.43197],[27.17127,35.43197],[27.14967,35.40833],[27.13527,35.40327],[27.14247,35.42015],[27.13527,35.42691],[27.12087,35.42691],[27.11007,35.43197],[27.09927,35.44042],[27.09207,35.45224],[27.09567,35.46237],[27.11007,35.46575],[27.11007,35.4725],[27.10287,35.4725],[27.10287,35.47925],[27.11727,35.48263],[27.12087,35.49276],[27.11007,35.52147],[27.11007,35.53498],[27.11367,35.54342],[27.11007,35.56199],[27.07407,35.58057],[27.06687,35.58901],[27.07047,35.60252],[27.08487,35.62616],[27.11367,35.64305],[27.12447,35.66837],[27.12807,35.6937],[27.15327,35.71734],[27.16407,35.77813],[27.15687,35.80177],[27.17127,35.80853],[27.17847,35.80853],[27.17847,35.80177],[27.18567,35.80177],[27.20367,35.82204],[27.21447,35.82879],[27.22167,35.82879],[27.23247,35.82204],[27.22887,35.80853],[27.21447,35.78995],[27.21087,35.77813],[27.21087,35.7528],[27.21807,35.73423],[27.21807,35.72579],[27.21447,35.71903],[27.18927,35.69708],[27.18207,35.67344],[27.16047,35.65149],[27.15687,35.6346],[27.15687,35.61265],[27.18567,35.59577],[27.20727,35.56031],[27.22167,35.55017],[27.21807,35.54342],[27.20367,35.53498],[27.20367,35.52653],[27.21087,35.52147]]],[[[14.54955,35.88958],[14.56395,35.86932],[14.56755,35.84568],[14.56035,35.83048],[14.54955,35.83554],[14.53155,35.82204],[14.52795,35.81359],[14.52795,35.80177],[14.50635,35.80853],[14.47394,35.8119],[14.42354,35.82372],[14.38034,35.8423],[14.36234,35.86594],[14.34434,35.87607],[14.34434,35.91153],[14.33714,35.94699],[14.33354,35.96219],[14.32274,35.97232],[14.33354,35.98245],[14.34794,35.9892],[14.37674,35.99427],[14.37674,35.98583],[14.36234,35.98245],[14.34794,35.97232],[14.42714,35.96556],[14.44514,35.9605],[14.47754,35.93686],[14.50635,35.92842],[14.51355,35.91997],[14.51355,35.9014],[14.54955,35.88958]]],[[[23.01323,36.30835],[23.07803,36.2712],[23.09603,36.25431],[23.10323,36.23743],[23.09603,36.23236],[23.08163,36.23236],[23.06723,36.22561],[23.06003,36.21716],[23.05283,36.20365],[23.05283,36.14455],[23.04563,36.14286],[23.01323,36.14793],[23.00243,36.14624],[22.99163,36.1378],[22.98803,36.15131],[22.97723,36.15806],[22.94843,36.16482],[22.94843,36.17664],[22.93043,36.17833],[22.92323,36.18508],[22.91603,36.20028],[22.90883,36.20534],[22.91603,36.28471],[22.90883,36.30835],[22.89803,36.32861],[22.90163,36.33874],[22.93403,36.38095],[22.94483,36.3894],[22.95563,36.38264],[22.99523,36.32354],[23.01323,36.30835]]],[[[26.36126,36.63762],[26.39366,36.63593],[26.42966,36.61904],[26.45846,36.59709],[26.46566,36.5819],[26.45486,36.57683],[26.44406,36.59034],[26.42966,36.57852],[26.37206,36.57176],[26.36126,36.56332],[26.34686,36.54137],[26.35046,36.51604],[26.34326,36.50929],[26.31806,36.5076],[26.30006,36.51266],[26.28206,36.53968],[26.26766,36.54812],[26.26766,36.55488],[26.27486,36.56163],[26.26406,36.57345],[26.26046,36.58696],[26.26766,36.5954],[26.28206,36.59034],[26.29646,36.59709],[26.34326,36.56839],[26.36486,36.59034],[26.38646,36.58527],[26.40446,36.59034],[26.39006,36.5954],[26.38646,36.60554],[26.39006,36.61567],[26.36846,36.62411],[26.36126,36.63086],[26.36126,36.63762]]],[[[24.47484,36.74738],[24.51445,36.76426],[24.53245,36.76764],[24.54685,36.75413],[24.54325,36.74231],[24.54685,36.68828],[24.51805,36.67308],[24.48564,36.66464],[24.36324,36.66295],[24.32724,36.65113],[24.32364,36.66464],[24.33084,36.68659],[24.32724,36.7001],[24.34164,36.71192],[24.32724,36.72036],[24.33804,36.72711],[24.34524,36.74569],[24.35604,36.75413],[24.37404,36.73724],[24.38124,36.73387],[24.39564,36.73556],[24.40644,36.70685],[24.42804,36.7001],[24.46044,36.7001],[24.47124,36.70347],[24.46044,36.72711],[24.44964,36.73387],[24.43524,36.72711],[24.41004,36.75413],[24.41004,36.76088],[24.42084,36.77102],[24.44964,36.75413],[24.47484,36.74738]]],[[[27.27927,36.90779],[27.29007,36.89259],[27.34047,36.88246],[27.35487,36.86389],[27.32247,36.84869],[27.21447,36.82336],[27.18927,36.81154],[27.13167,36.76088],[27.11007,36.75751],[27.08487,36.76088],[27.05967,36.76764],[27.04887,36.77439],[26.99127,36.75413],[26.97687,36.74062],[26.98767,36.72036],[26.97327,36.71698],[26.96607,36.70516],[26.96607,36.69165],[26.97327,36.67814],[26.95527,36.68152],[26.92287,36.70685],[26.91927,36.71529],[26.91927,36.75075],[26.92647,36.76595],[26.93727,36.76088],[26.95887,36.78115],[26.98767,36.76764],[27.00927,36.7879],[27.02007,36.80816],[27.05967,36.83856],[27.16407,36.8909],[27.27927,36.90779]]],[[[26.00486,36.93818],[26.03366,36.91286],[26.07326,36.89766],[26.07326,36.89259],[26.06606,36.8909],[26.05166,36.89766],[26.01566,36.88922],[26.00486,36.8909],[25.99046,36.87908],[25.94726,36.85376],[25.93286,36.85038],[25.89326,36.8031],[25.87886,36.79466],[25.79966,36.7727],[25.75646,36.76933],[25.73846,36.79466],[25.75286,36.78959],[25.76006,36.79972],[25.78886,36.80985],[25.79966,36.80141],[25.80686,36.80141],[25.82126,36.80816],[25.84646,36.80816],[25.86446,36.83518],[25.85006,36.8318],[25.84286,36.84531],[25.84646,36.85038],[25.85726,36.85038],[25.97246,36.89766],[25.97246,36.90441],[25.95806,36.91117],[25.95086,36.91117],[25.95086,36.91792],[25.97966,36.92468],[25.99766,36.93818],[26.00486,36.93818]]],[[[25.28125,37.04963],[25.27045,37.04625],[25.26325,37.0395],[25.24525,37.01417],[25.20565,36.98884],[25.18765,36.98546],[25.15165,36.98715],[25.10485,37.01248],[25.10125,37.0243],[25.11205,37.06314],[25.12645,37.07496],[25.15525,37.09016],[25.14085,37.09522],[25.13725,37.09353],[25.15165,37.11042],[25.17685,37.12899],[25.20925,37.14419],[25.23805,37.15263],[25.22365,37.13406],[25.23085,37.12731],[25.25965,37.12393],[25.27405,37.13744],[25.26685,37.15263],[25.29205,37.15263],[25.28845,37.13575],[25.26325,37.09016],[25.26325,37.07496],[25.28125,37.06989],[25.28125,37.06314],[25.26685,37.06314],[25.26685,37.0547],[25.28125,37.0547],[25.28125,37.04963]]],[[[25.52606,37.19654],[25.53326,37.19991],[25.55126,37.19316],[25.57286,37.17796],[25.58726,37.16108],[25.59446,37.08171],[25.58006,37.01755],[25.54766,36.9652],[25.52606,36.96014],[25.49005,36.93143],[25.46125,36.92468],[25.45045,36.91792],[25.44685,36.92468],[25.43605,36.93143],[25.41805,36.97364],[25.38925,36.98715],[25.39285,36.99222],[25.39285,37.00404],[25.38565,37.01079],[25.37845,37.02768],[25.38205,37.03443],[25.36765,37.05976],[25.35685,37.07158],[25.34245,37.07665],[25.34245,37.0834],[25.35325,37.08847],[25.35685,37.08847],[25.36045,37.0834],[25.37125,37.08847],[25.41085,37.12393],[25.47565,37.16108],[25.49365,37.18978],[25.52246,37.19316],[25.52606,37.19654]]],[[[25.39645,37.41774],[25.38205,37.41943],[25.30645,37.41268],[25.31005,37.41943],[25.30645,37.42787],[25.31005,37.43632],[25.32085,37.43969],[25.32805,37.46333],[25.32085,37.47178],[25.30645,37.47346],[25.31365,37.48866],[25.32445,37.49542],[25.33885,37.49879],[25.34965,37.50892],[25.37845,37.46671],[25.38205,37.47009],[25.38565,37.49035],[25.39645,37.49373],[25.43245,37.48528],[25.44325,37.47515],[25.46125,37.47009],[25.46485,37.45489],[25.45765,37.44645],[25.44325,37.44138],[25.42525,37.44138],[25.40725,37.43632],[25.40365,37.41774],[25.39645,37.41774]]],[[[25.09045,37.58322],[25.07965,37.5866],[25.04725,37.61699],[24.99685,37.63726],[24.98965,37.6457],[24.98245,37.67103],[24.98605,37.67947],[25.05445,37.67947],[25.06885,37.67272],[25.06885,37.66596],[25.06165,37.66596],[25.06165,37.65752],[25.06885,37.65752],[25.08325,37.65076],[25.08685,37.64401],[25.10485,37.65414],[25.12285,37.65245],[25.14085,37.64232],[25.14805,37.6305],[25.16605,37.6457],[25.24525,37.62375],[25.23805,37.61699],[25.24885,37.6153],[25.25965,37.58998],[25.23445,37.56296],[25.22725,37.53763],[25.21645,37.53256],[25.16965,37.53932],[25.14085,37.55283],[25.11565,37.55958],[25.10485,37.57816],[25.09045,37.58322]]],[[[24.37404,37.68622],[24.40284,37.65583],[24.39564,37.62544],[24.37044,37.59504],[24.34164,37.56971],[24.31284,37.53763],[24.29484,37.52581],[24.27684,37.53088],[24.28044,37.59504],[24.27684,37.60348],[24.27684,37.62206],[24.28764,37.6457],[24.30564,37.6609],[24.32004,37.65752],[24.33444,37.67272],[24.32004,37.67272],[24.32004,37.67947],[24.33804,37.68622],[24.35964,37.67947],[24.36324,37.68622],[24.37404,37.68622]]],[[[26.36126,37.68622],[26.34326,37.65921],[26.31806,37.63388],[26.23166,37.5714],[26.21366,37.56465],[26.12726,37.5562],[26.10926,37.54945],[26.07686,37.5275],[26.05886,37.51906],[26.03006,37.52243],[25.99046,37.51399],[25.97606,37.51568],[25.97246,37.53594],[25.97966,37.54945],[26.01206,37.57478],[26.02646,37.60011],[26.04086,37.61699],[26.07326,37.63726],[26.09846,37.63894],[26.15606,37.63219],[26.17766,37.63726],[26.19566,37.63219],[26.22806,37.63894],[26.25326,37.65245],[26.28206,37.67609],[26.31446,37.68285],[26.36126,37.68622]]],[[[27.04887,37.72675],[27.05967,37.7335],[27.06687,37.72844],[27.06687,37.71831],[27.05967,37.70649],[27.03807,37.71324],[27.00207,37.70649],[26.90847,37.67778],[26.89047,37.66596],[26.87967,37.64908],[26.86887,37.64401],[26.79687,37.64401],[26.78607,37.64739],[26.77887,37.66934],[26.76087,37.6896],[26.75007,37.69636],[26.72847,37.70142],[26.71767,37.71155],[26.69967,37.71324],[26.68527,37.70818],[26.65647,37.7048],[26.62767,37.69129],[26.62407,37.67947],[26.61687,37.67947],[26.61687,37.68622],[26.60967,37.68622],[26.59887,37.67778],[26.58807,37.68791],[26.58087,37.71662],[26.58087,37.74026],[26.58447,37.75208],[26.59527,37.76221],[26.63127,37.76728],[26.64567,37.77234],[26.64927,37.78585],[26.65647,37.7926],[26.77167,37.81456],[26.80767,37.81456],[26.84367,37.80949],[26.88327,37.78585],[26.91567,37.77741],[26.95527,37.75714],[26.96607,37.74701],[26.96967,37.75883],[26.94447,37.78923],[26.97327,37.78416],[26.99487,37.79598],[26.99487,37.78416],[27.02007,37.77741],[27.06687,37.77403],[27.03447,37.76221],[27.03087,37.75377],[27.04887,37.72675]]],[[[20.90001,37.7926],[20.91801,37.76559],[20.98641,37.73013],[20.99721,37.69973],[20.98281,37.71155],[20.95401,37.72337],[20.92161,37.73182],[20.89281,37.7335],[20.87841,37.72844],[20.86401,37.70986],[20.84241,37.70142],[20.84241,37.6896],[20.85321,37.67272],[20.84601,37.65414],[20.83521,37.65076],[20.81361,37.65076],[20.77761,37.68622],[20.72721,37.71831],[20.70561,37.73857],[20.70201,37.75377],[20.68041,37.77065],[20.64081,37.81118],[20.61921,37.823],[20.62641,37.83482],[20.62281,37.85171],[20.62641,37.85677],[20.61921,37.86521],[20.65881,37.91081],[20.68401,37.92938],[20.70921,37.926],[20.70921,37.91925],[20.73441,37.8821],[20.74161,37.86184],[20.77761,37.84326],[20.81001,37.85002],[20.84961,37.83651],[20.88561,37.81456],[20.90001,37.7926]]],[[[24.99325,37.76896],[24.99325,37.75377],[24.98605,37.73519],[24.95725,37.70649],[24.96085,37.70311],[24.96445,37.68622],[24.95725,37.68622],[24.95005,37.69636],[24.91765,37.72],[24.89245,37.76896],[24.87805,37.76896],[24.86365,37.77403],[24.84565,37.7926],[24.82765,37.81793],[24.81685,37.82469],[24.79885,37.81625],[24.79525,37.84326],[24.77725,37.86184],[24.73765,37.89223],[24.73045,37.89223],[24.72325,37.8821],[24.71605,37.87872],[24.71245,37.88379],[24.71965,37.89899],[24.70885,37.90574],[24.69445,37.92431],[24.68365,37.93276],[24.69805,37.93951],[24.69085,37.94627],[24.69445,37.96653],[24.70165,37.97328],[24.75565,37.99692],[24.78085,38.0003],[24.79525,37.99355],[24.79165,37.98341],[24.79525,37.97666],[24.82045,37.96991],[24.83125,37.96315],[24.83485,37.9564],[24.83125,37.94795],[24.83845,37.926],[24.84925,37.91418],[24.87445,37.90574],[24.95365,37.90574],[24.96445,37.8973],[24.96085,37.87703],[24.94285,37.84326],[24.98605,37.81625],[24.97165,37.80949],[24.97165,37.79598],[24.95725,37.78078],[24.95725,37.77403],[24.96445,37.76896],[24.97885,37.77403],[24.99325,37.76896]]],[[[1.52462,38.67742],[1.56422,38.69093],[1.58222,38.67573],[1.58222,38.65378],[1.55702,38.64871],[1.52462,38.64871],[1.45981,38.6808],[1.42741,38.6656],[1.41301,38.64703],[1.39861,38.63858],[1.38421,38.64196],[1.38781,38.66222],[1.38421,38.6808],[1.39501,38.69599],[1.39501,38.70444],[1.38421,38.71119],[1.38781,38.71963],[1.40221,38.72977],[1.40941,38.7247],[1.41661,38.72808],[1.42741,38.7399],[1.43101,38.75509],[1.43821,38.75341],[1.43821,38.75003],[1.48501,38.69431],[1.52462,38.67742]]],[[[20.58681,38.61832],[20.57601,38.60819],[20.55081,38.56935],[20.54361,38.56935],[20.54361,38.59468],[20.56161,38.69093],[20.57961,38.7247],[20.60121,38.78211],[20.61201,38.78549],[20.64441,38.8277],[20.66241,38.84121],[20.68761,38.84965],[20.69121,38.84121],[20.70201,38.83615],[20.71641,38.82264],[20.72361,38.80744],[20.72361,38.79393],[20.73081,38.78211],[20.72361,38.77029],[20.72361,38.76016],[20.73081,38.74496],[20.73081,38.73652],[20.69841,38.68924],[20.69841,38.68249],[20.70561,38.6808],[20.72361,38.70781],[20.72001,38.63858],[20.71641,38.62676],[20.70921,38.62507],[20.70201,38.63858],[20.69481,38.63858],[20.70201,38.61832],[20.68761,38.62507],[20.68761,38.61663],[20.68041,38.60481],[20.66601,38.61156],[20.64801,38.60819],[20.64081,38.59974],[20.64801,38.58961],[20.64801,38.58455],[20.63001,38.58792],[20.63361,38.60481],[20.61201,38.6065],[20.60121,38.62676],[20.58681,38.61832]]],[[[24.67645,38.80913],[24.68365,38.80069],[24.68365,38.7838],[24.66925,38.78211],[24.65845,38.7686],[24.65125,38.7686],[24.64405,38.77536],[24.63685,38.77536],[24.62605,38.7686],[24.60445,38.78211],[24.60085,38.79224],[24.59365,38.79224],[24.56845,38.77873],[24.56845,38.76185],[24.53245,38.79562],[24.57565,38.80913],[24.56485,38.83783],[24.55765,38.84628],[24.54685,38.83615],[24.53965,38.83615],[24.53605,38.84797],[24.52885,38.85134],[24.50365,38.84459],[24.50365,38.85472],[24.48204,38.86316],[24.47844,38.87836],[24.47124,38.87161],[24.46404,38.88005],[24.45324,38.88511],[24.43524,38.87836],[24.43884,38.89693],[24.46044,38.91044],[24.46404,38.92226],[24.45684,38.94084],[24.46044,38.96785],[24.47124,38.9763],[24.49284,38.98136],[24.56125,38.94421],[24.57565,38.93239],[24.57205,38.89862],[24.57925,38.87498],[24.64405,38.84121],[24.67645,38.80913]]],[[[1.60742,39.09112],[1.60022,39.08268],[1.62182,39.02864],[1.60742,39.02864],[1.59302,39.0202],[1.58222,38.99149],[1.54262,38.96785],[1.51022,38.93071],[1.47061,38.91044],[1.45981,38.90031],[1.44541,38.91382],[1.42741,38.89693],[1.41301,38.89018],[1.40221,38.83277],[1.36981,38.83108],[1.36261,38.85134],[1.34461,38.86316],[1.33021,38.8581],[1.30861,38.8581],[1.30141,38.86992],[1.28341,38.87498],[1.26541,38.86992],[1.25821,38.8581],[1.21501,38.88511],[1.21141,38.90369],[1.22581,38.92733],[1.22581,38.94253],[1.21861,38.95435],[1.23661,38.96448],[1.24741,38.96617],[1.25821,38.9611],[1.27621,38.96785],[1.30141,38.96785],[1.29061,39.01007],[1.29421,39.03371],[1.30501,39.04384],[1.33381,39.05735],[1.35541,39.07761],[1.36261,39.07761],[1.37341,39.07086],[1.39141,39.08268],[1.40221,39.07761],[1.42381,39.09112],[1.44901,39.10125],[1.47781,39.10801],[1.49941,39.10463],[1.51022,39.11476],[1.52102,39.11814],[1.53542,39.11814],[1.55342,39.10801],[1.58942,39.10294],[1.60742,39.09112]]],[[[20.0936,39.4339],[20.1044,39.39169],[20.1188,39.37818],[20.1188,39.37142],[20.1044,39.36467],[20.0972,39.36974],[20.072,39.37649],[20.0504,39.39],[19.9892,39.40351],[19.9532,39.42546],[19.91,39.43052],[19.9064,39.43559],[19.9136,39.4339],[19.9208,39.43728],[19.928,39.44741],[19.8812,39.46092],[19.8776,39.45248],[19.856,39.48963],[19.8488,39.50989],[19.8416,39.5521],[19.8272,39.57237],[19.8092,39.58925],[19.784,39.60445],[19.748,39.61965],[19.7192,39.67368],[19.6904,39.67368],[19.6796,39.68043],[19.676,39.69394],[19.676,39.71589],[19.6724,39.72434],[19.6544,39.71421],[19.6544,39.73109],[19.6508,39.74122],[19.64,39.74798],[19.6256,39.74798],[19.6364,39.75642],[19.6688,39.79357],[19.7984,39.80201],[19.8524,39.82396],[19.8668,39.82059],[19.892,39.8037],[19.928,39.79188],[19.9352,39.78344],[19.9424,39.78344],[19.9424,39.79019],[19.9496,39.79019],[19.946,39.7598],[19.9352,39.74122],[19.9136,39.73109],[19.8524,39.71083],[19.8416,39.70407],[19.8344,39.69225],[19.838,39.68043],[19.8488,39.6703],[19.8596,39.66693],[19.8596,39.65848],[19.8452,39.65848],[19.8452,39.65342],[19.9028,39.62978],[19.928,39.62471],[19.9244,39.60276],[19.9172,39.59938],[19.8992,39.60445],[19.9136,39.58419],[19.9316,39.47949],[19.9352,39.47274],[19.9604,39.46261],[19.9892,39.45923],[20.0324,39.43897],[20.0504,39.44066],[20.0756,39.4491],[20.0828,39.44741],[20.0936,39.4339]]],[[[25.45045,40.03672],[25.43605,40.02322],[25.43605,40.01646],[25.44325,40.01646],[25.44685,39.99282],[25.45045,39.98776],[25.40005,39.96412],[25.38565,39.94385],[25.38925,39.92021],[25.36405,39.91684],[25.34965,39.9067],[25.36765,39.89826],[25.35325,39.8932],[25.34245,39.88306],[25.33885,39.87462],[25.35685,39.86618],[25.34245,39.85436],[25.37125,39.81721],[25.35685,39.81045],[25.34965,39.7885],[25.29565,39.80708],[25.29205,39.81721],[25.29205,39.83072],[25.27405,39.83578],[25.25605,39.85605],[25.23805,39.85773],[25.26325,39.87124],[25.28125,39.88982],[25.27405,39.90333],[25.26325,39.91346],[25.25245,39.91852],[25.23805,39.92021],[25.19845,39.8932],[25.22005,39.88982],[25.22365,39.88475],[25.20565,39.88306],[25.18405,39.85942],[25.17685,39.84423],[25.19125,39.85267],[25.20205,39.84085],[25.22005,39.81045],[25.21285,39.8037],[25.19125,39.8037],[25.14445,39.81721],[25.16965,39.84929],[25.16605,39.85942],[25.15525,39.85605],[25.14085,39.84591],[25.13725,39.83747],[25.13005,39.83747],[25.13005,39.84591],[25.12285,39.85267],[25.12285,39.85773],[25.04725,39.83747],[25.05805,39.85436],[25.06885,39.85773],[25.04725,39.86618],[25.04725,39.878],[25.06165,39.88475],[25.06165,39.8932],[25.05445,39.8932],[25.05445,39.89826],[25.06885,39.9067],[25.06165,39.9067],[25.06885,39.92021],[25.06525,39.93034],[25.05445,39.9371],[25.04725,39.94723],[25.04725,39.97425],[25.04365,39.98438],[25.03285,39.98776],[25.03285,39.99451],[25.06885,39.9962],[25.13365,40.00802],[25.14805,40.00295],[25.15525,39.99451],[25.22365,40.00802],[25.24885,40.00295],[25.28845,39.96074],[25.28485,39.95398],[25.33525,39.97256],[25.34965,39.981],[25.34965,39.99113],[25.36765,40.01477],[25.38205,40.02322],[25.41445,40.02322],[25.45045,40.03672]]],[[[26.01206,40.16674],[26.01206,40.14648],[25.99046,40.13635],[25.90046,40.12284],[25.85726,40.10764],[25.74566,40.09751],[25.70966,40.10933],[25.70606,40.11609],[25.66286,40.12622],[25.66286,40.13297],[25.68446,40.15999],[25.72046,40.18701],[25.76006,40.20727],[25.82846,40.2174],[25.92566,40.24273],[25.94366,40.23766],[25.95806,40.22247],[25.97246,40.22078],[25.96886,40.20558],[25.96886,40.18025],[25.97246,40.1735],[25.96166,40.15661],[25.97246,40.15324],[25.99046,40.15661],[26.00486,40.16674],[26.01206,40.16674]]],[[[25.69166,40.44705],[25.69526,40.43185],[25.68086,40.42341],[25.59086,40.39808],[25.56566,40.39977],[25.53326,40.41497],[25.46485,40.45549],[25.45045,40.469],[25.44325,40.48251],[25.46125,40.48082],[25.51886,40.50784],[25.54766,40.51459],[25.57646,40.51459],[25.65566,40.49602],[25.67366,40.48757],[25.68806,40.47575],[25.69886,40.46056],[25.69166,40.44705]]],[[[24.78805,40.7358],[24.76645,40.73411],[24.75925,40.72398],[24.76645,40.71216],[24.78805,40.70709],[24.78805,40.68851],[24.77005,40.68345],[24.76645,40.66994],[24.77365,40.63955],[24.78085,40.62773],[24.78085,40.61253],[24.77365,40.61084],[24.75565,40.61928],[24.74485,40.60915],[24.72685,40.6024],[24.68005,40.59564],[24.65845,40.57707],[24.64405,40.57031],[24.63685,40.58045],[24.61525,40.59902],[24.60085,40.59902],[24.60085,40.61253],[24.58645,40.62266],[24.55405,40.6311],[24.53245,40.6311],[24.51805,40.63955],[24.51085,40.66656],[24.51805,40.69189],[24.53245,40.71891],[24.56845,40.75606],[24.64405,40.80334],[24.67285,40.79152],[24.71605,40.78814],[24.73045,40.78308],[24.74485,40.75944],[24.76645,40.75437],[24.78805,40.7358]]],[[[10.4419,42.84483],[10.4347,42.83807],[10.4311,42.82794],[10.4311,42.81612],[10.4383,42.8043],[10.4311,42.78742],[10.4203,42.7756],[10.3879,42.76378],[10.4095,42.75702],[10.4239,42.74014],[10.4311,42.72156],[10.4167,42.70805],[10.4095,42.71818],[10.3915,42.71818],[10.3807,42.72325],[10.3627,42.75027],[10.3375,42.76546],[10.3267,42.76546],[10.3123,42.74351],[10.3051,42.7604],[10.2655,42.7452],[10.2439,42.75702],[10.2367,42.73507],[10.1467,42.73676],[10.1251,42.74351],[10.1071,42.75702],[10.0999,42.78404],[10.1107,42.80093],[10.1323,42.81275],[10.1575,42.81781],[10.1791,42.8195],[10.2115,42.80768],[10.2439,42.80261],[10.2655,42.8043],[10.2655,42.81106],[10.2583,42.81275],[10.2727,42.8195],[10.2727,42.82794],[10.3267,42.82625],[10.3231,42.81106],[10.3339,42.80599],[10.3555,42.80768],[10.3591,42.81781],[10.3807,42.83301],[10.3987,42.86847],[10.4131,42.87353],[10.4311,42.86509],[10.4419,42.84483]]],[[[17.13077,42.96978],[17.16317,42.94108],[17.19917,42.9225],[17.19197,42.91406],[17.17397,42.9225],[17.10917,42.91406],[17.01557,42.92926],[16.97237,42.92588],[16.90037,42.90562],[16.84997,42.90055],[16.73837,42.91744],[16.69157,42.92757],[16.67357,42.92757],[16.67357,42.9225],[16.65557,42.92588],[16.63757,42.93432],[16.70597,42.96134],[16.70597,42.96978],[16.63037,42.98329],[16.65197,42.99173],[16.67357,42.99342],[16.72037,42.99005],[16.76717,42.97147],[16.82477,42.96134],[16.87877,42.96134],[16.91477,42.97485],[17.03357,42.98329],[17.11277,42.96472],[17.13077,42.96978]]],[[[16.69157,43.12682],[16.66997,43.12513],[16.55837,43.14371],[16.44676,43.17072],[16.42876,43.17917],[16.37116,43.19605],[16.38196,43.20281],[16.41436,43.19774],[16.43956,43.20956],[16.44676,43.20281],[16.46116,43.21632],[16.46116,43.20956],[16.49716,43.218],[16.55477,43.18761],[16.58357,43.1893],[16.51877,43.22982],[16.56197,43.22982],[16.58357,43.21632],[16.60517,43.22307],[16.65917,43.21632],[16.68077,43.19436],[16.69157,43.1893],[16.69517,43.18423],[16.68797,43.18254],[16.70597,43.17072],[16.72757,43.16397],[16.84637,43.16228],[16.86437,43.16903],[16.87877,43.1589],[16.89677,43.15553],[16.95797,43.15215],[17.01917,43.14033],[17.10917,43.14371],[17.15597,43.14033],[17.19197,43.12682],[16.69157,43.12682]]],[[[16.50077,43.28386],[16.42156,43.31763],[16.40716,43.33283],[16.41796,43.32438],[16.42516,43.32438],[16.42516,43.33114],[16.43956,43.33283],[16.43596,43.34634],[16.44316,43.3514],[16.45396,43.35309],[16.42516,43.39362],[16.44676,43.3953],[16.49356,43.3818],[16.68797,43.37673],[16.81037,43.35309],[16.81037,43.34634],[16.79597,43.34634],[16.81757,43.33958],[16.83197,43.34634],[16.85717,43.32438],[16.88597,43.3227],[16.89317,43.31256],[16.87157,43.28724],[16.86437,43.2923],[16.84637,43.27373],[16.81397,43.26697],[16.62677,43.2636],[16.56557,43.27035],[16.50077,43.28386]]],[[[15.14355,43.94916],[15.21555,43.91201],[15.21915,43.90188],[15.19395,43.89512],[15.14715,43.92383],[15.13275,43.92045],[15.14355,43.90863],[15.18315,43.88668],[15.19755,43.88668],[15.19755,43.87824],[15.19395,43.87317],[15.18315,43.87655],[15.17595,43.88499],[15.12195,43.91201],[15.06795,43.96942],[15.04275,43.98968],[15.00315,44.05216],[14.98155,44.06567],[14.95635,44.0758],[14.86995,44.14166],[14.86275,44.16023],[14.84835,44.17543],[14.86275,44.17543],[14.88435,44.15854],[14.93835,44.12646],[14.94555,44.1197],[14.95275,44.10282],[14.97795,44.09606],[14.99235,44.08762],[15.00675,44.09269],[14.99955,44.07918],[15.01395,44.07749],[15.02115,44.07242],[15.02835,44.06229],[15.03195,44.03696],[15.08955,43.98968],[15.10035,43.98462],[15.11475,43.98462],[15.14355,43.94916]]],[[[14.87715,44.56042],[14.76195,44.65836],[14.74395,44.68031],[14.73315,44.70395],[14.74035,44.70226],[14.77995,44.67018],[14.84475,44.60095],[14.88435,44.579],[14.88075,44.60939],[14.90235,44.60939],[14.93835,44.59419],[14.96715,44.57393],[14.98875,44.54691],[15.00315,44.53678],[15.04275,44.52665],[15.05355,44.51652],[15.06075,44.50132],[15.07515,44.48444],[15.05715,44.48613],[15.02835,44.50301],[15.00675,44.5047],[15.01395,44.51821],[14.97435,44.53678],[14.92755,44.55198],[14.90955,44.55198],[14.90955,44.54523],[14.96715,44.52327],[15.04635,44.43885],[15.09675,44.4152],[15.06435,44.43716],[15.04995,44.45573],[15.04275,44.47599],[15.08235,44.46249],[15.17595,44.39156],[15.19755,44.38143],[15.25515,44.33922],[15.23355,44.33584],[15.16515,44.36792],[15.16515,44.36117],[15.18315,44.35779],[15.20115,44.34935],[15.21555,44.33753],[15.22635,44.32571],[15.20835,44.32571],[15.20835,44.32064],[15.21915,44.3122],[15.15435,44.33078],[15.12915,44.33246],[15.12915,44.32571],[15.17235,44.30545],[15.17235,44.29869],[15.12915,44.3122],[15.11115,44.32402],[15.09675,44.33922],[15.09675,44.34597],[15.11115,44.34597],[15.11115,44.35442],[15.09675,44.36117],[15.08955,44.37468],[15.10755,44.37468],[15.11835,44.3865],[15.09315,44.40001],[15.08235,44.4017],[15.04995,44.39494],[15.03915,44.40338],[15.02115,44.4304],[14.95995,44.46586],[14.94915,44.46755],[14.89875,44.49119],[14.89875,44.49626],[14.92035,44.5047],[14.87715,44.55198],[14.87715,44.56042]]],[[[14.74035,44.77825],[14.74035,44.76981],[14.75475,44.75799],[14.72595,44.76812],[14.70075,44.76474],[14.65755,44.79851],[14.67195,44.8002],[14.69355,44.79682],[14.70435,44.79176],[14.70075,44.81371],[14.71875,44.79851],[14.72595,44.79851],[14.71515,44.81877],[14.68995,44.83735],[14.68635,44.84748],[14.72595,44.84073],[14.71875,44.85424],[14.74035,44.85424],[14.75475,44.84579],[14.75475,44.83566],[14.74035,44.82722],[14.74035,44.82046],[14.78715,44.79007],[14.81235,44.77994],[14.82315,44.77149],[14.85195,44.73772],[14.85915,44.71746],[14.84835,44.70395],[14.77275,44.75967],[14.74035,44.77825]]],[[[14.51355,44.66174],[14.50635,44.65329],[14.50995,44.64485],[14.51355,44.64147],[14.52795,44.64823],[14.53515,44.63472],[14.52075,44.62121],[14.51355,44.61952],[14.47394,44.61952],[14.42714,44.65667],[14.39474,44.70733],[14.39834,44.75123],[14.38394,44.75799],[14.37314,44.75461],[14.36594,44.77487],[14.36234,44.8154],[14.35514,44.82046],[14.34434,44.82046],[14.32994,44.83397],[14.31554,44.89307],[14.29394,44.90827],[14.29394,44.91334],[14.30114,44.92178],[14.29394,44.94035],[14.30114,44.94373],[14.32634,44.93698],[14.35874,44.90827],[14.38754,44.90827],[14.39474,44.91502],[14.39834,44.92853],[14.38754,44.95048],[14.39114,44.96062],[14.40554,44.9488],[14.41274,44.95555],[14.39114,44.96906],[14.37674,44.98763],[14.34794,45.04673],[14.28674,45.10077],[14.27954,45.11259],[14.27594,45.12778],[14.31194,45.17169],[14.33354,45.17506],[14.35514,45.17],[14.36234,45.15818],[14.35874,45.11765],[14.36234,45.09401],[14.38754,45.03829],[14.41634,44.99776],[14.43074,44.99101],[14.46674,44.98426],[14.47394,44.97075],[14.46314,44.93529],[14.45234,44.92178],[14.45954,44.91502],[14.44874,44.89814],[14.45234,44.85086],[14.46674,44.80527],[14.45234,44.79851],[14.45594,44.78838],[14.47034,44.77318],[14.47394,44.76474],[14.47394,44.75461],[14.46674,44.74279],[14.46674,44.72928],[14.47394,44.70733],[14.48474,44.69213],[14.50275,44.67862],[14.51355,44.66174]]],[[[14.72235,44.94373],[14.70795,44.94711],[14.65755,44.97075],[14.62875,44.9775],[14.62515,44.98594],[14.62515,45.0366],[14.62155,45.04504],[14.60355,45.03829],[14.60355,45.03154],[14.61795,45.02478],[14.58915,45.02309],[14.50995,45.03154],[14.48474,45.03829],[14.45954,45.0518],[14.42354,45.08726],[14.44154,45.09908],[14.46314,45.10077],[14.46674,45.10583],[14.46674,45.12441],[14.47754,45.12778],[14.51355,45.12947],[14.53155,45.13454],[14.52075,45.14805],[14.53515,45.16156],[14.54235,45.17844],[14.53515,45.19364],[14.53515,45.20208],[14.54955,45.21052],[14.54955,45.23079],[14.53515,45.23754],[14.54955,45.24936],[14.56395,45.24936],[14.59635,45.23754],[14.58195,45.23754],[14.58555,45.22403],[14.59635,45.21728],[14.62515,45.17506],[14.59635,45.16662],[14.61435,45.15987],[14.64315,45.15649],[14.66475,45.16156],[14.67195,45.14298],[14.65755,45.10752],[14.66475,45.08726],[14.67915,45.07713],[14.69715,45.07375],[14.74035,45.07375],[14.74035,45.04504],[14.80155,45.00452],[14.81595,44.9775],[14.78355,44.96906],[14.77275,44.97075],[14.76195,44.9775],[14.74755,44.97075],[14.74755,44.96399],[14.76195,44.95555],[14.75835,44.9488],[14.72235,44.94373]]],[[[-1.21861,45.94337],[-1.22581,45.93492],[-1.18621,45.91635],[-1.17541,45.89946],[-1.18261,45.85556],[-1.19341,45.83023],[-1.20781,45.81335],[-1.22581,45.8201],[-1.24021,45.85387],[-1.26181,45.88258],[-1.31941,45.92817],[-1.34101,45.9383],[-1.36261,45.95688],[-1.37701,45.97545],[-1.37341,45.99571],[-1.40581,46.05312],[-1.37341,46.04975],[-1.34101,46.03793],[-1.27261,45.9974],[-1.24741,46.00247],[-1.23301,45.99234],[-1.22941,45.97883],[-1.22941,45.95856],[-1.21861,45.95012],[-1.21861,45.94337]]],[[[10.96391,34.65692],[10.98551,34.67211],[11.10071,34.67043],[11.11151,34.66029],[11.09711,34.64679],[11.05391,34.62146],[11.03591,34.62483],[10.98191,34.6451],[10.96391,34.65692]]],[[[24.12924,34.85448],[24.12204,34.84604],[24.12204,34.83591],[24.12564,34.82746],[24.13644,34.8224],[24.13644,34.81564],[24.10764,34.81733],[24.08604,34.82577],[24.04644,34.84941],[24.04644,34.85448],[24.06804,34.85786],[24.07884,34.86968],[24.12924,34.86292],[24.12924,34.85448]]],[[[23.27963,35.89802],[23.29763,35.8862],[23.31563,35.87945],[23.33003,35.86425],[23.33363,35.82879],[23.32643,35.82879],[23.31923,35.83892],[23.29403,35.85918],[23.27963,35.88282],[23.27243,35.90478],[23.27603,35.90478],[23.27963,35.89802]]],[[[25.73486,36.38264],[25.74926,36.38771],[25.76726,36.40122],[25.80326,36.3894],[25.83566,36.36576],[25.85366,36.36407],[25.84646,36.35056],[25.81766,36.36407],[25.77806,36.35394],[25.74926,36.359],[25.74566,36.35731],[25.73126,36.37251],[25.73126,36.38095],[25.73486,36.38264]]],[[[24.86725,36.66464],[24.94645,36.62411],[24.96445,36.60216],[24.96445,36.59709],[24.93925,36.59709],[24.92125,36.60216],[24.89605,36.62411],[24.86365,36.63762],[24.84925,36.64775],[24.84205,36.66464],[24.86725,36.66464]]],[[[25.14445,36.72036],[25.18405,36.71867],[25.18405,36.70685],[25.13005,36.65957],[25.09405,36.63593],[25.06885,36.63762],[25.10485,36.7001],[25.11565,36.70178],[25.14445,36.72036]]],[[[21.76402,36.75413],[21.77842,36.74738],[21.78202,36.73556],[21.77842,36.72036],[21.77842,36.7001],[21.76762,36.70854],[21.76402,36.72036],[21.74962,36.71192],[21.76042,36.75244],[21.76402,36.75413]]],[[[24.64405,36.78959],[24.66565,36.77439],[24.66925,36.76426],[24.65845,36.75075],[24.64405,36.74738],[24.62965,36.75751],[24.60805,36.78115],[24.62245,36.79466],[24.64045,36.79466],[24.64405,36.78959]]],[[[21.69562,36.74062],[21.69562,36.77608],[21.69922,36.79128],[21.71002,36.80141],[21.71722,36.79634],[21.72802,36.79466],[21.72802,36.78959],[21.71722,36.78115],[21.71722,36.77102],[21.69562,36.74062]]],[[[24.60805,36.83518],[24.60805,36.82843],[24.57205,36.78115],[24.53965,36.78452],[24.53245,36.79128],[24.52165,36.81661],[24.52525,36.82843],[24.53245,36.83687],[24.56125,36.84531],[24.58645,36.83687],[24.59365,36.83687],[24.60085,36.84194],[24.60085,36.83856],[24.60805,36.83518]]],[[[25.42165,36.8318],[25.42885,36.84362],[25.44685,36.85713],[25.47205,36.87064],[25.47925,36.87064],[25.47205,36.86389],[25.47925,36.86051],[25.47925,36.83518],[25.45765,36.82505],[25.43605,36.82336],[25.42165,36.8318]]],[[[25.60886,36.88415],[25.62326,36.89935],[25.63766,36.90272],[25.64846,36.91117],[25.65926,36.90779],[25.68446,36.8909],[25.67366,36.87908],[25.60886,36.88415]]],[[[25.07965,36.95338],[25.06525,36.95507],[25.04725,36.96858],[25.02925,36.98884],[25.02565,37.00742],[25.03645,37.02261],[25.07245,37.04288],[25.08685,37.04119],[25.06165,36.97364],[25.07965,36.95338]]],[[[25.80686,37.10367],[25.80686,37.0986],[25.79966,37.09522],[25.78166,37.12393],[25.81046,37.12731],[25.83566,37.13744],[25.82846,37.12393],[25.83566,37.1138],[25.84286,37.11042],[25.82846,37.09691],[25.81766,37.09691],[25.80686,37.10367]]],[[[23.12843,37.28772],[23.15003,37.27759],[23.15723,37.27083],[23.16443,37.25395],[23.16083,37.24382],[23.15363,37.24044],[23.13203,37.24382],[23.11763,37.25226],[23.11043,37.26408],[23.09603,37.27421],[23.09963,37.28097],[23.11043,37.28603],[23.12843,37.28772]]],[[[23.47763,37.5562],[23.48483,37.55452],[23.48483,37.54945],[23.49923,37.53256],[23.52444,37.5275],[23.52444,37.52243],[23.50644,37.5123],[23.48123,37.50892],[23.45603,37.5123],[23.43803,37.52243],[23.43803,37.5275],[23.46323,37.53425],[23.47403,37.54101],[23.47763,37.5562]]],[[[-0.73261,37.74701],[-0.74341,37.72506],[-0.73981,37.70311],[-0.72541,37.66596],[-0.74701,37.68454],[-0.75421,37.77403],[-0.75061,37.77572],[-0.74701,37.77234],[-0.73261,37.74701]]],[[[12.27432,37.93951],[12.28872,37.93782],[12.31392,37.94627],[12.33552,37.93276],[12.36792,37.926],[12.35712,37.91418],[12.34272,37.91249],[12.32472,37.91756],[12.31392,37.926],[12.29952,37.91925],[12.28872,37.92094],[12.27792,37.92938],[12.27432,37.93951]]],[[[14.96715,38.43258],[14.96715,38.41907],[14.98155,38.41231],[15.00315,38.39205],[15.00675,38.37685],[14.98515,38.36334],[14.94915,38.39712],[14.94555,38.41231],[14.95995,38.43258],[14.96715,38.43258]]],[[[14.90595,38.4731],[14.89875,38.48154],[14.90955,38.51532],[14.92395,38.52207],[14.95635,38.52207],[14.96715,38.517],[14.95995,38.50181],[14.97795,38.4883],[14.97795,38.48154],[14.95275,38.48154],[14.95635,38.46972],[14.96715,38.46128],[14.96715,38.45284],[14.94915,38.45115],[14.92035,38.46804],[14.90595,38.4731]]],[[[14.86275,38.54909],[14.86275,38.53896],[14.82315,38.55246],[14.79435,38.57104],[14.81595,38.58455],[14.85195,38.58455],[14.86635,38.58117],[14.87715,38.56935],[14.86275,38.54909]]],[[[20.93961,38.60481],[20.91801,38.57948],[20.90721,38.54909],[20.89281,38.54909],[20.89281,38.55584],[20.93241,38.60312],[20.93961,38.60481]]],[[[25.58726,38.61156],[25.59446,38.60312],[25.62326,38.58455],[25.62326,38.57948],[25.61606,38.57779],[25.60886,38.54064],[25.60526,38.53558],[25.58006,38.54064],[25.56206,38.53558],[25.55846,38.54402],[25.56206,38.5626],[25.52246,38.59806],[25.52606,38.60481],[25.53326,38.6065],[25.54046,38.60481],[25.54766,38.59806],[25.55846,38.60988],[25.56926,38.60988],[25.57286,38.60481],[25.58006,38.60481],[25.58006,38.61156],[25.58726,38.61156]]],[[[23.43803,39.14684],[23.41283,39.15022],[23.39483,39.14684],[23.39843,39.16373],[23.40923,39.17048],[23.43083,39.17555],[23.43443,39.18737],[23.44523,39.19919],[23.47043,39.21439],[23.48843,39.20594],[23.50284,39.19412],[23.51364,39.17893],[23.50644,39.15866],[23.48843,39.1688],[23.47403,39.15698],[23.45963,39.13165],[23.45243,39.13334],[23.43803,39.14684]]],[[[20.1404,39.2414],[20.1908,39.20257],[20.2016,39.17893],[20.1692,39.1823],[20.1368,39.20932],[20.126,39.23634],[20.1404,39.2414]]],[[[25.01125,39.56392],[25.04725,39.54535],[25.04005,39.52002],[24.99325,39.46767],[24.98605,39.46767],[24.97525,39.51495],[24.97525,39.53691],[24.99685,39.55041],[24.99325,39.55886],[24.99685,39.56223],[25.01125,39.56392]]],[[[26.05886,39.83747],[26.07686,39.84423],[26.08406,39.83578],[26.08046,39.80032],[26.07326,39.78513],[26.05886,39.78681],[26.02646,39.8037],[25.99766,39.81383],[25.98326,39.82227],[25.97966,39.83409],[25.98686,39.84254],[26.00486,39.84591],[26.05166,39.84423],[26.05886,39.83747]]],[[[10.89551,42.38722],[10.91351,42.3754],[10.92791,42.35345],[10.92791,42.33994],[10.93871,42.3315],[10.92431,42.31799],[10.90991,42.32475],[10.87031,42.35345],[10.86311,42.36696],[10.87751,42.37372],[10.87751,42.38722],[10.88471,42.39229],[10.89551,42.38722]]],[[[9.45549,42.64726],[9.48069,42.62025],[9.47709,42.61856],[9.45549,42.64726]]],[[[16.85717,42.78404],[16.92197,42.77729],[16.93277,42.77053],[16.93637,42.75533],[16.92557,42.74182],[16.90397,42.73169],[16.88597,42.73],[16.88237,42.73676],[16.85717,42.74351],[16.84637,42.73338],[16.83557,42.73169],[16.82117,42.73676],[16.81037,42.75027],[16.82117,42.75533],[16.82477,42.76378],[16.81757,42.76884],[16.81037,42.76378],[16.80317,42.76378],[16.81037,42.7756],[16.85717,42.78404]]],[[[9.8407,43.06434],[9.8479,43.05928],[9.8551,43.04408],[9.8227,43.00862],[9.8011,43.00862],[9.7831,43.02888],[9.8083,43.06603],[9.8263,43.07447],[9.8407,43.06434]]],[[[15.67996,43.64859],[15.74116,43.62833],[15.67996,43.64015],[15.67276,43.63677],[15.61876,43.66885],[15.60436,43.67392],[15.61156,43.68236],[15.61876,43.67561],[15.65116,43.67223],[15.67996,43.64859]]],[[[15.26235,43.86642],[15.26595,43.85629],[15.34155,43.81238],[15.36675,43.79043],[15.39555,43.77186],[15.38835,43.77692],[15.32715,43.7955],[15.30915,43.80563],[15.28755,43.82589],[15.24795,43.84953],[15.23355,43.86304],[15.22635,43.87486],[15.24075,43.87993],[15.26235,43.86642]]],[[[14.84115,44.14841],[14.85555,44.15179],[14.86995,44.13997],[14.85555,44.13659],[14.83395,44.14166],[14.81955,44.15348],[14.82315,44.16867],[14.82675,44.15854],[14.84115,44.14841]]],[[[12.35352,45.40471],[12.37152,45.42497],[12.38952,45.43342],[12.40752,45.43004],[12.42912,45.41484],[12.41832,45.41991],[12.37512,45.42329],[12.32112,45.3473],[12.32832,45.37263],[12.35352,45.40471]]],[[[12.86113,35.87269],[12.86833,35.87269],[12.87553,35.86594],[12.87553,35.85581],[12.87193,35.85243],[12.85753,35.85243],[12.85033,35.85581],[12.84673,35.86763],[12.86113,35.87269]]],[[[23.88444,36.84362],[23.88804,36.83856],[23.88804,36.83349],[23.88444,36.8318],[23.87724,36.83687],[23.87724,36.84362],[23.88444,36.84362]]],[[[23.45963,36.9213],[23.46683,36.9061],[23.46323,36.90441],[23.45603,36.9061],[23.45603,36.91454],[23.45243,36.91623],[23.44883,36.92974],[23.45603,36.92805],[23.45963,36.9213]]],[[[14.34794,38.53558],[14.34434,38.5474],[14.35874,38.55078],[14.36234,38.53896],[14.34794,38.53558]]],[[[14.57475,38.5761],[14.58555,38.55753],[14.57475,38.55584],[14.55315,38.56091],[14.54235,38.57442],[14.54235,38.58624],[14.56395,38.58455],[14.57475,38.5761]]],[[[13.17073,38.71795],[13.18513,38.71795],[13.19593,38.71119],[13.19593,38.70781],[13.17793,38.69262],[13.16353,38.69093],[13.15273,38.69431],[13.15633,38.7095],[13.17073,38.71795]]],[[[15.22635,38.81082],[15.24075,38.80406],[15.22635,38.77705],[15.21915,38.77367],[15.20475,38.77536],[15.18675,38.78887],[15.18675,38.79224],[15.20475,38.80237],[15.21195,38.81082],[15.22635,38.81082]]],[[[13.41913,40.7949],[13.42273,40.79996],[13.43353,40.80165],[13.42633,40.79152],[13.41553,40.78645],[13.41913,40.7949]]],[[[12.62353,35.50965],[12.61993,35.50796],[12.62353,35.50121],[12.61993,35.49276],[12.61273,35.48939],[12.52633,35.5164],[12.53353,35.52147],[12.55513,35.52147],[12.61273,35.51471],[12.62353,35.50965]]],[[[27.56728,36.24418],[27.61768,36.24249],[27.61768,36.22729],[27.61408,36.21885],[27.58168,36.2121],[27.56728,36.21547],[27.53128,36.2121],[27.52048,36.21716],[27.51688,36.23067],[27.52768,36.2408],[27.56728,36.24418]]],[[[27.18567,36.61567],[27.19647,36.60722],[27.20727,36.58696],[27.19647,36.56839],[27.17487,36.55994],[27.16047,36.55994],[27.13887,36.56332],[27.12807,36.57007],[27.12447,36.58021],[27.13887,36.60047],[27.16767,36.61567],[27.18567,36.61567]]],[[[26.59887,37.35526],[26.60607,37.34007],[26.60247,37.33669],[26.58807,37.34513],[26.57367,37.34682],[26.56287,37.34175],[26.55567,37.32656],[26.54847,37.32656],[26.56647,37.30798],[26.56647,37.27421],[26.55567,37.27083],[26.54487,37.27759],[26.54847,37.28434],[26.53407,37.2911],[26.52687,37.30123],[26.53767,37.33162],[26.53407,37.34682],[26.53767,37.37215],[26.57007,37.37384],[26.59167,37.36371],[26.59887,37.35526]]],[[[24.73765,37.61362],[24.74125,37.59504],[24.71965,37.59335],[24.67285,37.60011],[24.65845,37.60686],[24.69445,37.6153],[24.70525,37.62544],[24.71605,37.6305],[24.73405,37.63219],[24.74125,37.62544],[24.73765,37.61362]]],[[[12.07272,37.96822],[12.07992,37.94964],[12.06552,37.95133],[12.04752,37.96146],[12.02952,37.9851],[12.03672,37.99186],[12.05472,37.99186],[12.06552,37.98679],[12.07272,37.96822]]],[[[20.94681,38.65209],[20.95401,38.63858],[20.94321,38.62676],[20.89641,38.6065],[20.87841,38.58455],[20.87121,38.58286],[20.86761,38.59299],[20.87121,38.60312],[20.88921,38.62845],[20.90361,38.64196],[20.92161,38.64871],[20.94681,38.65209]]],[[[20.79921,38.6656],[20.80641,38.6656],[20.80281,38.65716],[20.78841,38.64534],[20.76321,38.63858],[20.75961,38.62676],[20.79201,38.60481],[20.79921,38.59468],[20.75241,38.62676],[20.73801,38.65209],[20.74521,38.66391],[20.76321,38.6656],[20.78481,38.67573],[20.79201,38.66898],[20.79921,38.67067],[20.79921,38.6656]]],[[[2.98623,39.16542],[2.98263,39.1384],[2.96103,39.11645],[2.93223,39.11814],[2.91423,39.15191],[2.93943,39.17217],[2.97903,39.18568],[2.98623,39.16542]]],[[[24.08244,39.35285],[24.09324,39.3461],[24.09324,39.32921],[24.08244,39.30557],[24.06444,39.29713],[24.05364,39.30557],[24.05364,39.31232],[24.06084,39.31401],[24.05724,39.31908],[24.04644,39.32414],[24.04284,39.3309],[24.05004,39.35116],[24.05724,39.36129],[24.06804,39.36298],[24.06804,39.3461],[24.08244,39.35285]]],[[[27.64648,40.46056],[27.65368,40.46056],[27.65728,40.45718],[27.65728,40.44874],[27.64648,40.44705],[27.63208,40.4538],[27.59608,40.45718],[27.58168,40.46562],[27.58168,40.47575],[27.59248,40.4842],[27.60688,40.50615],[27.63928,40.49433],[27.64288,40.48757],[27.63568,40.47913],[27.63568,40.46731],[27.64648,40.46056]]],[[[9.47349,41.23561],[9.48069,41.22379],[9.48069,41.21704],[9.46989,41.19002],[9.47349,41.18496],[9.46989,41.17145],[9.46269,41.17314],[9.44829,41.18496],[9.44109,41.18327],[9.43749,41.18665],[9.44829,41.20522],[9.44469,41.22042],[9.45909,41.24237],[9.47349,41.23561]]],[[[9.43029,41.22548],[9.43389,41.21704],[9.39429,41.21029],[9.37629,41.21366],[9.37269,41.23055],[9.39789,41.24743],[9.39789,41.25588],[9.40869,41.25757],[9.41589,41.26263],[9.42309,41.26094],[9.43029,41.24575],[9.43029,41.22548]]],[[[10.2979,42.34501],[10.3051,42.35176],[10.3159,42.33994],[10.3123,42.32475],[10.2943,42.32812],[10.2979,42.34501]]],[[[10.0927,42.59661],[10.0963,42.59154],[10.0963,42.57634],[10.0711,42.57297],[10.0495,42.58141],[10.0531,42.58985],[10.0639,42.59154],[10.0783,42.61349],[10.0855,42.61518],[10.0927,42.59661]]],[[[6.23346,43.02213],[6.24066,43.02551],[6.25146,43.01706],[6.25146,43.00187],[6.20106,42.98667],[6.16506,43.00018],[6.16506,43.00524],[6.17586,43.00862],[6.20466,43.00862],[6.21546,43.01537],[6.23346,43.01537],[6.23346,43.02213]]],[[[16.30996,43.50844],[16.37476,43.48986],[16.37116,43.4848],[16.33156,43.48142],[16.28116,43.48818],[16.24516,43.48142],[16.21276,43.48986],[16.21276,43.49493],[16.21996,43.49831],[16.24516,43.49493],[16.25236,43.5],[16.24876,43.50844],[16.26316,43.5135],[16.30996,43.50844]]],[[[14.75835,44.29194],[14.79075,44.27336],[14.79075,44.26661],[14.76555,44.26492],[14.75835,44.25986],[14.74755,44.26154],[14.73675,44.27168],[14.74035,44.28012],[14.75115,44.28012],[14.75475,44.2835],[14.75475,44.29025],[14.75835,44.29194]]],[[[14.61435,44.34091],[14.64315,44.32571],[14.66115,44.30882],[14.65755,44.30545],[14.63955,44.3122],[14.59995,44.33922],[14.59635,44.34766],[14.61435,44.34091]]],[[[14.79795,44.37806],[14.81235,44.34935],[14.80155,44.3426],[14.77275,44.35273],[14.75475,44.36455],[14.76915,44.38481],[14.76195,44.4152],[14.77275,44.41858],[14.79435,44.4152],[14.80515,44.39494],[14.79795,44.38819],[14.79795,44.37806]]],[[[14.24354,44.66174],[14.26514,44.68031],[14.27954,44.67693],[14.27594,44.66174],[14.25794,44.65836],[14.25794,44.63472],[14.27234,44.61277],[14.26514,44.61108],[14.23994,44.61952],[14.23274,44.62628],[14.23274,44.63472],[14.24354,44.66174]]],[[[12.32832,45.45875],[12.34632,45.45875],[12.36432,45.4503],[12.36072,45.43848],[12.33552,45.42666],[12.32112,45.43004],[12.31752,45.44355],[12.32832,45.45875]]],[[[11.26631,34.77343],[11.30591,34.74303],[11.29871,34.72953],[11.19791,34.69407],[11.14751,34.66874],[11.12951,34.66367],[11.12231,34.68056],[11.16911,34.72784],[11.17271,34.75823],[11.17991,34.76161],[11.18351,34.75148],[11.19791,34.74472],[11.22311,34.7481],[11.22311,34.77005],[11.21591,34.78187],[11.25551,34.82577],[11.26991,34.81733],[11.29871,34.81395],[11.30591,34.80551],[11.27711,34.79707],[11.26631,34.77343]]],[[[14.25794,36.07532],[14.28314,36.06857],[14.31554,36.05168],[14.33354,36.0348],[14.32274,36.02635],[14.30474,36.02635],[14.26154,36.01284],[14.22194,36.0196],[14.20034,36.02635],[14.18594,36.0348],[14.18954,36.04493],[14.18234,36.06519],[14.25794,36.07532]]],[[[25.38205,36.47889],[25.41805,36.47045],[25.45405,36.45019],[25.47925,36.42486],[25.49005,36.39784],[25.49005,36.37758],[25.47925,36.35731],[25.46485,36.34212],[25.44685,36.33705],[25.42525,36.33874],[25.37845,36.34887],[25.36045,36.35731],[25.37485,36.36238],[25.39645,36.36069],[25.41085,36.36407],[25.43605,36.39109],[25.42525,36.42655],[25.41805,36.4333],[25.42165,36.45187],[25.40725,36.45863],[25.36765,36.46707],[25.36765,36.47383],[25.38205,36.47889]]],[[[27.86968,36.59034],[27.86968,36.57852],[27.87688,36.56163],[27.86248,36.55488],[27.86968,36.55319],[27.87688,36.54137],[27.84448,36.52786],[27.83008,36.52786],[27.83008,36.53461],[27.84808,36.54812],[27.80488,36.55994],[27.79408,36.5667],[27.80848,36.57514],[27.76168,36.57514],[27.76528,36.58527],[27.78688,36.60554],[27.78688,36.61736],[27.79408,36.61736],[27.80128,36.62411],[27.80128,36.61736],[27.81928,36.63424],[27.84088,36.64437],[27.86248,36.64606],[27.86248,36.63762],[27.83368,36.63086],[27.82288,36.62411],[27.81568,36.6106],[27.83008,36.61229],[27.83728,36.60216],[27.86968,36.62411],[27.87688,36.61736],[27.86968,36.61398],[27.86968,36.60891],[27.86248,36.60216],[27.86968,36.60722],[27.87328,36.60554],[27.86968,36.59034]]],[[[25.27405,36.72036],[25.28125,36.72711],[25.25245,36.72711],[25.26325,36.74906],[25.26325,36.76764],[25.30645,36.79466],[25.32085,36.78115],[25.33525,36.75751],[25.36765,36.73893],[25.40005,36.7288],[25.41085,36.71192],[25.39645,36.71023],[25.38925,36.70347],[25.38925,36.69503],[25.39645,36.6849],[25.39645,36.67814],[25.37485,36.6545],[25.33885,36.66801],[25.27405,36.72036]]],[[[12.00072,36.83518],[12.03672,36.80648],[12.05112,36.78959],[12.05472,36.76764],[12.02952,36.74062],[11.99712,36.74569],[11.96112,36.76595],[11.93592,36.78959],[11.92512,36.81154],[11.92152,36.82843],[11.94672,36.84194],[11.95752,36.84025],[11.97192,36.82843],[11.98632,36.82336],[11.99352,36.82505],[12.00072,36.83518]]],[[[24.70525,37.03443],[24.75205,36.98546],[24.76645,36.95676],[24.76285,36.94494],[24.74845,36.93987],[24.70885,36.90441],[24.69445,36.92299],[24.66925,36.97871],[24.67645,36.99391],[24.67645,37.00066],[24.66565,37.00742],[24.65485,37.0243],[24.64405,37.02768],[24.64405,37.03612],[24.65125,37.04119],[24.64405,37.04288],[24.64405,37.04963],[24.65485,37.04963],[24.68005,37.03275],[24.69085,37.02937],[24.69805,37.03443],[24.70525,37.03443]]],[[[26.91207,36.94663],[26.91927,36.95845],[26.93007,36.96689],[26.92647,36.98209],[26.93007,36.99391],[26.95527,37.02768],[26.94447,37.04119],[26.92287,37.03443],[26.91567,37.04119],[26.90487,37.06314],[26.88687,37.07496],[26.89047,37.09016],[26.90127,37.07665],[26.98767,37.04963],[26.98767,37.04119],[26.97327,37.04119],[26.98047,37.02937],[27.00567,37.01586],[27.00567,37.00066],[27.01647,37.00911],[27.03087,37.01248],[27.04167,37.00742],[27.04527,36.9956],[27.03807,36.97871],[27.04167,36.96689],[27.03447,36.95676],[27.03447,36.95338],[27.04167,36.95338],[27.04167,36.96014],[27.04887,36.96014],[27.04167,36.94494],[27.02367,36.94494],[26.99487,36.95338],[26.98767,36.94663],[26.98407,36.92974],[26.97687,36.92636],[26.95167,36.93143],[26.94447,36.92636],[26.93007,36.94325],[26.91207,36.94663]]],[[[24.44244,37.17796],[24.43524,37.18472],[24.46764,37.2016],[24.48564,37.20667],[24.50005,37.19991],[24.51445,37.20667],[24.52165,37.20329],[24.53245,37.18641],[24.53605,37.16783],[24.53245,37.13068],[24.52525,37.14419],[24.51805,37.14419],[24.51445,37.12224],[24.50005,37.11042],[24.48924,37.12224],[24.50005,37.12393],[24.48204,37.12899],[24.47124,37.12899],[24.46404,37.12393],[24.46044,37.13744],[24.44964,37.13068],[24.43524,37.13406],[24.42084,37.12393],[24.42084,37.13744],[24.43164,37.14419],[24.42444,37.14926],[24.42444,37.15432],[24.43524,37.16445],[24.43164,37.1729],[24.44244,37.17796]]],[[[24.36684,37.41268],[24.37404,37.438],[24.39564,37.45658],[24.42084,37.47178],[24.43524,37.48697],[24.44244,37.48697],[24.44244,37.46502],[24.43164,37.44645],[24.46764,37.42787],[24.48204,37.41268],[24.47844,37.39072],[24.46404,37.3941],[24.45324,37.38397],[24.44244,37.3502],[24.41004,37.32318],[24.36684,37.30967],[24.38484,37.36033],[24.40284,37.37046],[24.40284,37.37721],[24.38844,37.38397],[24.38844,37.39072],[24.39564,37.40086],[24.39564,37.41099],[24.38484,37.41605],[24.36684,37.41268]]],[[[24.94285,37.43632],[24.96085,37.4245],[24.96445,37.41774],[24.96445,37.40254],[24.88165,37.36371],[24.88165,37.38059],[24.88885,37.39072],[24.88885,37.39748],[24.86005,37.39748],[24.86725,37.41436],[24.88165,37.42618],[24.86725,37.43125],[24.88525,37.43463],[24.89965,37.44814],[24.90325,37.48022],[24.89605,37.51061],[24.92845,37.50892],[24.93925,37.50048],[24.95725,37.45996],[24.94285,37.43632]]],[[[23.40923,37.89899],[23.40203,37.90574],[23.40203,37.91249],[23.40923,37.92263],[23.43803,37.93951],[23.46683,37.93276],[23.48123,37.9412],[23.49923,37.96653],[23.48483,37.96653],[23.47043,37.95471],[23.45963,37.95302],[23.42363,37.95977],[23.45603,37.97328],[23.43083,37.98848],[23.45243,37.98848],[23.47043,37.98004],[23.47403,37.98848],[23.47043,37.99355],[23.48483,38.00199],[23.53164,37.99523],[23.53524,37.98848],[23.53164,37.97497],[23.54604,37.95809],[23.54604,37.95302],[23.57484,37.95302],[23.53884,37.93951],[23.54244,37.92938],[23.52084,37.91418],[23.51724,37.89899],[23.50284,37.90574],[23.46683,37.88379],[23.42003,37.89223],[23.40923,37.89899]]],[[[20.71641,38.39205],[20.73801,38.38361],[20.75601,38.37179],[20.73801,38.37179],[20.74881,38.33464],[20.76321,38.33126],[20.76321,38.32282],[20.72001,38.31606],[20.70561,38.31775],[20.68761,38.33633],[20.69481,38.34308],[20.66601,38.37179],[20.64801,38.40556],[20.64441,38.414],[20.64441,38.43595],[20.64081,38.44608],[20.62281,38.4579],[20.61561,38.46635],[20.61921,38.48154],[20.63721,38.4731],[20.64441,38.47817],[20.65521,38.50181],[20.67321,38.49674],[20.66961,38.47141],[20.66241,38.46128],[20.68761,38.4579],[20.70921,38.44608],[20.69481,38.40894],[20.67321,38.37685],[20.69121,38.37179],[20.71641,38.37179],[20.71641,38.37685],[20.70201,38.3853],[20.72361,38.3853],[20.71641,38.39205]]],[[[8.45468,39.07424],[8.46188,39.06579],[8.46908,39.06579],[8.47988,39.07255],[8.48348,39.06917],[8.45828,39.05059],[8.46188,39.04215],[8.45468,39.02864],[8.44748,38.99487],[8.43668,38.96785],[8.43308,38.96279],[8.41148,38.9611],[8.40428,38.96617],[8.40068,38.98136],[8.36468,39.02864],[8.35028,39.06242],[8.35388,39.09112],[8.34668,39.09112],[8.34668,39.09788],[8.36108,39.11814],[8.38628,39.10463],[8.41868,39.10632],[8.44388,39.10294],[8.45468,39.07424]]],[[[23.66844,39.11814],[23.65764,39.1232],[23.62884,39.14684],[23.62164,39.15529],[23.61804,39.1688],[23.58564,39.20763],[23.60004,39.21439],[23.60364,39.20763],[23.61444,39.20763],[23.66484,39.17048],[23.69724,39.15529],[23.72964,39.14684],[23.72604,39.13165],[23.74764,39.12827],[23.77284,39.12996],[23.79444,39.12489],[23.79444,39.11814],[23.76204,39.09112],[23.74044,39.08099],[23.71524,39.07761],[23.69364,39.08943],[23.66484,39.09281],[23.65764,39.09788],[23.65764,39.10463],[23.66844,39.11138],[23.66844,39.11814]]],[[[23.93484,39.22114],[23.92044,39.19075],[23.89524,39.16204],[23.86284,39.14347],[23.83404,39.14684],[23.87364,39.18062],[23.88804,39.21776],[23.93844,39.28024],[23.95644,39.28868],[23.95644,39.28193],[23.94924,39.27518],[23.97084,39.2718],[23.96724,39.25154],[23.94924,39.22958],[23.93484,39.22114]]],[[[13.94474,40.70202],[13.93394,40.7054],[13.91954,40.70371],[13.89074,40.69358],[13.88354,40.70033],[13.85834,40.70709],[13.84754,40.71553],[13.85474,40.73411],[13.86914,40.7493],[13.86194,40.76281],[13.88354,40.76281],[13.94474,40.74593],[13.96634,40.7358],[13.96274,40.72904],[13.96634,40.71553],[13.94474,40.70202]]],[[[8.27468,41.05662],[8.24948,41.04312],[8.24588,40.99415],[8.20988,40.99584],[8.21708,41.00428],[8.22788,41.04143],[8.26028,41.06507],[8.27468,41.07013],[8.27828,41.08195],[8.27468,41.09546],[8.27828,41.10559],[8.30348,41.10559],[8.30708,41.11404],[8.32508,41.12586],[8.32508,41.1191],[8.33228,41.10559],[8.34308,41.09715],[8.34308,41.07351],[8.33228,41.06507],[8.27468,41.05662]]],[[[17.65998,42.74351],[17.67798,42.73],[17.73198,42.71312],[17.74998,42.69454],[17.38637,42.77053],[17.37557,42.7604],[17.35397,42.76715],[17.32517,42.79079],[17.37557,42.80261],[17.39357,42.80093],[17.38637,42.80093],[17.37197,42.79079],[17.38277,42.79248],[17.40437,42.78911],[17.41157,42.78404],[17.41877,42.79079],[17.43677,42.78235],[17.48717,42.78235],[17.52318,42.76546],[17.59878,42.75027],[17.59158,42.74351],[17.64918,42.73845],[17.65998,42.74351]]],[[[15.30195,43.96604],[15.29835,43.97786],[15.26955,43.99981],[15.26235,44.01164],[15.28035,44.01164],[15.34875,43.97617],[15.38475,43.96942],[15.38835,43.96435],[15.38835,43.94747],[15.39195,43.9424],[15.42795,43.92214],[15.44235,43.8985],[15.44595,43.88668],[15.43155,43.89343],[15.40635,43.89681],[15.39915,43.90863],[15.37035,43.9137],[15.35955,43.91876],[15.34875,43.92889],[15.35595,43.93227],[15.35595,43.93565],[15.30915,43.9576],[15.30195,43.96604]]],[[[15.25515,44.01839],[15.24075,44.02852],[15.23355,44.04203],[15.22275,44.05047],[15.20835,44.04541],[15.19755,44.05892],[15.19035,44.0471],[15.16875,44.05892],[15.12195,44.09269],[15.08595,44.12308],[15.06795,44.13321],[15.07515,44.14166],[15.06075,44.16192],[15.22635,44.06567],[15.24795,44.0471],[15.25515,44.01839]]],[[[28.24048,36.4333],[28.22608,36.4181],[28.23688,36.37251],[28.21528,36.36407],[28.20448,36.32185],[28.17568,36.28977],[28.16488,36.23743],[28.14688,36.22561],[28.13608,36.19521],[28.12888,36.18508],[28.11088,36.18677],[28.10008,36.1817],[28.09648,36.16819],[28.08568,36.16482],[28.06048,36.11585],[28.07848,36.1074],[28.09648,36.10403],[28.08928,36.08883],[28.07488,36.07532],[28.08928,36.05506],[28.03888,36.06857],[28.01728,36.06857],[27.99208,36.06181],[27.94888,36.03817],[27.93088,36.02466],[27.89128,35.97232],[27.86248,35.94024],[27.82648,35.91322],[27.77968,35.88958],[27.73288,35.91491],[27.71128,35.95206],[27.72568,35.96725],[27.75448,36.03648],[27.76168,36.06181],[27.75808,36.08376],[27.70768,36.12767],[27.70768,36.13273],[27.71488,36.13949],[27.71128,36.14455],[27.70408,36.14962],[27.68968,36.14962],[27.68248,36.15806],[27.70048,36.16313],[27.74008,36.18508],[27.76168,36.19183],[27.77248,36.19859],[27.76888,36.20534],[27.77968,36.21716],[27.77968,36.23236],[27.80848,36.27457],[27.83728,36.28133],[27.88408,36.32185],[27.89848,36.34043],[27.95968,36.35731],[28.07128,36.40459],[28.08568,36.41473],[28.11808,36.42823],[28.18288,36.42486],[28.21528,36.45525],[28.22248,36.45525],[28.22968,36.45019],[28.24048,36.43837],[28.24048,36.4333]]],[[[20.73441,38.06278],[20.72001,38.06615],[20.68041,38.09824],[20.65161,38.11175],[20.61561,38.12019],[20.57961,38.11512],[20.56521,38.08979],[20.54721,38.10161],[20.51121,38.11006],[20.4968,38.12525],[20.4896,38.15903],[20.4716,38.18267],[20.468,38.1928],[20.4824,38.18942],[20.4968,38.1776],[20.51121,38.17253],[20.51121,38.17929],[20.4932,38.19111],[20.4824,38.20631],[20.4572,38.26203],[20.4464,38.27554],[20.4356,38.27892],[20.4284,38.26203],[20.4284,38.24514],[20.4356,38.21306],[20.4356,38.1928],[20.4248,38.17591],[20.414,38.16747],[20.3816,38.15227],[20.3744,38.16916],[20.3456,38.18267],[20.3384,38.19955],[20.3564,38.22826],[20.3528,38.25359],[20.3672,38.26203],[20.378,38.27385],[20.3924,38.30087],[20.3996,38.33295],[20.3996,38.36334],[20.4068,38.34984],[20.4068,38.34308],[20.414,38.34308],[20.4284,38.36334],[20.4356,38.35659],[20.4428,38.33802],[20.4536,38.32282],[20.4644,38.33126],[20.4716,38.31438],[20.4788,38.30931],[20.4896,38.31269],[20.50761,38.32788],[20.52921,38.33802],[20.54001,38.3549],[20.54001,38.37348],[20.52921,38.39205],[20.55081,38.3853],[20.53641,38.42582],[20.54361,38.44946],[20.54361,38.45959],[20.53641,38.46804],[20.53641,38.4731],[20.57241,38.4731],[20.62641,38.35152],[20.62641,38.32788],[20.59761,38.30256],[20.60841,38.29411],[20.63001,38.25865],[20.64441,38.25359],[20.68041,38.28229],[20.67321,38.2671],[20.69481,38.26541],[20.70201,38.24008],[20.70921,38.22657],[20.75241,38.19617],[20.76321,38.17085],[20.79921,38.13201],[20.80641,38.11512],[20.80641,38.08304],[20.79561,38.06615],[20.78841,38.06447],[20.75601,38.06953],[20.73441,38.06278]]],[[[26.16326,38.54233],[26.15246,38.53051],[26.14526,38.49336],[26.12366,38.4883],[26.13086,38.47817],[26.14166,38.4731],[26.13806,38.46804],[26.15246,38.46804],[26.15606,38.46128],[26.14166,38.44608],[26.13806,38.41907],[26.14886,38.34308],[26.16326,38.30256],[26.13806,38.29918],[26.11286,38.28398],[26.10206,38.26203],[26.11286,38.2367],[26.11286,38.22319],[26.04086,38.19955],[26.03366,38.18942],[26.02646,38.16747],[26.01926,38.15903],[26.00846,38.15734],[25.97606,38.16578],[25.96526,38.17253],[25.94366,38.19449],[25.93286,38.19617],[25.92566,38.20293],[25.91486,38.21475],[25.91126,38.22657],[25.89326,38.22319],[25.88966,38.21981],[25.88966,38.24852],[25.87166,38.24008],[25.86446,38.24514],[25.87526,38.27554],[25.88606,38.28229],[25.91846,38.28905],[25.93286,38.30256],[25.96526,38.30256],[25.97246,38.31438],[25.97606,38.33802],[25.99046,38.34308],[25.98686,38.3549],[25.99046,38.37854],[25.98686,38.39205],[25.97966,38.3853],[25.96886,38.3988],[25.95086,38.40556],[25.95806,38.414],[25.95086,38.44271],[25.93286,38.46297],[25.88966,38.4731],[25.87526,38.48323],[25.84286,38.51532],[25.83206,38.54402],[25.84646,38.56597],[25.85006,38.58117],[25.99406,38.60481],[26.06246,38.58961],[26.06606,38.58286],[26.10926,38.54233],[26.11286,38.55246],[26.11646,38.55584],[26.12366,38.55584],[26.12366,38.56091],[26.11646,38.5626],[26.13086,38.56766],[26.14526,38.56428],[26.15606,38.55584],[26.16326,38.54233]]],[[[3.35343,39.78513],[3.38223,39.77837],[3.43983,39.75135],[3.47583,39.74967],[3.46863,39.73953],[3.46863,39.73109],[3.47583,39.71589],[3.46143,39.7007],[3.46863,39.68719],[3.45423,39.66017],[3.44343,39.64497],[3.41463,39.63484],[3.40023,39.62302],[3.40023,39.60783],[3.40743,39.59263],[3.36423,39.56223],[3.32463,39.5234],[3.29223,39.47612],[3.28143,39.42039],[3.26703,39.42715],[3.25263,39.38662],[3.22023,39.3596],[3.13023,39.3157],[3.09063,39.29037],[3.07983,39.27686],[3.06183,39.26842],[3.02943,39.30388],[3.00063,39.31739],[2.98983,39.34778],[2.95743,39.36298],[2.93943,39.36467],[2.91423,39.35792],[2.82423,39.36298],[2.78823,39.37649],[2.76303,39.40013],[2.75223,39.45416],[2.73783,39.46261],[2.73783,39.47781],[2.75583,39.50313],[2.74503,39.5234],[2.71623,39.54366],[2.68023,39.55886],[2.65503,39.56392],[2.63343,39.55886],[2.56863,39.53184],[2.55423,39.52002],[2.54343,39.493],[2.52183,39.47274],[2.49302,39.47105],[2.46782,39.50651],[2.47142,39.51158],[2.48222,39.51664],[2.45342,39.53691],[2.43902,39.52509],[2.42462,39.53691],[2.39222,39.5234],[2.38142,39.52846],[2.37422,39.54704],[2.35622,39.55886],[2.34902,39.57574],[2.35622,39.6112],[2.42822,39.64666],[2.44982,39.65004],[2.46782,39.66017],[2.51823,39.7007],[2.56863,39.71252],[2.61903,39.74967],[2.62983,39.76993],[2.65143,39.76993],[2.67663,39.7885],[2.70903,39.8189],[2.74863,39.83241],[2.78463,39.85605],[2.80263,39.86111],[2.80983,39.87124],[2.83503,39.87124],[2.87463,39.88306],[2.93223,39.91515],[3.01863,39.92528],[3.07623,39.93541],[3.18063,39.96918],[3.19143,39.95567],[3.20223,39.96074],[3.21303,39.95567],[3.20223,39.94892],[3.14103,39.92866],[3.11583,39.90839],[3.09783,39.91346],[3.09423,39.88138],[3.13023,39.87631],[3.20583,39.8932],[3.20583,39.88644],[3.19503,39.88138],[3.19503,39.86787],[3.18783,39.85436],[3.16623,39.84591],[3.13383,39.83916],[3.12663,39.83241],[3.12663,39.81045],[3.13743,39.7885],[3.16263,39.76993],[3.19503,39.75473],[3.22383,39.74967],[3.29223,39.74967],[3.31023,39.75473],[3.33903,39.77837],[3.35343,39.78513]]],[[[4.30384,39.92528],[4.30744,39.91008],[4.32904,39.88306],[4.33624,39.86787],[4.32904,39.86787],[4.31824,39.87969],[4.30384,39.88813],[4.30024,39.82227],[4.24984,39.81721],[4.17784,39.84254],[4.01584,39.92528],[3.97984,39.93541],[3.94024,39.9371],[3.86824,39.92528],[3.83224,39.93541],[3.83944,39.97594],[3.85024,39.98438],[3.84304,39.98944],[3.82144,39.99451],[3.80344,40.01308],[3.80344,40.01815],[3.81064,40.03504],[3.82144,40.04686],[3.88984,40.06036],[3.91504,40.05192],[4.01224,40.06036],[4.05184,40.05868],[4.07704,40.06374],[4.09504,40.07556],[4.10584,40.07894],[4.10944,40.06712],[4.13824,40.04517],[4.13464,40.02828],[4.14184,40.0249],[4.16704,40.04517],[4.16344,40.06036],[4.17064,40.06543],[4.17784,40.05868],[4.17424,40.04517],[4.17784,40.03841],[4.20664,40.0249],[4.22824,40.00464],[4.25344,39.99789],[4.26424,39.98607],[4.27504,39.96918],[4.27144,39.95567],[4.25344,39.94892],[4.27144,39.94385],[4.29664,39.94216],[4.30384,39.92528]]],[[[26.32166,35.31546],[26.31086,35.29689],[26.28206,35.27494],[26.26766,35.25974],[26.28566,35.20908],[26.30006,35.18544],[26.32166,35.19726],[26.28566,35.14998],[26.29286,35.13647],[26.27846,35.09932],[26.24966,35.06386],[26.24246,35.03854],[26.23526,35.03347],[26.21366,35.0284],[26.20646,35.02334],[26.14886,35.00308],[26.13446,34.9997],[26.10566,34.9997],[26.08046,35.01996],[26.05886,35.02334],[26.01926,35.02165],[26.00126,35.03009],[25.99406,35.03685],[25.98326,35.03854],[25.96166,35.0284],[25.92566,35.03347],[25.88246,35.02672],[25.80686,35.00645],[25.60166,35.01321],[25.53686,34.99632],[25.50446,34.9845],[25.41445,34.99294],[25.34605,34.99126],[25.30285,34.9845],[25.28125,34.97268],[25.20925,34.95073],[25.15165,34.9558],[25.13005,34.95073],[25.10845,34.93722],[25.09765,34.93722],[25.08685,34.94398],[25.05805,34.94398],[25.01845,34.93216],[25.00405,34.93722],[24.98245,34.93891],[24.73765,34.93216],[24.73765,34.93722],[24.75205,34.94566],[24.75565,34.95748],[24.75205,34.99632],[24.75925,35.02672],[24.75925,35.04191],[24.74125,35.07737],[24.71965,35.09426],[24.61885,35.09764],[24.59365,35.10101],[24.57925,35.10946],[24.56485,35.10608],[24.53245,35.13647],[24.51805,35.14492],[24.48204,35.15674],[24.46404,35.14998],[24.40284,35.17531],[24.40284,35.19051],[24.29484,35.18206],[24.21924,35.19051],[24.21204,35.19388],[24.20484,35.2057],[24.19764,35.2057],[24.18324,35.19726],[24.11124,35.19726],[24.08604,35.20402],[24.07884,35.19388],[24.07524,35.19557],[24.05004,35.19051],[24.03204,35.19726],[24.00324,35.22597],[23.98884,35.23272],[23.90244,35.23103],[23.85924,35.2361],[23.82684,35.25298],[23.81244,35.24454],[23.79804,35.24623],[23.78364,35.23441],[23.71164,35.2361],[23.68284,35.22597],[23.66844,35.23779],[23.61084,35.23441],[23.58564,35.23948],[23.58204,35.24454],[23.58564,35.25467],[23.58204,35.25974],[23.55324,35.26649],[23.53164,35.28844],[23.51724,35.29351],[23.52444,35.30026],[23.51724,35.30364],[23.51724,35.30702],[23.53164,35.31377],[23.54604,35.31546],[23.54604,35.32053],[23.55324,35.32222],[23.54244,35.33573],[23.54604,35.35599],[23.53884,35.37456],[23.57484,35.43535],[23.56764,35.44717],[23.56044,35.45224],[23.56044,35.45899],[23.57124,35.48432],[23.57844,35.49276],[23.57844,35.50121],[23.56764,35.50627],[23.57124,35.51809],[23.56764,35.52822],[23.58204,35.55186],[23.58564,35.56368],[23.58204,35.5755],[23.60364,35.61265],[23.60724,35.59239],[23.60724,35.55186],[23.62164,35.52485],[23.62524,35.52147],[23.63964,35.51978],[23.63964,35.51134],[23.65044,35.50289],[23.68284,35.49952],[23.70444,35.50289],[23.71884,35.51303],[23.72964,35.52991],[23.72604,35.57381],[23.71524,35.59239],[23.71164,35.60759],[23.72244,35.61772],[23.71164,35.64811],[23.71524,35.66162],[23.74044,35.68695],[23.75124,35.68695],[23.75844,35.68019],[23.78004,35.67175],[23.78004,35.66331],[23.76924,35.65318],[23.76924,35.64136],[23.78004,35.60927],[23.77644,35.58395],[23.79804,35.54511],[23.81604,35.53498],[23.90244,35.52653],[23.92764,35.52147],[23.94564,35.52485],[23.99964,35.51978],[24.02484,35.52147],[24.04644,35.52822],[24.05724,35.55355],[24.09324,35.55355],[24.08244,35.5907],[24.11484,35.60083],[24.16164,35.59745],[24.18324,35.58563],[24.20484,35.54173],[24.20124,35.53498],[24.19404,35.5316],[24.18324,35.51303],[24.14364,35.50627],[24.10404,35.51471],[24.08244,35.51471],[24.06804,35.50627],[24.07164,35.49783],[24.13644,35.47419],[24.16884,35.45561],[24.18684,35.45224],[24.20484,35.45393],[24.22284,35.46068],[24.25164,35.47925],[24.26604,35.41509],[24.26244,35.37794],[24.26604,35.3695],[24.27324,35.36443],[24.29484,35.36443],[24.30204,35.35937],[24.34164,35.34755],[24.42804,35.3695],[24.46404,35.36274],[24.48564,35.37287],[24.56845,35.38469],[24.59365,35.39145],[24.65485,35.41847],[24.69805,35.42691],[24.71965,35.42691],[24.82045,35.4134],[24.84205,35.40327],[24.84925,35.41002],[24.89605,35.42522],[24.95725,35.40327],[24.96805,35.41171],[24.97165,35.42522],[25.01845,35.41509],[25.02925,35.40327],[25.05445,35.40327],[25.04725,35.38638],[25.05445,35.35599],[25.07605,35.34417],[25.15165,35.34417],[25.18045,35.35092],[25.19845,35.34923],[25.21285,35.33741],[25.22005,35.33573],[25.25245,35.33573],[25.30645,35.34248],[25.34605,35.33573],[25.36045,35.34248],[25.36765,35.33573],[25.37485,35.34248],[25.39285,35.32897],[25.40725,35.31208],[25.42525,35.30026],[25.45405,35.29351],[25.48285,35.29689],[25.63766,35.34586],[25.65926,35.34923],[25.67006,35.34755],[25.69166,35.33741],[25.76726,35.33573],[25.74926,35.3104],[25.72406,35.29351],[25.73126,35.28844],[25.72406,35.27156],[25.72766,35.2648],[25.73846,35.25974],[25.73846,35.27662],[25.74206,35.28507],[25.74926,35.28338],[25.76006,35.27494],[25.75286,35.26818],[25.75286,35.2648],[25.76006,35.25974],[25.75286,35.25298],[25.74926,35.25636],[25.73846,35.25467],[25.73126,35.24623],[25.73486,35.23779],[25.72046,35.21077],[25.72406,35.19051],[25.71326,35.18206],[25.71326,35.17362],[25.72046,35.16349],[25.72766,35.1331],[25.75286,35.1331],[25.77086,35.12634],[25.78166,35.1179],[25.79606,35.11452],[25.81766,35.11621],[25.83206,35.12296],[25.84646,35.14998],[25.86086,35.15674],[25.86806,35.15674],[25.88246,35.16518],[25.89686,35.18544],[25.94006,35.18882],[25.98686,35.19726],[26.02646,35.22259],[26.03366,35.22597],[26.05526,35.22766],[26.05886,35.23272],[26.06606,35.23272],[26.08046,35.22428],[26.12006,35.21584],[26.10926,35.2057],[26.13086,35.19557],[26.15606,35.19726],[26.19926,35.21921],[26.19206,35.2209],[26.19206,35.22597],[26.26046,35.28507],[26.29286,35.28844],[26.28566,35.30026],[26.30006,35.30026],[26.29286,35.31546],[26.32166,35.31546]]],[[[15.52876,38.30256],[15.55756,38.30087],[15.61516,38.2806],[15.65116,38.27554],[15.64396,38.26203],[15.62596,38.26203],[15.58276,38.24008],[15.56836,38.22657],[15.56116,38.19955],[15.57556,38.19955],[15.52876,38.13707],[15.49995,38.08473],[15.39195,37.97666],[15.30195,37.86521],[15.28395,37.83313],[15.26595,37.81118],[15.24075,37.79598],[15.21195,37.76221],[15.20835,37.73688],[15.21915,37.71831],[15.21915,37.70649],[15.21555,37.69636],[15.20115,37.68454],[15.19755,37.67609],[15.19755,37.65583],[15.18315,37.62544],[15.17955,37.60348],[15.16515,37.56802],[15.11475,37.52243],[15.09675,37.49373],[15.08955,37.45996],[15.09315,37.36033],[15.09675,37.34344],[15.11115,37.32149],[15.17955,37.2911],[15.21915,37.28434],[15.23715,37.27421],[15.25155,37.25733],[15.26235,37.23369],[15.24435,37.24551],[15.23715,37.24213],[15.21915,37.22018],[15.22275,37.23706],[15.21555,37.24551],[15.20475,37.24551],[15.19395,37.24044],[15.19755,37.22693],[15.18315,37.20667],[15.19395,37.17627],[15.21555,37.15601],[15.23355,37.16445],[15.24795,37.15939],[15.24795,37.15263],[15.22995,37.14926],[15.23355,37.13575],[15.24795,37.11886],[15.26595,37.11042],[15.28755,37.10873],[15.30195,37.10198],[15.30915,37.08678],[15.30195,37.06314],[15.28755,37.06821],[15.28035,37.06145],[15.28395,37.04794],[15.29115,37.04119],[15.31275,37.04457],[15.31995,37.0395],[15.33075,37.02768],[15.33075,37.01079],[15.32355,37.00911],[15.31275,37.01248],[15.30915,37.01755],[15.26955,37.00066],[15.27315,36.99391],[15.26235,36.98715],[15.26955,36.9804],[15.26955,36.97364],[15.24435,36.97196],[15.21195,36.95676],[15.19755,36.95338],[15.17595,36.94325],[15.15795,36.92468],[15.10755,36.81998],[15.10755,36.80816],[15.09315,36.79972],[15.10035,36.77946],[15.11835,36.74738],[15.13635,36.68828],[15.13275,36.67477],[15.11475,36.65957],[15.09315,36.6545],[15.07515,36.65957],[15.05355,36.67139],[15.03195,36.69334],[15.02115,36.7001],[15.00675,36.70347],[14.99955,36.70178],[14.98155,36.68828],[14.95635,36.69841],[14.92035,36.72036],[14.88075,36.73049],[14.84835,36.72542],[14.77995,36.7001],[14.77635,36.70854],[14.77275,36.71023],[14.76195,36.70685],[14.74395,36.71867],[14.68635,36.72542],[14.67195,36.744],[14.65755,36.75413],[14.58195,36.78115],[14.56755,36.77777],[14.48834,36.79297],[14.47754,36.80479],[14.39474,36.94494],[14.36954,36.97364],[14.27954,37.04457],[14.20754,37.08171],[14.12474,37.11211],[14.08874,37.11717],[13.97714,37.11042],[13.96634,37.10873],[13.93754,37.09522],[13.89434,37.10029],[13.83314,37.13913],[13.79354,37.15263],[13.75034,37.15939],[13.71434,37.17121],[13.68194,37.18978],[13.59914,37.25733],[13.57034,37.27421],[13.53434,37.28265],[13.48753,37.28772],[13.45153,37.29954],[13.37233,37.34682],[13.32913,37.36708],[13.31113,37.38059],[13.27873,37.3941],[13.25353,37.43125],[13.22473,37.44645],[13.20673,37.46333],[13.18873,37.47009],[13.17433,37.48697],[13.05193,37.50048],[13.02673,37.49373],[13.01593,37.4971],[13.00873,37.50724],[13.00153,37.53594],[12.97273,37.55789],[12.94393,37.56802],[12.86113,37.57647],[12.78193,37.57478],[12.69913,37.56296],[12.65953,37.56465],[12.63793,37.58153],[12.59473,37.63726],[12.57673,37.65245],[12.56233,37.65752],[12.52273,37.65752],[12.50473,37.66596],[12.46512,37.72],[12.45792,37.74701],[12.45792,37.76052],[12.42552,37.79767],[12.42912,37.80949],[12.44352,37.81625],[12.44712,37.81118],[12.46512,37.823],[12.46152,37.82638],[12.47952,37.88041],[12.46512,37.90574],[12.46512,37.91418],[12.46872,37.91587],[12.49032,37.95471],[12.50473,37.99692],[12.50473,38.01043],[12.49392,38.02225],[12.52273,38.03069],[12.54793,38.05433],[12.57673,38.07122],[12.60913,38.06278],[12.65233,38.09148],[12.65593,38.10668],[12.66313,38.11681],[12.70633,38.11006],[12.72433,38.12525],[12.72073,38.17591],[12.73153,38.1928],[12.73873,38.18098],[12.76033,38.18098],[12.78913,38.11681],[12.81793,38.07797],[12.82873,38.06953],[12.85753,38.0594],[12.86833,38.05096],[12.86833,38.04251],[12.90073,38.02732],[12.94393,38.03238],[13.02673,38.06278],[13.06273,38.08304],[13.06993,38.09148],[13.06993,38.11343],[13.06633,38.12357],[13.05553,38.13201],[13.05553,38.14214],[13.08793,38.16578],[13.08433,38.17422],[13.08793,38.18267],[13.10233,38.18942],[13.11313,38.1928],[13.15633,38.17929],[13.20673,38.17591],[13.23193,38.18435],[13.23913,38.20631],[13.25353,38.20293],[13.26433,38.20462],[13.31833,38.21981],[13.32553,38.21137],[13.32913,38.19955],[13.37233,38.17253],[13.37233,38.14045],[13.39033,38.1033],[13.51274,38.11006],[13.54154,38.09486],[13.53794,38.07629],[13.54874,38.05602],[13.55594,38.04927],[13.58834,38.03914],[13.62074,38.0155],[13.64954,38.0003],[13.69634,37.99355],[13.71074,37.98848],[13.70354,37.98004],[13.72514,37.98173],[13.78994,37.97328],[13.81154,37.97835],[13.85834,37.99692],[13.89794,38.00368],[13.92314,38.02225],[13.93754,38.02901],[14.00594,38.03745],[14.02034,38.04927],[14.08154,38.02394],[14.12114,38.02225],[14.14994,38.02901],[14.27234,38.0155],[14.32994,38.01719],[14.38394,38.02901],[14.43074,38.04927],[14.46314,38.03745],[14.50995,38.0442],[14.63595,38.08135],[14.66835,38.09993],[14.69715,38.12188],[14.73315,38.15734],[14.74395,38.16071],[14.79795,38.16071],[14.87355,38.17591],[14.90595,38.18773],[14.93475,38.18604],[14.94555,38.18098],[14.97075,38.15903],[15.00675,38.15227],[15.04995,38.15227],[15.06795,38.13201],[15.08955,38.12863],[15.17595,38.15565],[15.20475,38.18267],[15.24075,38.24177],[15.23715,38.24852],[15.24075,38.26203],[15.23715,38.26541],[15.24435,38.26541],[15.24795,38.25359],[15.24075,38.22995],[15.24435,38.21644],[15.25875,38.20968],[15.29115,38.20631],[15.31995,38.21137],[15.39915,38.23332],[15.43515,38.25359],[15.47115,38.2671],[15.51436,38.29749],[15.52876,38.30256]]],[[[9.7939,40.55681],[9.8263,40.52979],[9.8263,40.51966],[9.8155,40.50277],[9.8083,40.47069],[9.8011,40.45549],[9.7795,40.42679],[9.7615,40.39133],[9.7507,40.37782],[9.7111,40.366],[9.6715,40.31196],[9.6463,40.29677],[9.6247,40.26299],[9.6283,40.20558],[9.6535,40.14479],[9.6643,40.13128],[9.6895,40.12115],[9.7111,40.09582],[9.7327,40.084],[9.7291,40.06881],[9.6931,39.99282],[9.6859,39.96074],[9.6967,39.93372],[9.7111,39.94048],[9.7147,39.94048],[9.7183,39.93372],[9.7147,39.92528],[9.6967,39.92021],[9.6823,39.88306],[9.6895,39.87124],[9.6823,39.87124],[9.6823,39.86618],[9.6967,39.85773],[9.6967,39.85267],[9.6751,39.8189],[9.6679,39.76993],[9.6751,39.73278],[9.6751,39.70745],[9.6643,39.69057],[9.6643,39.67706],[9.6499,39.65173],[9.6571,39.59432],[9.6535,39.5673],[9.6283,39.50145],[9.6463,39.48456],[9.6391,39.45248],[9.6139,39.40013],[9.5995,39.34103],[9.6031,39.32583],[9.6103,39.31739],[9.6355,39.30388],[9.6355,39.29713],[9.6067,39.28868],[9.5815,39.26673],[9.5671,39.23803],[9.5743,39.21439],[9.5671,39.20426],[9.5671,39.19919],[9.5815,39.18737],[9.5671,39.15866],[9.5671,39.14853],[9.5563,39.14009],[9.5239,39.12489],[9.5203,39.10463],[9.5059,39.11138],[9.5059,39.11645],[9.5131,39.12489],[9.49509,39.13334],[9.48069,39.13502],[9.45189,39.12489],[9.44109,39.12489],[9.43749,39.13334],[9.40869,39.14684],[9.38349,39.1688],[9.33669,39.20088],[9.31149,39.20763],[9.29349,39.22114],[9.28629,39.21439],[9.27189,39.22114],[9.21789,39.2279],[9.19629,39.22114],[9.18189,39.20763],[9.16749,39.18737],[9.13869,39.19412],[9.11349,39.21101],[9.07389,39.24816],[9.06309,39.24309],[9.04869,39.2566],[9.03789,39.26167],[9.02349,39.26504],[9.01269,39.26336],[9.01269,39.25998],[9.02709,39.2566],[9.02709,39.24816],[9.01989,39.23972],[9.03429,39.23296],[9.03789,39.2279],[9.04869,39.22621],[9.07389,39.22958],[9.08109,39.22452],[9.08109,39.21608],[9.03789,39.17893],[9.02709,39.16542],[9.01989,39.14684],[9.01629,39.1232],[9.02349,39.08606],[9.03069,39.06917],[9.04509,39.05904],[9.04509,39.05059],[9.03069,39.03033],[9.01989,38.99487],[9.02709,38.99487],[9.01629,38.98981],[9.00549,38.99487],[8.99469,38.98305],[8.89389,38.902],[8.87589,38.89862],[8.86149,38.88174],[8.85429,38.87836],[8.83989,38.88005],[8.80389,38.90538],[8.80389,38.88511],[8.78949,38.90369],[8.76789,38.92057],[8.73909,38.93071],[8.71749,38.93239],[8.69589,38.92564],[8.66709,38.91044],[8.65269,38.89187],[8.65629,38.87161],[8.64189,38.86485],[8.63469,38.87161],[8.64189,38.89018],[8.63469,38.89525],[8.59869,38.89862],[8.59869,38.90538],[8.61669,38.92226],[8.61669,38.94759],[8.60229,38.96448],[8.58069,38.9611],[8.57349,39.01345],[8.55909,39.05735],[8.55189,39.05735],[8.54469,39.05059],[8.51949,39.06073],[8.50509,39.06242],[8.51949,39.08268],[8.50509,39.09112],[8.48348,39.08099],[8.47628,39.09112],[8.47268,39.10801],[8.46548,39.11983],[8.45468,39.12489],[8.44388,39.11814],[8.43668,39.12827],[8.44028,39.1536],[8.43668,39.16542],[8.42948,39.17386],[8.41868,39.17724],[8.41148,39.17555],[8.41508,39.16542],[8.40788,39.1688],[8.40068,39.18062],[8.39708,39.20088],[8.37908,39.20763],[8.37188,39.22283],[8.37548,39.23803],[8.42588,39.28362],[8.43308,39.30219],[8.41508,39.32414],[8.41868,39.33934],[8.38268,39.3596],[8.37548,39.37818],[8.37908,39.38831],[8.39708,39.40351],[8.40428,39.42715],[8.40428,39.43559],[8.38628,39.46936],[8.39348,39.48118],[8.43668,39.52509],[8.46188,39.57743],[8.45468,39.58419],[8.46548,39.59769],[8.45108,39.65848],[8.44748,39.70407],[8.44388,39.71421],[8.44748,39.73109],[8.44388,39.75642],[8.44748,39.76317],[8.46908,39.75473],[8.51589,39.70239],[8.53749,39.69563],[8.56629,39.7007],[8.51589,39.71421],[8.50509,39.72096],[8.50509,39.73785],[8.54469,39.78344],[8.53749,39.78344],[8.53029,39.76993],[8.51949,39.76317],[8.54109,39.7885],[8.55189,39.82059],[8.55549,39.85267],[8.54469,39.878],[8.52309,39.89826],[8.49428,39.91177],[8.46188,39.91346],[8.43668,39.89826],[8.44388,39.8932],[8.44388,39.89826],[8.46188,39.89826],[8.45108,39.8932],[8.44388,39.88306],[8.43668,39.85773],[8.42948,39.86618],[8.43668,39.87631],[8.40428,39.90333],[8.39708,39.90502],[8.39348,39.91346],[8.39348,39.92021],[8.40068,39.93372],[8.39348,39.98776],[8.40788,40.00971],[8.40788,40.02153],[8.39348,40.03672],[8.37908,40.02997],[8.37548,40.03335],[8.40068,40.05023],[8.43308,40.05023],[8.46908,40.06205],[8.47988,40.07387],[8.49068,40.10427],[8.46188,40.16337],[8.45828,40.21571],[8.47628,40.26299],[8.47628,40.2917],[8.46188,40.31534],[8.44028,40.33223],[8.41508,40.34573],[8.40788,40.33729],[8.38628,40.35249],[8.38268,40.37106],[8.39348,40.42341],[8.38988,40.44198],[8.37908,40.469],[8.36468,40.49264],[8.33228,40.51121],[8.31068,40.57876],[8.29268,40.59564],[8.26748,40.59395],[8.21708,40.57031],[8.19548,40.57876],[8.21708,40.61253],[8.19188,40.61759],[8.17748,40.60577],[8.16668,40.5872],[8.16308,40.56356],[8.15228,40.57707],[8.14148,40.62435],[8.17388,40.64123],[8.18468,40.65643],[8.18828,40.68007],[8.19188,40.68007],[8.19908,40.69189],[8.17388,40.69696],[8.14508,40.72566],[8.13428,40.72904],[8.21708,40.88101],[8.21708,40.89959],[8.20988,40.91478],[8.19188,40.91985],[8.17748,40.92829],[8.18108,40.94518],[8.19188,40.96375],[8.20268,40.97557],[8.20988,40.97557],[8.21348,40.96375],[8.22788,40.96206],[8.23508,40.95531],[8.22788,40.92154],[8.23148,40.90972],[8.27828,40.86582],[8.31068,40.85062],[8.42228,40.8388],[8.47628,40.82698],[8.51949,40.82698],[8.59869,40.85231],[8.63469,40.88101],[8.64189,40.89621],[8.71029,40.91985],[8.74989,40.91985],[8.76429,40.9131],[8.82189,40.94687],[8.83989,40.96206],[8.87589,41.00766],[8.88669,41.0161],[8.88669,41.02116],[8.87949,41.02285],[8.92269,41.03636],[8.94069,41.06169],[8.97669,41.08195],[8.99109,41.09715],[9.00549,41.12248],[9.02349,41.12923],[9.10629,41.13937],[9.13509,41.15963],[9.14229,41.15287],[9.15669,41.16807],[9.16389,41.18496],[9.16389,41.22548],[9.17109,41.24237],[9.18909,41.25081],[9.23229,41.26263],[9.23229,41.25419],[9.24669,41.24743],[9.25749,41.24912],[9.26829,41.2373],[9.26829,41.20184],[9.27909,41.19509],[9.27189,41.20522],[9.27909,41.22211],[9.28629,41.22211],[9.28989,41.2086],[9.28629,41.19509],[9.30069,41.19678],[9.31149,41.20184],[9.31509,41.19678],[9.33309,41.18833],[9.33669,41.21197],[9.35109,41.20691],[9.38709,41.17989],[9.38709,41.18833],[9.41229,41.17989],[9.42309,41.17989],[9.42309,41.17483],[9.41589,41.17145],[9.40869,41.15963],[9.41949,41.15625],[9.44109,41.13261],[9.43749,41.12586],[9.44109,41.09208],[9.45909,41.12079],[9.46989,41.12586],[9.46629,41.1343],[9.45549,41.14105],[9.46989,41.14612],[9.5095,41.14105],[9.5167,41.1495],[9.5239,41.1495],[9.5311,41.14105],[9.5239,41.13261],[9.5455,41.12079],[9.5527,41.12586],[9.5599,41.12586],[9.5599,41.12248],[9.5671,41.1191],[9.5635,41.09715],[9.5455,41.07689],[9.5455,41.08195],[9.5383,41.09208],[9.5203,41.0313],[9.5131,41.0161],[9.5311,41.0161],[9.5239,41.0313],[9.5419,41.03636],[9.5527,41.03467],[9.5563,41.02454],[9.5527,41.00934],[9.5599,41.01103],[9.5599,41.0161],[9.5671,41.00934],[9.5743,41.00934],[9.5887,41.02116],[9.6175,41.01948],[9.6643,41.00259],[9.6499,40.99077],[9.6031,41.00259],[9.5887,40.99584],[9.5815,40.98064],[9.5779,40.96206],[9.5671,40.94856],[9.5707,40.93505],[9.5563,40.93167],[9.5131,40.93505],[9.5095,40.92998],[9.5131,40.92829],[9.5059,40.9266],[9.5131,40.91478],[9.5203,40.91478],[9.5275,40.91985],[9.5383,40.91985],[9.5743,40.90634],[9.5923,40.90972],[9.6211,40.92323],[9.6427,40.91985],[9.6319,40.90465],[9.6139,40.89959],[9.6139,40.89283],[9.6571,40.87595],[9.6571,40.86413],[9.6643,40.85906],[9.6715,40.85906],[9.6823,40.86582],[9.6895,40.85568],[9.7111,40.84724],[9.7255,40.84555],[9.6895,40.83542],[9.6823,40.83036],[9.6895,40.81685],[9.6895,40.81009],[9.6751,40.81347],[9.6607,40.8084],[9.6571,40.79996],[9.6679,40.78983],[9.6715,40.80165],[9.6751,40.78814],[9.7039,40.75944],[9.7111,40.74593],[9.7147,40.72735],[9.7435,40.68007],[9.7543,40.60577],[9.7615,40.5872],[9.7831,40.58213],[9.7867,40.56694],[9.7939,40.55681]]],[[[8.56629,42.20823],[8.57349,42.22005],[8.54469,42.23356],[8.54829,42.24201],[8.58789,42.24369],[8.60949,42.25383],[8.65269,42.26058],[8.67429,42.27071],[8.68869,42.2724],[8.68869,42.28084],[8.67069,42.29097],[8.63469,42.30448],[8.63109,42.30786],[8.63109,42.31461],[8.62389,42.31968],[8.60949,42.30955],[8.60229,42.31461],[8.59869,42.32137],[8.63469,42.33825],[8.61309,42.35176],[8.59149,42.35176],[8.55189,42.33825],[8.55909,42.3467],[8.55189,42.35514],[8.54829,42.37709],[8.55189,42.38722],[8.55909,42.38216],[8.58069,42.38554],[8.58789,42.39229],[8.59869,42.38722],[8.60229,42.39229],[8.60229,42.40073],[8.61309,42.41593],[8.62029,42.41931],[8.65269,42.42268],[8.65989,42.42944],[8.65989,42.45139],[8.67789,42.47165],[8.67069,42.47672],[8.65989,42.47672],[8.65629,42.4801],[8.66709,42.51049],[8.69589,42.52738],[8.71749,42.53075],[8.71029,42.54088],[8.71749,42.56284],[8.71029,42.57128],[8.71029,42.57972],[8.72109,42.57634],[8.72469,42.56621],[8.73909,42.57297],[8.77149,42.55777],[8.78589,42.56284],[8.80029,42.57128],[8.80749,42.58479],[8.81109,42.59998],[8.80389,42.60674],[8.84349,42.60843],[8.90829,42.63207],[9.01989,42.65064],[9.04869,42.66246],[9.05229,42.68104],[9.10629,42.72663],[9.11709,42.73169],[9.16389,42.73507],[9.23589,42.72325],[9.27189,42.70299],[9.28629,42.67428],[9.29349,42.67428],[9.32949,42.71987],[9.34389,42.74858],[9.33309,42.77053],[9.34029,42.79079],[9.33669,42.80768],[9.30429,42.83976],[9.33309,42.86678],[9.33309,42.87522],[9.32589,42.88535],[9.32949,42.90393],[9.36189,42.92926],[9.35469,42.93601],[9.36189,42.94952],[9.35109,42.95796],[9.34029,42.99005],[9.34749,43.00355],[9.36189,43.012],[9.40509,43.012],[9.42309,43.01706],[9.43389,43.00355],[9.46269,42.99005],[9.46269,42.98329],[9.45549,42.97485],[9.45549,42.96303],[9.45909,42.9529],[9.46989,42.94277],[9.46629,42.92419],[9.48429,42.83301],[9.48429,42.80261],[9.45189,42.70805],[9.44829,42.68272],[9.45189,42.65402],[9.44469,42.64895],[9.44109,42.64051],[9.45549,42.63376],[9.46269,42.62025],[9.46269,42.61518],[9.45549,42.60674],[9.46629,42.60167],[9.46989,42.58648],[9.47709,42.57972],[9.48429,42.57466],[9.5131,42.56621],[9.5059,42.58648],[9.48789,42.6118],[9.5203,42.58141],[9.5275,42.56284],[9.5311,42.54426],[9.5311,42.48685],[9.5347,42.45646],[9.5455,42.4345],[9.5383,42.42268],[9.5347,42.40749],[9.5311,42.37372],[9.5563,42.31461],[9.5599,42.29435],[9.5527,42.1694],[9.5599,42.14576],[9.5563,42.139],[9.5563,42.12043],[9.5455,42.10354],[9.5203,42.08497],[9.49149,42.04782],[9.40149,41.95326],[9.40149,41.9178],[9.39429,41.84857],[9.40149,41.77934],[9.40149,41.70673],[9.39789,41.70166],[9.37989,41.69322],[9.36549,41.67464],[9.37989,41.67464],[9.37269,41.64594],[9.36189,41.64087],[9.34389,41.64087],[9.34749,41.61892],[9.31869,41.62736],[9.29349,41.62568],[9.29349,41.61723],[9.28269,41.6071],[9.27909,41.59866],[9.29349,41.5919],[9.32589,41.60204],[9.34389,41.60372],[9.35469,41.59528],[9.35109,41.58177],[9.34029,41.56995],[9.32589,41.56151],[9.30789,41.55813],[9.28269,41.5328],[9.26469,41.53112],[9.26829,41.52436],[9.26829,41.50916],[9.26469,41.50241],[9.27549,41.49903],[9.27909,41.49228],[9.27549,41.48215],[9.26469,41.47539],[9.27189,41.46864],[9.25389,41.46357],[9.22869,41.45006],[9.21069,41.44837],[9.21069,41.44162],[9.22149,41.43487],[9.22509,41.42811],[9.22149,41.41967],[9.21069,41.41291],[9.21069,41.40785],[9.25029,41.42811],[9.23949,41.39603],[9.22149,41.37239],[9.20709,41.36563],[9.19269,41.36901],[9.16749,41.3859],[9.15309,41.39096],[9.12069,41.39434],[9.09549,41.40278],[9.10629,41.4298],[9.12069,41.43487],[9.10629,41.445],[9.08109,41.45344],[9.06669,41.46188],[9.08109,41.47539],[9.08109,41.48215],[9.06669,41.47877],[9.03789,41.46188],[9.03069,41.46864],[9.03789,41.47201],[9.03789,41.47539],[9.02709,41.4737],[9.01989,41.46864],[9.00189,41.48383],[8.95149,41.49228],[8.93709,41.4889],[8.90829,41.50747],[8.88309,41.51085],[8.87949,41.51929],[8.86509,41.52605],[8.84709,41.52605],[8.83989,41.53112],[8.85429,41.53787],[8.85429,41.54462],[8.83269,41.55138],[8.82549,41.54969],[8.79669,41.55644],[8.79309,41.56151],[8.79669,41.58008],[8.79309,41.58684],[8.77869,41.5919],[8.80029,41.63918],[8.81829,41.63243],[8.87229,41.651],[8.88669,41.67127],[8.91189,41.68309],[8.92269,41.69491],[8.89749,41.69491],[8.83629,41.70842],[8.78949,41.71179],[8.77509,41.72192],[8.78589,41.74219],[8.76069,41.74219],[8.71749,41.73037],[8.69589,41.72868],[8.70309,41.74219],[8.67789,41.74388],[8.65629,41.75063],[8.66709,41.7557],[8.69589,41.75738],[8.71029,41.76414],[8.72109,41.78271],[8.72109,41.79116],[8.71029,41.79622],[8.71029,41.80466],[8.73189,41.80466],[8.75349,41.80973],[8.78589,41.82493],[8.77149,41.84012],[8.74989,41.84519],[8.79309,41.8587],[8.78229,41.8739],[8.77869,41.87221],[8.78949,41.8874],[8.79309,41.8874],[8.79309,41.89247],[8.80389,41.90091],[8.80389,41.90767],[8.79309,41.91442],[8.78229,41.92962],[8.76429,41.93468],[8.74269,41.933],[8.71029,41.91949],[8.68869,41.91442],[8.63109,41.90936],[8.61309,41.90091],[8.60589,41.91442],[8.62029,41.93131],[8.61309,41.94482],[8.58789,41.96846],[8.63469,41.97183],[8.65629,41.97859],[8.66709,41.99716],[8.65629,42.00223],[8.66349,42.01405],[8.68509,42.02587],[8.74269,42.04444],[8.74629,42.05626],[8.72469,42.07146],[8.69949,42.10861],[8.68869,42.11199],[8.65989,42.10523],[8.64909,42.12212],[8.63109,42.13056],[8.58789,42.13394],[8.59509,42.14576],[8.57709,42.1542],[8.55909,42.1542],[8.56989,42.15589],[8.59509,42.16771],[8.59509,42.17446],[8.56629,42.17446],[8.56629,42.18122],[8.57709,42.18459],[8.58069,42.19473],[8.57709,42.20486],[8.56629,42.20823]]]]}}]}